recording,label_abnormal,test_fold
data/NMT_preprocessed/train/normal/0000001.npy,0,1
data/NMT_preprocessed/train/normal/0000003.npy,0,2
data/NMT_preprocessed/train/normal/0000005.npy,0,3
data/NMT_preprocessed/train/normal/0000006.npy,0,0
data/NMT_preprocessed/train/normal/0000007.npy,0,1
data/NMT_preprocessed/train/normal/0000010.npy,0,1
data/NMT_preprocessed/train/normal/0000011.npy,0,1
data/NMT_preprocessed/train/normal/0000013.npy,0,4
data/NMT_preprocessed/train/normal/0000014.npy,0,2
data/NMT_preprocessed/train/normal/0000015.npy,0,0
data/NMT_preprocessed/train/normal/0000016.npy,0,3
data/NMT_preprocessed/train/normal/0000018.npy,0,1
data/NMT_preprocessed/train/normal/0000019.npy,0,3
data/NMT_preprocessed/train/normal/0000020.npy,0,3
data/NMT_preprocessed/train/normal/0000021.npy,0,3
data/NMT_preprocessed/train/normal/0000022.npy,0,0
data/NMT_preprocessed/train/normal/0000023.npy,0,1
data/NMT_preprocessed/train/normal/0000026.npy,0,1
data/NMT_preprocessed/train/normal/0000027.npy,0,2
data/NMT_preprocessed/train/normal/0000028.npy,0,2
data/NMT_preprocessed/train/normal/0000029.npy,0,2
data/NMT_preprocessed/train/normal/0000030.npy,0,3
data/NMT_preprocessed/train/normal/0000031.npy,0,2
data/NMT_preprocessed/train/normal/0000032.npy,0,0
data/NMT_preprocessed/train/normal/0000033.npy,0,0
data/NMT_preprocessed/train/normal/0000034.npy,0,3
data/NMT_preprocessed/train/normal/0000035.npy,0,0
data/NMT_preprocessed/train/normal/0000037.npy,0,4
data/NMT_preprocessed/train/normal/0000038.npy,0,3
data/NMT_preprocessed/train/normal/0000039.npy,0,1
data/NMT_preprocessed/train/normal/0000042.npy,0,2
data/NMT_preprocessed/train/normal/0000043.npy,0,3
data/NMT_preprocessed/train/normal/0000048.npy,0,3
data/NMT_preprocessed/train/normal/0000049.npy,0,1
data/NMT_preprocessed/train/normal/0000050.npy,0,1
data/NMT_preprocessed/train/normal/0000051.npy,0,0
data/NMT_preprocessed/train/normal/0000053.npy,0,4
data/NMT_preprocessed/train/normal/0000054.npy,0,1
data/NMT_preprocessed/train/normal/0000055.npy,0,2
data/NMT_preprocessed/train/normal/0000056.npy,0,2
data/NMT_preprocessed/train/normal/0000057.npy,0,0
data/NMT_preprocessed/train/normal/0000058.npy,0,3
data/NMT_preprocessed/train/normal/0000059.npy,0,2
data/NMT_preprocessed/train/normal/0000060.npy,0,4
data/NMT_preprocessed/train/normal/0000061.npy,0,0
data/NMT_preprocessed/train/normal/0000062.npy,0,0
data/NMT_preprocessed/train/normal/0000063.npy,0,1
data/NMT_preprocessed/train/normal/0000064.npy,0,4
data/NMT_preprocessed/train/normal/0000065.npy,0,3
data/NMT_preprocessed/train/normal/0000066.npy,0,2
data/NMT_preprocessed/train/normal/0000067.npy,0,3
data/NMT_preprocessed/train/normal/0000068.npy,0,0
data/NMT_preprocessed/train/normal/0000069.npy,0,3
data/NMT_preprocessed/train/normal/0000070.npy,0,0
data/NMT_preprocessed/train/normal/0000073.npy,0,1
data/NMT_preprocessed/train/normal/0000075.npy,0,2
data/NMT_preprocessed/train/normal/0000078.npy,0,4
data/NMT_preprocessed/train/normal/0000081.npy,0,2
data/NMT_preprocessed/train/normal/0000082.npy,0,1
data/NMT_preprocessed/train/normal/0000083.npy,0,2
data/NMT_preprocessed/train/normal/0000084.npy,0,2
data/NMT_preprocessed/train/normal/0000085.npy,0,3
data/NMT_preprocessed/train/normal/0000086.npy,0,1
data/NMT_preprocessed/train/normal/0000087.npy,0,4
data/NMT_preprocessed/train/normal/0000089.npy,0,3
data/NMT_preprocessed/train/normal/0000091.npy,0,0
data/NMT_preprocessed/train/normal/0000092.npy,0,0
data/NMT_preprocessed/train/normal/0000095.npy,0,2
data/NMT_preprocessed/train/normal/0000096.npy,0,2
data/NMT_preprocessed/train/normal/0000097.npy,0,0
data/NMT_preprocessed/train/normal/0000098.npy,0,0
data/NMT_preprocessed/train/normal/0000100.npy,0,3
data/NMT_preprocessed/train/normal/0000101.npy,0,2
data/NMT_preprocessed/train/normal/0000102.npy,0,0
data/NMT_preprocessed/train/normal/0000103.npy,0,1
data/NMT_preprocessed/train/normal/0000104.npy,0,1
data/NMT_preprocessed/train/normal/0000105.npy,0,4
data/NMT_preprocessed/train/normal/0000106.npy,0,1
data/NMT_preprocessed/train/normal/0000107.npy,0,4
data/NMT_preprocessed/train/normal/0000109.npy,0,0
data/NMT_preprocessed/train/normal/0000110.npy,0,2
data/NMT_preprocessed/train/normal/0000111.npy,0,1
data/NMT_preprocessed/train/normal/0000112.npy,0,0
data/NMT_preprocessed/train/normal/0000113.npy,0,4
data/NMT_preprocessed/train/normal/0000114.npy,0,4
data/NMT_preprocessed/train/normal/0000118.npy,0,1
data/NMT_preprocessed/train/normal/0000119.npy,0,3
data/NMT_preprocessed/train/normal/0000120.npy,0,4
data/NMT_preprocessed/train/normal/0000121.npy,0,0
data/NMT_preprocessed/train/normal/0000122.npy,0,4
data/NMT_preprocessed/train/normal/0000125.npy,0,1
data/NMT_preprocessed/train/normal/0000126.npy,0,0
data/NMT_preprocessed/train/normal/0000127.npy,0,0
data/NMT_preprocessed/train/normal/0000128.npy,0,3
data/NMT_preprocessed/train/normal/0000129.npy,0,3
data/NMT_preprocessed/train/normal/0000130.npy,0,4
data/NMT_preprocessed/train/normal/0000131.npy,0,4
data/NMT_preprocessed/train/normal/0000132.npy,0,3
data/NMT_preprocessed/train/normal/0000133.npy,0,0
data/NMT_preprocessed/train/normal/0000134.npy,0,4
data/NMT_preprocessed/train/normal/0000135.npy,0,3
data/NMT_preprocessed/train/normal/0000136.npy,0,1
data/NMT_preprocessed/train/normal/0000137.npy,0,2
data/NMT_preprocessed/train/normal/0000138.npy,0,3
data/NMT_preprocessed/train/normal/0000139.npy,0,2
data/NMT_preprocessed/train/normal/0000141.npy,0,0
data/NMT_preprocessed/train/normal/0000142.npy,0,0
data/NMT_preprocessed/train/normal/0000143.npy,0,2
data/NMT_preprocessed/train/normal/0000144.npy,0,1
data/NMT_preprocessed/train/normal/0000145.npy,0,0
data/NMT_preprocessed/train/normal/0000146.npy,0,1
data/NMT_preprocessed/train/normal/0000147.npy,0,2
data/NMT_preprocessed/train/normal/0000148.npy,0,0
data/NMT_preprocessed/train/normal/0000149.npy,0,0
data/NMT_preprocessed/train/normal/0000150.npy,0,4
data/NMT_preprocessed/train/normal/0000152.npy,0,0
data/NMT_preprocessed/train/normal/0000153.npy,0,3
data/NMT_preprocessed/train/normal/0000155.npy,0,2
data/NMT_preprocessed/train/normal/0000157.npy,0,0
data/NMT_preprocessed/train/normal/0000158.npy,0,4
data/NMT_preprocessed/train/normal/0000159.npy,0,0
data/NMT_preprocessed/train/normal/0000160.npy,0,0
data/NMT_preprocessed/train/normal/0000163.npy,0,0
data/NMT_preprocessed/train/normal/0000165.npy,0,3
data/NMT_preprocessed/train/normal/0000166.npy,0,2
data/NMT_preprocessed/train/normal/0000168.npy,0,2
data/NMT_preprocessed/train/normal/0000169.npy,0,2
data/NMT_preprocessed/train/normal/0000170.npy,0,2
data/NMT_preprocessed/train/normal/0000171.npy,0,3
data/NMT_preprocessed/train/normal/0000172.npy,0,3
data/NMT_preprocessed/train/normal/0000173.npy,0,2
data/NMT_preprocessed/train/normal/0000174.npy,0,3
data/NMT_preprocessed/train/normal/0000175.npy,0,3
data/NMT_preprocessed/train/normal/0000176.npy,0,3
data/NMT_preprocessed/train/normal/0000177.npy,0,4
data/NMT_preprocessed/train/normal/0000178.npy,0,4
data/NMT_preprocessed/train/normal/0000179.npy,0,1
data/NMT_preprocessed/train/normal/0000180.npy,0,0
data/NMT_preprocessed/train/normal/0000181.npy,0,3
data/NMT_preprocessed/train/normal/0000183.npy,0,2
data/NMT_preprocessed/train/normal/0000184.npy,0,0
data/NMT_preprocessed/train/normal/0000185.npy,0,2
data/NMT_preprocessed/train/normal/0000186.npy,0,3
data/NMT_preprocessed/train/normal/0000187.npy,0,4
data/NMT_preprocessed/train/normal/0000189.npy,0,1
data/NMT_preprocessed/train/normal/0000190.npy,0,0
data/NMT_preprocessed/train/normal/0000191.npy,0,3
data/NMT_preprocessed/train/normal/0000192.npy,0,0
data/NMT_preprocessed/train/normal/0000193.npy,0,0
data/NMT_preprocessed/train/normal/0000195.npy,0,3
data/NMT_preprocessed/train/normal/0000196.npy,0,3
data/NMT_preprocessed/train/normal/0000197.npy,0,3
data/NMT_preprocessed/train/normal/0000198.npy,0,2
data/NMT_preprocessed/train/normal/0000199.npy,0,0
data/NMT_preprocessed/train/normal/0000201.npy,0,0
data/NMT_preprocessed/train/normal/0000202.npy,0,0
data/NMT_preprocessed/train/normal/0000205.npy,0,2
data/NMT_preprocessed/train/normal/0000208.npy,0,3
data/NMT_preprocessed/train/normal/0000209.npy,0,2
data/NMT_preprocessed/train/normal/0000210.npy,0,1
data/NMT_preprocessed/train/normal/0000213.npy,0,2
data/NMT_preprocessed/train/normal/0000216.npy,0,3
data/NMT_preprocessed/train/normal/0000219.npy,0,2
data/NMT_preprocessed/train/normal/0000220.npy,0,4
data/NMT_preprocessed/train/normal/0000223.npy,0,3
data/NMT_preprocessed/train/normal/0000226.npy,0,4
data/NMT_preprocessed/train/normal/0000227.npy,0,4
data/NMT_preprocessed/train/normal/0000228.npy,0,3
data/NMT_preprocessed/train/normal/0000229.npy,0,4
data/NMT_preprocessed/train/normal/0000230.npy,0,0
data/NMT_preprocessed/train/normal/0000231.npy,0,4
data/NMT_preprocessed/train/normal/0000232.npy,0,3
data/NMT_preprocessed/train/normal/0000233.npy,0,0
data/NMT_preprocessed/train/normal/0000234.npy,0,0
data/NMT_preprocessed/train/normal/0000235.npy,0,1
data/NMT_preprocessed/train/normal/0000236.npy,0,0
data/NMT_preprocessed/train/normal/0000238.npy,0,1
data/NMT_preprocessed/train/normal/0000239.npy,0,2
data/NMT_preprocessed/train/normal/0000242.npy,0,1
data/NMT_preprocessed/train/normal/0000243.npy,0,4
data/NMT_preprocessed/train/normal/0000244.npy,0,3
data/NMT_preprocessed/train/normal/0000245.npy,0,3
data/NMT_preprocessed/train/normal/0000247.npy,0,0
data/NMT_preprocessed/train/normal/0000249.npy,0,1
data/NMT_preprocessed/train/normal/0000250.npy,0,4
data/NMT_preprocessed/train/normal/0000251.npy,0,4
data/NMT_preprocessed/train/normal/0000252.npy,0,1
data/NMT_preprocessed/train/normal/0000253.npy,0,1
data/NMT_preprocessed/train/normal/0000257.npy,0,0
data/NMT_preprocessed/train/normal/0000259.npy,0,3
data/NMT_preprocessed/train/normal/0000260.npy,0,3
data/NMT_preprocessed/train/normal/0000261.npy,0,4
data/NMT_preprocessed/train/normal/0000262.npy,0,3
data/NMT_preprocessed/train/normal/0000263.npy,0,0
data/NMT_preprocessed/train/normal/0000265.npy,0,4
data/NMT_preprocessed/train/normal/0000266.npy,0,3
data/NMT_preprocessed/train/normal/0000267.npy,0,2
data/NMT_preprocessed/train/normal/0000269.npy,0,4
data/NMT_preprocessed/train/normal/0000270.npy,0,0
data/NMT_preprocessed/train/normal/0000271.npy,0,2
data/NMT_preprocessed/train/normal/0000272.npy,0,3
data/NMT_preprocessed/train/normal/0000273.npy,0,1
data/NMT_preprocessed/train/normal/0000275.npy,0,1
data/NMT_preprocessed/train/normal/0000277.npy,0,2
data/NMT_preprocessed/train/normal/0000278.npy,0,1
data/NMT_preprocessed/train/normal/0000279.npy,0,1
data/NMT_preprocessed/train/normal/0000280.npy,0,4
data/NMT_preprocessed/train/normal/0000281.npy,0,2
data/NMT_preprocessed/train/normal/0000282.npy,0,1
data/NMT_preprocessed/train/normal/0000284.npy,0,4
data/NMT_preprocessed/train/normal/0000287.npy,0,1
data/NMT_preprocessed/train/normal/0000288.npy,0,0
data/NMT_preprocessed/train/normal/0000289.npy,0,3
data/NMT_preprocessed/train/normal/0000290.npy,0,1
data/NMT_preprocessed/train/normal/0000292.npy,0,0
data/NMT_preprocessed/train/normal/0000293.npy,0,4
data/NMT_preprocessed/train/normal/0000294.npy,0,0
data/NMT_preprocessed/train/normal/0000295.npy,0,2
data/NMT_preprocessed/train/normal/0000296.npy,0,3
data/NMT_preprocessed/train/normal/0000297.npy,0,4
data/NMT_preprocessed/train/normal/0000298.npy,0,0
data/NMT_preprocessed/train/normal/0000299.npy,0,3
data/NMT_preprocessed/train/normal/0000300.npy,0,0
data/NMT_preprocessed/train/normal/0000301.npy,0,4
data/NMT_preprocessed/train/normal/0000302.npy,0,2
data/NMT_preprocessed/train/normal/0000303.npy,0,4
data/NMT_preprocessed/train/normal/0000304.npy,0,3
data/NMT_preprocessed/train/normal/0000306.npy,0,4
data/NMT_preprocessed/train/normal/0000307.npy,0,4
data/NMT_preprocessed/train/normal/0000308.npy,0,4
data/NMT_preprocessed/train/normal/0000309.npy,0,4
data/NMT_preprocessed/train/normal/0000310.npy,0,4
data/NMT_preprocessed/train/normal/0000312.npy,0,0
data/NMT_preprocessed/train/normal/0000313.npy,0,1
data/NMT_preprocessed/train/normal/0000314.npy,0,1
data/NMT_preprocessed/train/normal/0000318.npy,0,1
data/NMT_preprocessed/train/normal/0000319.npy,0,1
data/NMT_preprocessed/train/normal/0000320.npy,0,2
data/NMT_preprocessed/train/normal/0000321.npy,0,2
data/NMT_preprocessed/train/normal/0000322.npy,0,4
data/NMT_preprocessed/train/normal/0000323.npy,0,4
data/NMT_preprocessed/train/normal/0000324.npy,0,3
data/NMT_preprocessed/train/normal/0000325.npy,0,1
data/NMT_preprocessed/train/normal/0000326.npy,0,1
data/NMT_preprocessed/train/normal/0000327.npy,0,4
data/NMT_preprocessed/train/normal/0000328.npy,0,3
data/NMT_preprocessed/train/normal/0000329.npy,0,4
data/NMT_preprocessed/train/normal/0000330.npy,0,2
data/NMT_preprocessed/train/normal/0000331.npy,0,1
data/NMT_preprocessed/train/normal/0000333.npy,0,2
data/NMT_preprocessed/train/normal/0000334.npy,0,0
data/NMT_preprocessed/train/normal/0000335.npy,0,2
data/NMT_preprocessed/train/normal/0000337.npy,0,4
data/NMT_preprocessed/train/normal/0000338.npy,0,3
data/NMT_preprocessed/train/normal/0000339.npy,0,1
data/NMT_preprocessed/train/normal/0000340.npy,0,2
data/NMT_preprocessed/train/normal/0000341.npy,0,0
data/NMT_preprocessed/train/normal/0000342.npy,0,0
data/NMT_preprocessed/train/normal/0000343.npy,0,3
data/NMT_preprocessed/train/normal/0000345.npy,0,4
data/NMT_preprocessed/train/normal/0000347.npy,0,1
data/NMT_preprocessed/train/normal/0000348.npy,0,0
data/NMT_preprocessed/train/normal/0000349.npy,0,2
data/NMT_preprocessed/train/normal/0000350.npy,0,0
data/NMT_preprocessed/train/normal/0000351.npy,0,4
data/NMT_preprocessed/train/normal/0000353.npy,0,1
data/NMT_preprocessed/train/normal/0000354.npy,0,1
data/NMT_preprocessed/train/normal/0000355.npy,0,2
data/NMT_preprocessed/train/normal/0000356.npy,0,3
data/NMT_preprocessed/train/normal/0000357.npy,0,1
data/NMT_preprocessed/train/normal/0000358.npy,0,1
data/NMT_preprocessed/train/normal/0000359.npy,0,4
data/NMT_preprocessed/train/normal/0000360.npy,0,2
data/NMT_preprocessed/train/normal/0000364.npy,0,4
data/NMT_preprocessed/train/normal/0000365.npy,0,1
data/NMT_preprocessed/train/normal/0000366.npy,0,0
data/NMT_preprocessed/train/normal/0000369.npy,0,2
data/NMT_preprocessed/train/normal/0000370.npy,0,4
data/NMT_preprocessed/train/normal/0000371.npy,0,1
data/NMT_preprocessed/train/normal/0000372.npy,0,0
data/NMT_preprocessed/train/normal/0000373.npy,0,4
data/NMT_preprocessed/train/normal/0000374.npy,0,1
data/NMT_preprocessed/train/normal/0000375.npy,0,3
data/NMT_preprocessed/train/normal/0000376.npy,0,2
data/NMT_preprocessed/train/normal/0000377.npy,0,4
data/NMT_preprocessed/train/normal/0000378.npy,0,0
data/NMT_preprocessed/train/normal/0000379.npy,0,2
data/NMT_preprocessed/train/normal/0000380.npy,0,3
data/NMT_preprocessed/train/normal/0000381.npy,0,1
data/NMT_preprocessed/train/normal/0000382.npy,0,4
data/NMT_preprocessed/train/normal/0000383.npy,0,3
data/NMT_preprocessed/train/normal/0000386.npy,0,0
data/NMT_preprocessed/train/normal/0000387.npy,0,0
data/NMT_preprocessed/train/normal/0000389.npy,0,4
data/NMT_preprocessed/train/normal/0000390.npy,0,1
data/NMT_preprocessed/train/normal/0000391.npy,0,0
data/NMT_preprocessed/train/normal/0000392.npy,0,2
data/NMT_preprocessed/train/normal/0000393.npy,0,3
data/NMT_preprocessed/train/normal/0000398.npy,0,3
data/NMT_preprocessed/train/normal/0000399.npy,0,1
data/NMT_preprocessed/train/normal/0000400.npy,0,3
data/NMT_preprocessed/train/normal/0000401.npy,0,3
data/NMT_preprocessed/train/normal/0000402.npy,0,3
data/NMT_preprocessed/train/normal/0000403.npy,0,2
data/NMT_preprocessed/train/normal/0000404.npy,0,3
data/NMT_preprocessed/train/normal/0000405.npy,0,2
data/NMT_preprocessed/train/normal/0000407.npy,0,2
data/NMT_preprocessed/train/normal/0000409.npy,0,2
data/NMT_preprocessed/train/normal/0000410.npy,0,3
data/NMT_preprocessed/train/normal/0000411.npy,0,0
data/NMT_preprocessed/train/normal/0000412.npy,0,1
data/NMT_preprocessed/train/normal/0000413.npy,0,4
data/NMT_preprocessed/train/normal/0000414.npy,0,0
data/NMT_preprocessed/train/normal/0000415.npy,0,4
data/NMT_preprocessed/train/normal/0000416.npy,0,0
data/NMT_preprocessed/train/normal/0000417.npy,0,2
data/NMT_preprocessed/train/normal/0000418.npy,0,2
data/NMT_preprocessed/train/normal/0000420.npy,0,2
data/NMT_preprocessed/train/normal/0000422.npy,0,0
data/NMT_preprocessed/train/normal/0000423.npy,0,1
data/NMT_preprocessed/train/normal/0000424.npy,0,3
data/NMT_preprocessed/train/normal/0000425.npy,0,4
data/NMT_preprocessed/train/normal/0000428.npy,0,1
data/NMT_preprocessed/train/normal/0000430.npy,0,1
data/NMT_preprocessed/train/normal/0000431.npy,0,0
data/NMT_preprocessed/train/normal/0000432.npy,0,0
data/NMT_preprocessed/train/normal/0000433.npy,0,3
data/NMT_preprocessed/train/normal/0000434.npy,0,3
data/NMT_preprocessed/train/normal/0000435.npy,0,2
data/NMT_preprocessed/train/normal/0000437.npy,0,1
data/NMT_preprocessed/train/normal/0000439.npy,0,2
data/NMT_preprocessed/train/normal/0000441.npy,0,0
data/NMT_preprocessed/train/normal/0000442.npy,0,4
data/NMT_preprocessed/train/normal/0000443.npy,0,3
data/NMT_preprocessed/train/normal/0000445.npy,0,1
data/NMT_preprocessed/train/normal/0000446.npy,0,1
data/NMT_preprocessed/train/normal/0000447.npy,0,3
data/NMT_preprocessed/train/normal/0000448.npy,0,0
data/NMT_preprocessed/train/normal/0000449.npy,0,1
data/NMT_preprocessed/train/normal/0000450.npy,0,0
data/NMT_preprocessed/train/normal/0000452.npy,0,1
data/NMT_preprocessed/train/normal/0000453.npy,0,0
data/NMT_preprocessed/train/normal/0000455.npy,0,1
data/NMT_preprocessed/train/normal/0000456.npy,0,3
data/NMT_preprocessed/train/normal/0000457.npy,0,1
data/NMT_preprocessed/train/normal/0000458.npy,0,3
data/NMT_preprocessed/train/normal/0000459.npy,0,1
data/NMT_preprocessed/train/normal/0000460.npy,0,0
data/NMT_preprocessed/train/normal/0000461.npy,0,1
data/NMT_preprocessed/train/normal/0000462.npy,0,0
data/NMT_preprocessed/train/normal/0000463.npy,0,3
data/NMT_preprocessed/train/normal/0000464.npy,0,1
data/NMT_preprocessed/train/normal/0000465.npy,0,0
data/NMT_preprocessed/train/normal/0000466.npy,0,4
data/NMT_preprocessed/train/normal/0000467.npy,0,4
data/NMT_preprocessed/train/normal/0000468.npy,0,1
data/NMT_preprocessed/train/normal/0000469.npy,0,2
data/NMT_preprocessed/train/normal/0000471.npy,0,2
data/NMT_preprocessed/train/normal/0000472.npy,0,3
data/NMT_preprocessed/train/normal/0000473.npy,0,1
data/NMT_preprocessed/train/normal/0000474.npy,0,0
data/NMT_preprocessed/train/normal/0000475.npy,0,1
data/NMT_preprocessed/train/normal/0000477.npy,0,3
data/NMT_preprocessed/train/normal/0000478.npy,0,0
data/NMT_preprocessed/train/normal/0000479.npy,0,3
data/NMT_preprocessed/train/normal/0000480.npy,0,2
data/NMT_preprocessed/train/normal/0000481.npy,0,2
data/NMT_preprocessed/train/normal/0000482.npy,0,1
data/NMT_preprocessed/train/normal/0000483.npy,0,0
data/NMT_preprocessed/train/normal/0000485.npy,0,1
data/NMT_preprocessed/train/normal/0000486.npy,0,3
data/NMT_preprocessed/train/normal/0000487.npy,0,3
data/NMT_preprocessed/train/normal/0000488.npy,0,0
data/NMT_preprocessed/train/normal/0000490.npy,0,2
data/NMT_preprocessed/train/normal/0000492.npy,0,0
data/NMT_preprocessed/train/normal/0000493.npy,0,3
data/NMT_preprocessed/train/normal/0000494.npy,0,3
data/NMT_preprocessed/train/normal/0000495.npy,0,3
data/NMT_preprocessed/train/normal/0000497.npy,0,3
data/NMT_preprocessed/train/normal/0000502.npy,0,1
data/NMT_preprocessed/train/normal/0000503.npy,0,2
data/NMT_preprocessed/train/normal/0000505.npy,0,0
data/NMT_preprocessed/train/normal/0000507.npy,0,1
data/NMT_preprocessed/train/normal/0000508.npy,0,4
data/NMT_preprocessed/train/normal/0000510.npy,0,0
data/NMT_preprocessed/train/normal/0000511.npy,0,3
data/NMT_preprocessed/train/normal/0000512.npy,0,4
data/NMT_preprocessed/train/normal/0000514.npy,0,3
data/NMT_preprocessed/train/normal/0000515.npy,0,2
data/NMT_preprocessed/train/normal/0000516.npy,0,3
data/NMT_preprocessed/train/normal/0000517.npy,0,2
data/NMT_preprocessed/train/normal/0000518.npy,0,3
data/NMT_preprocessed/train/normal/0000519.npy,0,0
data/NMT_preprocessed/train/normal/0000520.npy,0,0
data/NMT_preprocessed/train/normal/0000521.npy,0,4
data/NMT_preprocessed/train/normal/0000522.npy,0,2
data/NMT_preprocessed/train/normal/0000523.npy,0,4
data/NMT_preprocessed/train/normal/0000524.npy,0,1
data/NMT_preprocessed/train/normal/0000525.npy,0,0
data/NMT_preprocessed/train/normal/0000527.npy,0,4
data/NMT_preprocessed/train/normal/0000528.npy,0,4
data/NMT_preprocessed/train/normal/0000529.npy,0,1
data/NMT_preprocessed/train/normal/0000530.npy,0,4
data/NMT_preprocessed/train/normal/0000533.npy,0,0
data/NMT_preprocessed/train/normal/0000534.npy,0,3
data/NMT_preprocessed/train/normal/0000536.npy,0,0
data/NMT_preprocessed/train/normal/0000539.npy,0,1
data/NMT_preprocessed/train/normal/0000540.npy,0,2
data/NMT_preprocessed/train/normal/0000541.npy,0,1
data/NMT_preprocessed/train/normal/0000542.npy,0,0
data/NMT_preprocessed/train/normal/0000543.npy,0,3
data/NMT_preprocessed/train/normal/0000545.npy,0,2
data/NMT_preprocessed/train/normal/0000547.npy,0,0
data/NMT_preprocessed/train/normal/0000548.npy,0,4
data/NMT_preprocessed/train/normal/0000549.npy,0,1
data/NMT_preprocessed/train/normal/0000550.npy,0,2
data/NMT_preprocessed/train/normal/0000553.npy,0,1
data/NMT_preprocessed/train/normal/0000554.npy,0,0
data/NMT_preprocessed/train/normal/0000555.npy,0,4
data/NMT_preprocessed/train/normal/0000556.npy,0,3
data/NMT_preprocessed/train/normal/0000559.npy,0,3
data/NMT_preprocessed/train/normal/0000560.npy,0,2
data/NMT_preprocessed/train/normal/0000561.npy,0,2
data/NMT_preprocessed/train/normal/0000562.npy,0,0
data/NMT_preprocessed/train/normal/0000563.npy,0,2
data/NMT_preprocessed/train/normal/0000564.npy,0,0
data/NMT_preprocessed/train/normal/0000565.npy,0,2
data/NMT_preprocessed/train/normal/0000567.npy,0,4
data/NMT_preprocessed/train/normal/0000568.npy,0,1
data/NMT_preprocessed/train/normal/0000569.npy,0,1
data/NMT_preprocessed/train/normal/0000570.npy,0,3
data/NMT_preprocessed/train/normal/0000571.npy,0,3
data/NMT_preprocessed/train/normal/0000572.npy,0,3
data/NMT_preprocessed/train/normal/0000574.npy,0,0
data/NMT_preprocessed/train/normal/0000575.npy,0,0
data/NMT_preprocessed/train/normal/0000576.npy,0,1
data/NMT_preprocessed/train/normal/0000577.npy,0,3
data/NMT_preprocessed/train/normal/0000578.npy,0,1
data/NMT_preprocessed/train/normal/0000579.npy,0,3
data/NMT_preprocessed/train/normal/0000580.npy,0,4
data/NMT_preprocessed/train/normal/0000581.npy,0,1
data/NMT_preprocessed/train/normal/0000582.npy,0,2
data/NMT_preprocessed/train/normal/0000585.npy,0,2
data/NMT_preprocessed/train/normal/0000586.npy,0,2
data/NMT_preprocessed/train/normal/0000587.npy,0,3
data/NMT_preprocessed/train/normal/0000588.npy,0,3
data/NMT_preprocessed/train/normal/0000589.npy,0,0
data/NMT_preprocessed/train/normal/0000590.npy,0,0
data/NMT_preprocessed/train/normal/0000591.npy,0,4
data/NMT_preprocessed/train/normal/0000592.npy,0,1
data/NMT_preprocessed/train/normal/0000593.npy,0,1
data/NMT_preprocessed/train/normal/0000594.npy,0,4
data/NMT_preprocessed/train/normal/0000595.npy,0,0
data/NMT_preprocessed/train/normal/0000597.npy,0,1
data/NMT_preprocessed/train/normal/0000598.npy,0,1
data/NMT_preprocessed/train/normal/0000599.npy,0,2
data/NMT_preprocessed/train/normal/0000600.npy,0,3
data/NMT_preprocessed/train/normal/0000601.npy,0,2
data/NMT_preprocessed/train/normal/0000602.npy,0,1
data/NMT_preprocessed/train/normal/0000603.npy,0,1
data/NMT_preprocessed/train/normal/0000604.npy,0,4
data/NMT_preprocessed/train/normal/0000605.npy,0,2
data/NMT_preprocessed/train/normal/0000606.npy,0,3
data/NMT_preprocessed/train/normal/0000607.npy,0,1
data/NMT_preprocessed/train/normal/0000608.npy,0,4
data/NMT_preprocessed/train/normal/0000610.npy,0,0
data/NMT_preprocessed/train/normal/0000611.npy,0,3
data/NMT_preprocessed/train/normal/0000612.npy,0,0
data/NMT_preprocessed/train/normal/0000613.npy,0,4
data/NMT_preprocessed/train/normal/0000615.npy,0,2
data/NMT_preprocessed/train/normal/0000618.npy,0,3
data/NMT_preprocessed/train/normal/0000619.npy,0,4
data/NMT_preprocessed/train/normal/0000620.npy,0,3
data/NMT_preprocessed/train/normal/0000621.npy,0,3
data/NMT_preprocessed/train/normal/0000622.npy,0,3
data/NMT_preprocessed/train/normal/0000623.npy,0,4
data/NMT_preprocessed/train/normal/0000625.npy,0,3
data/NMT_preprocessed/train/normal/0000626.npy,0,0
data/NMT_preprocessed/train/normal/0000627.npy,0,1
data/NMT_preprocessed/train/normal/0000628.npy,0,4
data/NMT_preprocessed/train/normal/0000629.npy,0,3
data/NMT_preprocessed/train/normal/0000630.npy,0,3
data/NMT_preprocessed/train/normal/0000631.npy,0,2
data/NMT_preprocessed/train/normal/0000632.npy,0,2
data/NMT_preprocessed/train/normal/0000633.npy,0,1
data/NMT_preprocessed/train/normal/0000634.npy,0,2
data/NMT_preprocessed/train/normal/0000635.npy,0,1
data/NMT_preprocessed/train/normal/0000636.npy,0,0
data/NMT_preprocessed/train/normal/0000637.npy,0,4
data/NMT_preprocessed/train/normal/0000638.npy,0,3
data/NMT_preprocessed/train/normal/0000639.npy,0,3
data/NMT_preprocessed/train/normal/0000640.npy,0,3
data/NMT_preprocessed/train/normal/0000641.npy,0,0
data/NMT_preprocessed/train/normal/0000642.npy,0,0
data/NMT_preprocessed/train/normal/0000644.npy,0,4
data/NMT_preprocessed/train/normal/0000646.npy,0,2
data/NMT_preprocessed/train/normal/0000649.npy,0,4
data/NMT_preprocessed/train/normal/0000650.npy,0,2
data/NMT_preprocessed/train/normal/0000651.npy,0,3
data/NMT_preprocessed/train/normal/0000652.npy,0,4
data/NMT_preprocessed/train/normal/0000653.npy,0,3
data/NMT_preprocessed/train/normal/0000654.npy,0,2
data/NMT_preprocessed/train/normal/0000655.npy,0,3
data/NMT_preprocessed/train/normal/0000656.npy,0,3
data/NMT_preprocessed/train/normal/0000657.npy,0,4
data/NMT_preprocessed/train/normal/0000658.npy,0,3
data/NMT_preprocessed/train/normal/0000659.npy,0,3
data/NMT_preprocessed/train/normal/0000660.npy,0,2
data/NMT_preprocessed/train/normal/0000661.npy,0,2
data/NMT_preprocessed/train/normal/0000662.npy,0,4
data/NMT_preprocessed/train/normal/0000663.npy,0,2
data/NMT_preprocessed/train/normal/0000664.npy,0,0
data/NMT_preprocessed/train/normal/0000665.npy,0,1
data/NMT_preprocessed/train/normal/0000668.npy,0,3
data/NMT_preprocessed/train/normal/0000669.npy,0,0
data/NMT_preprocessed/train/normal/0000670.npy,0,1
data/NMT_preprocessed/train/normal/0000671.npy,0,1
data/NMT_preprocessed/train/normal/0000672.npy,0,1
data/NMT_preprocessed/train/normal/0000673.npy,0,2
data/NMT_preprocessed/train/normal/0000674.npy,0,0
data/NMT_preprocessed/train/normal/0000675.npy,0,4
data/NMT_preprocessed/train/normal/0000677.npy,0,4
data/NMT_preprocessed/train/normal/0000678.npy,0,4
data/NMT_preprocessed/train/normal/0000679.npy,0,4
data/NMT_preprocessed/train/normal/0000680.npy,0,3
data/NMT_preprocessed/train/normal/0000681.npy,0,2
data/NMT_preprocessed/train/normal/0000682.npy,0,4
data/NMT_preprocessed/train/normal/0000683.npy,0,3
data/NMT_preprocessed/train/normal/0000684.npy,0,4
data/NMT_preprocessed/train/normal/0000685.npy,0,1
data/NMT_preprocessed/train/normal/0000686.npy,0,1
data/NMT_preprocessed/train/normal/0000687.npy,0,1
data/NMT_preprocessed/train/normal/0000688.npy,0,0
data/NMT_preprocessed/train/normal/0000689.npy,0,1
data/NMT_preprocessed/train/normal/0000690.npy,0,3
data/NMT_preprocessed/train/normal/0000691.npy,0,0
data/NMT_preprocessed/train/normal/0000692.npy,0,0
data/NMT_preprocessed/train/normal/0000693.npy,0,2
data/NMT_preprocessed/train/normal/0000694.npy,0,1
data/NMT_preprocessed/train/normal/0000695.npy,0,4
data/NMT_preprocessed/train/normal/0000696.npy,0,4
data/NMT_preprocessed/train/normal/0000697.npy,0,2
data/NMT_preprocessed/train/normal/0000698.npy,0,0
data/NMT_preprocessed/train/normal/0000699.npy,0,3
data/NMT_preprocessed/train/normal/0000700.npy,0,4
data/NMT_preprocessed/train/normal/0000701.npy,0,1
data/NMT_preprocessed/train/normal/0000702.npy,0,0
data/NMT_preprocessed/train/normal/0000703.npy,0,3
data/NMT_preprocessed/train/normal/0000704.npy,0,4
data/NMT_preprocessed/train/normal/0000705.npy,0,1
data/NMT_preprocessed/train/normal/0000706.npy,0,1
data/NMT_preprocessed/train/normal/0000707.npy,0,1
data/NMT_preprocessed/train/normal/0000708.npy,0,3
data/NMT_preprocessed/train/normal/0000709.npy,0,4
data/NMT_preprocessed/train/normal/0000711.npy,0,1
data/NMT_preprocessed/train/normal/0000712.npy,0,3
data/NMT_preprocessed/train/normal/0000713.npy,0,3
data/NMT_preprocessed/train/normal/0000715.npy,0,0
data/NMT_preprocessed/train/normal/0000716.npy,0,2
data/NMT_preprocessed/train/normal/0000717.npy,0,1
data/NMT_preprocessed/train/normal/0000718.npy,0,2
data/NMT_preprocessed/train/normal/0000719.npy,0,0
data/NMT_preprocessed/train/normal/0000720.npy,0,2
data/NMT_preprocessed/train/normal/0000721.npy,0,0
data/NMT_preprocessed/train/normal/0000722.npy,0,1
data/NMT_preprocessed/train/normal/0000723.npy,0,0
data/NMT_preprocessed/train/normal/0000724.npy,0,3
data/NMT_preprocessed/train/normal/0000725.npy,0,0
data/NMT_preprocessed/train/normal/0000726.npy,0,4
data/NMT_preprocessed/train/normal/0000727.npy,0,4
data/NMT_preprocessed/train/normal/0000728.npy,0,0
data/NMT_preprocessed/train/normal/0000729.npy,0,0
data/NMT_preprocessed/train/normal/0000730.npy,0,2
data/NMT_preprocessed/train/normal/0000731.npy,0,1
data/NMT_preprocessed/train/normal/0000732.npy,0,4
data/NMT_preprocessed/train/normal/0000733.npy,0,3
data/NMT_preprocessed/train/normal/0000734.npy,0,3
data/NMT_preprocessed/train/normal/0000735.npy,0,1
data/NMT_preprocessed/train/normal/0000736.npy,0,2
data/NMT_preprocessed/train/normal/0000737.npy,0,0
data/NMT_preprocessed/train/normal/0000738.npy,0,0
data/NMT_preprocessed/train/normal/0000739.npy,0,3
data/NMT_preprocessed/train/normal/0000740.npy,0,3
data/NMT_preprocessed/train/normal/0000741.npy,0,3
data/NMT_preprocessed/train/normal/0000743.npy,0,3
data/NMT_preprocessed/train/normal/0000745.npy,0,1
data/NMT_preprocessed/train/normal/0000747.npy,0,4
data/NMT_preprocessed/train/normal/0000749.npy,0,3
data/NMT_preprocessed/train/normal/0000750.npy,0,1
data/NMT_preprocessed/train/normal/0000751.npy,0,4
data/NMT_preprocessed/train/normal/0000752.npy,0,4
data/NMT_preprocessed/train/normal/0000753.npy,0,0
data/NMT_preprocessed/train/normal/0000754.npy,0,1
data/NMT_preprocessed/train/normal/0000755.npy,0,2
data/NMT_preprocessed/train/normal/0000756.npy,0,1
data/NMT_preprocessed/train/normal/0000757.npy,0,1
data/NMT_preprocessed/train/normal/0000758.npy,0,2
data/NMT_preprocessed/train/normal/0000759.npy,0,4
data/NMT_preprocessed/train/normal/0000760.npy,0,0
data/NMT_preprocessed/train/normal/0000761.npy,0,1
data/NMT_preprocessed/train/normal/0000762.npy,0,3
data/NMT_preprocessed/train/normal/0000763.npy,0,0
data/NMT_preprocessed/train/normal/0000764.npy,0,3
data/NMT_preprocessed/train/normal/0000765.npy,0,4
data/NMT_preprocessed/train/normal/0000766.npy,0,4
data/NMT_preprocessed/train/normal/0000767.npy,0,1
data/NMT_preprocessed/train/normal/0000768.npy,0,1
data/NMT_preprocessed/train/normal/0000769.npy,0,0
data/NMT_preprocessed/train/normal/0000770.npy,0,1
data/NMT_preprocessed/train/normal/0000771.npy,0,0
data/NMT_preprocessed/train/normal/0000772.npy,0,1
data/NMT_preprocessed/train/normal/0000773.npy,0,2
data/NMT_preprocessed/train/normal/0000774.npy,0,4
data/NMT_preprocessed/train/normal/0000775.npy,0,3
data/NMT_preprocessed/train/normal/0000776.npy,0,1
data/NMT_preprocessed/train/normal/0000777.npy,0,4
data/NMT_preprocessed/train/normal/0000778.npy,0,2
data/NMT_preprocessed/train/normal/0000779.npy,0,2
data/NMT_preprocessed/train/normal/0000781.npy,0,4
data/NMT_preprocessed/train/normal/0000782.npy,0,0
data/NMT_preprocessed/train/normal/0000785.npy,0,2
data/NMT_preprocessed/train/normal/0000787.npy,0,0
data/NMT_preprocessed/train/normal/0000788.npy,0,1
data/NMT_preprocessed/train/normal/0000789.npy,0,1
data/NMT_preprocessed/train/normal/0000790.npy,0,3
data/NMT_preprocessed/train/normal/0000791.npy,0,1
data/NMT_preprocessed/train/normal/0000792.npy,0,4
data/NMT_preprocessed/train/normal/0000793.npy,0,1
data/NMT_preprocessed/train/normal/0000794.npy,0,0
data/NMT_preprocessed/train/normal/0000795.npy,0,2
data/NMT_preprocessed/train/normal/0000796.npy,0,1
data/NMT_preprocessed/train/normal/0000797.npy,0,2
data/NMT_preprocessed/train/normal/0000799.npy,0,2
data/NMT_preprocessed/train/normal/0000800.npy,0,1
data/NMT_preprocessed/train/normal/0000801.npy,0,2
data/NMT_preprocessed/train/normal/0000802.npy,0,4
data/NMT_preprocessed/train/normal/0000803.npy,0,1
data/NMT_preprocessed/train/normal/0000805.npy,0,0
data/NMT_preprocessed/train/normal/0000806.npy,0,2
data/NMT_preprocessed/train/normal/0000807.npy,0,2
data/NMT_preprocessed/train/normal/0000808.npy,0,0
data/NMT_preprocessed/train/normal/0000809.npy,0,4
data/NMT_preprocessed/train/normal/0000810.npy,0,2
data/NMT_preprocessed/train/normal/0000811.npy,0,1
data/NMT_preprocessed/train/normal/0000812.npy,0,4
data/NMT_preprocessed/train/normal/0000813.npy,0,1
data/NMT_preprocessed/train/normal/0000814.npy,0,1
data/NMT_preprocessed/train/normal/0000815.npy,0,2
data/NMT_preprocessed/train/normal/0000817.npy,0,4
data/NMT_preprocessed/train/normal/0000818.npy,0,0
data/NMT_preprocessed/train/normal/0000819.npy,0,1
data/NMT_preprocessed/train/normal/0000820.npy,0,2
data/NMT_preprocessed/train/normal/0000821.npy,0,2
data/NMT_preprocessed/train/normal/0000822.npy,0,2
data/NMT_preprocessed/train/normal/0000825.npy,0,2
data/NMT_preprocessed/train/normal/0000827.npy,0,0
data/NMT_preprocessed/train/normal/0000828.npy,0,3
data/NMT_preprocessed/train/normal/0000829.npy,0,0
data/NMT_preprocessed/train/normal/0000830.npy,0,0
data/NMT_preprocessed/train/normal/0000831.npy,0,4
data/NMT_preprocessed/train/normal/0000833.npy,0,0
data/NMT_preprocessed/train/normal/0000834.npy,0,2
data/NMT_preprocessed/train/normal/0000835.npy,0,4
data/NMT_preprocessed/train/normal/0000836.npy,0,0
data/NMT_preprocessed/train/normal/0000837.npy,0,0
data/NMT_preprocessed/train/normal/0000840.npy,0,4
data/NMT_preprocessed/train/normal/0000841.npy,0,4
data/NMT_preprocessed/train/normal/0000842.npy,0,2
data/NMT_preprocessed/train/normal/0000843.npy,0,4
data/NMT_preprocessed/train/normal/0000845.npy,0,3
data/NMT_preprocessed/train/normal/0000846.npy,0,2
data/NMT_preprocessed/train/normal/0000848.npy,0,3
data/NMT_preprocessed/train/normal/0000849.npy,0,4
data/NMT_preprocessed/train/normal/0000850.npy,0,1
data/NMT_preprocessed/train/normal/0000852.npy,0,3
data/NMT_preprocessed/train/normal/0000853.npy,0,4
data/NMT_preprocessed/train/normal/0000854.npy,0,4
data/NMT_preprocessed/train/normal/0000855.npy,0,1
data/NMT_preprocessed/train/normal/0000856.npy,0,0
data/NMT_preprocessed/train/normal/0000857.npy,0,1
data/NMT_preprocessed/train/normal/0000858.npy,0,0
data/NMT_preprocessed/train/normal/0000859.npy,0,2
data/NMT_preprocessed/train/normal/0000861.npy,0,2
data/NMT_preprocessed/train/normal/0000862.npy,0,4
data/NMT_preprocessed/train/normal/0000863.npy,0,3
data/NMT_preprocessed/train/normal/0000864.npy,0,1
data/NMT_preprocessed/train/normal/0000865.npy,0,1
data/NMT_preprocessed/train/normal/0000867.npy,0,4
data/NMT_preprocessed/train/normal/0000869.npy,0,1
data/NMT_preprocessed/train/normal/0000870.npy,0,4
data/NMT_preprocessed/train/normal/0000872.npy,0,1
data/NMT_preprocessed/train/normal/0000873.npy,0,1
data/NMT_preprocessed/train/normal/0000874.npy,0,1
data/NMT_preprocessed/train/normal/0000875.npy,0,0
data/NMT_preprocessed/train/normal/0000876.npy,0,1
data/NMT_preprocessed/train/normal/0000877.npy,0,1
data/NMT_preprocessed/train/normal/0000878.npy,0,0
data/NMT_preprocessed/train/normal/0000879.npy,0,3
data/NMT_preprocessed/train/normal/0000881.npy,0,1
data/NMT_preprocessed/train/normal/0000882.npy,0,1
data/NMT_preprocessed/train/normal/0000883.npy,0,3
data/NMT_preprocessed/train/normal/0000885.npy,0,3
data/NMT_preprocessed/train/normal/0000887.npy,0,3
data/NMT_preprocessed/train/normal/0000888.npy,0,0
data/NMT_preprocessed/train/normal/0000889.npy,0,3
data/NMT_preprocessed/train/normal/0000890.npy,0,2
data/NMT_preprocessed/train/normal/0000891.npy,0,2
data/NMT_preprocessed/train/normal/0000892.npy,0,4
data/NMT_preprocessed/train/normal/0000893.npy,0,1
data/NMT_preprocessed/train/normal/0000895.npy,0,2
data/NMT_preprocessed/train/normal/0000897.npy,0,2
data/NMT_preprocessed/train/normal/0000898.npy,0,0
data/NMT_preprocessed/train/normal/0000899.npy,0,3
data/NMT_preprocessed/train/normal/0000900.npy,0,4
data/NMT_preprocessed/train/normal/0000902.npy,0,2
data/NMT_preprocessed/train/normal/0000903.npy,0,2
data/NMT_preprocessed/train/normal/0000904.npy,0,4
data/NMT_preprocessed/train/normal/0000905.npy,0,1
data/NMT_preprocessed/train/normal/0000912.npy,0,2
data/NMT_preprocessed/train/normal/0000913.npy,0,2
data/NMT_preprocessed/train/normal/0000915.npy,0,1
data/NMT_preprocessed/train/normal/0000917.npy,0,0
data/NMT_preprocessed/train/normal/0000918.npy,0,0
data/NMT_preprocessed/train/normal/0000919.npy,0,2
data/NMT_preprocessed/train/normal/0000920.npy,0,2
data/NMT_preprocessed/train/normal/0000921.npy,0,0
data/NMT_preprocessed/train/normal/0000922.npy,0,0
data/NMT_preprocessed/train/normal/0000923.npy,0,1
data/NMT_preprocessed/train/normal/0000924.npy,0,0
data/NMT_preprocessed/train/normal/0000925.npy,0,2
data/NMT_preprocessed/train/normal/0000928.npy,0,0
data/NMT_preprocessed/train/normal/0000929.npy,0,1
data/NMT_preprocessed/train/normal/0000930.npy,0,4
data/NMT_preprocessed/train/normal/0000931.npy,0,0
data/NMT_preprocessed/train/normal/0000932.npy,0,2
data/NMT_preprocessed/train/normal/0000933.npy,0,1
data/NMT_preprocessed/train/normal/0000935.npy,0,1
data/NMT_preprocessed/train/normal/0000936.npy,0,2
data/NMT_preprocessed/train/normal/0000937.npy,0,2
data/NMT_preprocessed/train/normal/0000938.npy,0,0
data/NMT_preprocessed/train/normal/0000939.npy,0,3
data/NMT_preprocessed/train/normal/0000941.npy,0,2
data/NMT_preprocessed/train/normal/0000942.npy,0,0
data/NMT_preprocessed/train/normal/0000943.npy,0,0
data/NMT_preprocessed/train/normal/0000944.npy,0,3
data/NMT_preprocessed/train/normal/0000945.npy,0,1
data/NMT_preprocessed/train/normal/0000946.npy,0,4
data/NMT_preprocessed/train/normal/0000948.npy,0,3
data/NMT_preprocessed/train/normal/0000949.npy,0,4
data/NMT_preprocessed/train/normal/0000950.npy,0,4
data/NMT_preprocessed/train/normal/0000951.npy,0,0
data/NMT_preprocessed/train/normal/0000952.npy,0,3
data/NMT_preprocessed/train/normal/0000953.npy,0,3
data/NMT_preprocessed/train/normal/0000954.npy,0,3
data/NMT_preprocessed/train/normal/0000955.npy,0,4
data/NMT_preprocessed/train/normal/0000956.npy,0,1
data/NMT_preprocessed/train/normal/0000957.npy,0,4
data/NMT_preprocessed/train/normal/0000958.npy,0,1
data/NMT_preprocessed/train/normal/0000959.npy,0,3
data/NMT_preprocessed/train/normal/0000960.npy,0,0
data/NMT_preprocessed/train/normal/0000961.npy,0,4
data/NMT_preprocessed/train/normal/0000962.npy,0,3
data/NMT_preprocessed/train/normal/0000963.npy,0,4
data/NMT_preprocessed/train/normal/0000964.npy,0,4
data/NMT_preprocessed/train/normal/0000965.npy,0,2
data/NMT_preprocessed/train/normal/0000966.npy,0,2
data/NMT_preprocessed/train/normal/0000967.npy,0,2
data/NMT_preprocessed/train/normal/0000968.npy,0,3
data/NMT_preprocessed/train/normal/0000969.npy,0,2
data/NMT_preprocessed/train/normal/0000970.npy,0,4
data/NMT_preprocessed/train/normal/0000971.npy,0,1
data/NMT_preprocessed/train/normal/0000972.npy,0,2
data/NMT_preprocessed/train/normal/0000973.npy,0,0
data/NMT_preprocessed/train/normal/0000974.npy,0,3
data/NMT_preprocessed/train/normal/0000975.npy,0,1
data/NMT_preprocessed/train/normal/0000976.npy,0,1
data/NMT_preprocessed/train/normal/0000977.npy,0,2
data/NMT_preprocessed/train/normal/0000978.npy,0,2
data/NMT_preprocessed/train/normal/0000979.npy,0,1
data/NMT_preprocessed/train/normal/0000980.npy,0,2
data/NMT_preprocessed/train/normal/0000981.npy,0,2
data/NMT_preprocessed/train/normal/0000982.npy,0,3
data/NMT_preprocessed/train/normal/0000983.npy,0,3
data/NMT_preprocessed/train/normal/0000984.npy,0,4
data/NMT_preprocessed/train/normal/0000985.npy,0,3
data/NMT_preprocessed/train/normal/0000987.npy,0,0
data/NMT_preprocessed/train/normal/0000989.npy,0,3
data/NMT_preprocessed/train/normal/0000990.npy,0,0
data/NMT_preprocessed/train/normal/0000991.npy,0,3
data/NMT_preprocessed/train/normal/0000992.npy,0,1
data/NMT_preprocessed/train/normal/0000994.npy,0,4
data/NMT_preprocessed/train/normal/0000995.npy,0,3
data/NMT_preprocessed/train/normal/0000996.npy,0,0
data/NMT_preprocessed/train/normal/0000998.npy,0,2
data/NMT_preprocessed/train/normal/0000999.npy,0,4
data/NMT_preprocessed/train/normal/0001000.npy,0,2
data/NMT_preprocessed/train/normal/0001001.npy,0,2
data/NMT_preprocessed/train/normal/0001002.npy,0,0
data/NMT_preprocessed/train/normal/0001003.npy,0,2
data/NMT_preprocessed/train/normal/0001004.npy,0,1
data/NMT_preprocessed/train/normal/0001005.npy,0,2
data/NMT_preprocessed/train/normal/0001006.npy,0,0
data/NMT_preprocessed/train/normal/0001007.npy,0,0
data/NMT_preprocessed/train/normal/0001008.npy,0,4
data/NMT_preprocessed/train/normal/0001009.npy,0,4
data/NMT_preprocessed/train/normal/0001010.npy,0,3
data/NMT_preprocessed/train/normal/0001011.npy,0,4
data/NMT_preprocessed/train/normal/0001012.npy,0,2
data/NMT_preprocessed/train/normal/0001013.npy,0,4
data/NMT_preprocessed/train/normal/0001014.npy,0,3
data/NMT_preprocessed/train/normal/0001015.npy,0,1
data/NMT_preprocessed/train/normal/0001017.npy,0,2
data/NMT_preprocessed/train/normal/0001018.npy,0,3
data/NMT_preprocessed/train/normal/0001019.npy,0,4
data/NMT_preprocessed/train/normal/0001020.npy,0,3
data/NMT_preprocessed/train/normal/0001022.npy,0,4
data/NMT_preprocessed/train/normal/0001023.npy,0,2
data/NMT_preprocessed/train/normal/0001024.npy,0,1
data/NMT_preprocessed/train/normal/0001026.npy,0,2
data/NMT_preprocessed/train/normal/0001027.npy,0,3
data/NMT_preprocessed/train/normal/0001028.npy,0,1
data/NMT_preprocessed/train/normal/0001029.npy,0,4
data/NMT_preprocessed/train/normal/0001030.npy,0,0
data/NMT_preprocessed/train/normal/0001031.npy,0,4
data/NMT_preprocessed/train/normal/0001034.npy,0,3
data/NMT_preprocessed/train/normal/0001036.npy,0,2
data/NMT_preprocessed/train/normal/0001037.npy,0,1
data/NMT_preprocessed/train/normal/0001038.npy,0,3
data/NMT_preprocessed/train/normal/0001039.npy,0,1
data/NMT_preprocessed/train/normal/0001040.npy,0,4
data/NMT_preprocessed/train/normal/0001041.npy,0,2
data/NMT_preprocessed/train/normal/0001043.npy,0,4
data/NMT_preprocessed/train/normal/0001044.npy,0,1
data/NMT_preprocessed/train/normal/0001045.npy,0,0
data/NMT_preprocessed/train/normal/0001046.npy,0,3
data/NMT_preprocessed/train/normal/0001047.npy,0,1
data/NMT_preprocessed/train/normal/0001048.npy,0,2
data/NMT_preprocessed/train/normal/0001049.npy,0,2
data/NMT_preprocessed/train/normal/0001050.npy,0,4
data/NMT_preprocessed/train/normal/0001052.npy,0,4
data/NMT_preprocessed/train/normal/0001053.npy,0,3
data/NMT_preprocessed/train/normal/0001054.npy,0,2
data/NMT_preprocessed/train/normal/0001055.npy,0,1
data/NMT_preprocessed/train/normal/0001058.npy,0,4
data/NMT_preprocessed/train/normal/0001059.npy,0,4
data/NMT_preprocessed/train/normal/0001060.npy,0,4
data/NMT_preprocessed/train/normal/0001061.npy,0,4
data/NMT_preprocessed/train/normal/0001062.npy,0,3
data/NMT_preprocessed/train/normal/0001063.npy,0,0
data/NMT_preprocessed/train/normal/0001065.npy,0,1
data/NMT_preprocessed/train/normal/0001066.npy,0,3
data/NMT_preprocessed/train/normal/0001068.npy,0,2
data/NMT_preprocessed/train/normal/0001069.npy,0,3
data/NMT_preprocessed/train/normal/0001070.npy,0,2
data/NMT_preprocessed/train/normal/0001071.npy,0,4
data/NMT_preprocessed/train/normal/0001073.npy,0,3
data/NMT_preprocessed/train/normal/0001074.npy,0,2
data/NMT_preprocessed/train/normal/0001075.npy,0,3
data/NMT_preprocessed/train/normal/0001076.npy,0,4
data/NMT_preprocessed/train/normal/0001077.npy,0,2
data/NMT_preprocessed/train/normal/0001078.npy,0,4
data/NMT_preprocessed/train/normal/0001079.npy,0,4
data/NMT_preprocessed/train/normal/0001080.npy,0,2
data/NMT_preprocessed/train/normal/0001081.npy,0,4
data/NMT_preprocessed/train/normal/0001083.npy,0,1
data/NMT_preprocessed/train/normal/0001084.npy,0,4
data/NMT_preprocessed/train/normal/0001085.npy,0,2
data/NMT_preprocessed/train/normal/0001086.npy,0,4
data/NMT_preprocessed/train/normal/0001087.npy,0,1
data/NMT_preprocessed/train/normal/0001088.npy,0,2
data/NMT_preprocessed/train/normal/0001090.npy,0,3
data/NMT_preprocessed/train/normal/0001091.npy,0,0
data/NMT_preprocessed/train/normal/0001092.npy,0,3
data/NMT_preprocessed/train/normal/0001093.npy,0,2
data/NMT_preprocessed/train/normal/0001094.npy,0,2
data/NMT_preprocessed/train/normal/0001095.npy,0,2
data/NMT_preprocessed/train/normal/0001098.npy,0,1
data/NMT_preprocessed/train/normal/0001100.npy,0,2
data/NMT_preprocessed/train/normal/0001101.npy,0,1
data/NMT_preprocessed/train/normal/0001102.npy,0,3
data/NMT_preprocessed/train/normal/0001103.npy,0,4
data/NMT_preprocessed/train/normal/0001104.npy,0,0
data/NMT_preprocessed/train/normal/0001105.npy,0,1
data/NMT_preprocessed/train/normal/0001106.npy,0,1
data/NMT_preprocessed/train/normal/0001107.npy,0,4
data/NMT_preprocessed/train/normal/0001108.npy,0,1
data/NMT_preprocessed/train/normal/0001109.npy,0,1
data/NMT_preprocessed/train/normal/0001110.npy,0,3
data/NMT_preprocessed/train/normal/0001111.npy,0,0
data/NMT_preprocessed/train/normal/0001112.npy,0,4
data/NMT_preprocessed/train/normal/0001113.npy,0,2
data/NMT_preprocessed/train/normal/0001115.npy,0,1
data/NMT_preprocessed/train/normal/0001116.npy,0,1
data/NMT_preprocessed/train/normal/0001117.npy,0,0
data/NMT_preprocessed/train/normal/0001121.npy,0,4
data/NMT_preprocessed/train/normal/0001123.npy,0,2
data/NMT_preprocessed/train/normal/0001124.npy,0,4
data/NMT_preprocessed/train/normal/0001126.npy,0,1
data/NMT_preprocessed/train/normal/0001128.npy,0,2
data/NMT_preprocessed/train/normal/0001129.npy,0,2
data/NMT_preprocessed/train/normal/0001130.npy,0,0
data/NMT_preprocessed/train/normal/0001131.npy,0,4
data/NMT_preprocessed/train/normal/0001132.npy,0,0
data/NMT_preprocessed/train/normal/0001133.npy,0,2
data/NMT_preprocessed/train/normal/0001134.npy,0,0
data/NMT_preprocessed/train/normal/0001135.npy,0,3
data/NMT_preprocessed/train/normal/0001136.npy,0,1
data/NMT_preprocessed/train/normal/0001137.npy,0,1
data/NMT_preprocessed/train/normal/0001138.npy,0,2
data/NMT_preprocessed/train/normal/0001139.npy,0,0
data/NMT_preprocessed/train/normal/0001141.npy,0,2
data/NMT_preprocessed/train/normal/0001142.npy,0,2
data/NMT_preprocessed/train/normal/0001143.npy,0,0
data/NMT_preprocessed/train/normal/0001144.npy,0,2
data/NMT_preprocessed/train/normal/0001147.npy,0,0
data/NMT_preprocessed/train/normal/0001148.npy,0,3
data/NMT_preprocessed/train/normal/0001149.npy,0,1
data/NMT_preprocessed/train/normal/0001150.npy,0,2
data/NMT_preprocessed/train/normal/0001151.npy,0,3
data/NMT_preprocessed/train/normal/0001154.npy,0,1
data/NMT_preprocessed/train/normal/0001155.npy,0,3
data/NMT_preprocessed/train/normal/0001157.npy,0,0
data/NMT_preprocessed/train/normal/0001158.npy,0,1
data/NMT_preprocessed/train/normal/0001159.npy,0,0
data/NMT_preprocessed/train/normal/0001162.npy,0,2
data/NMT_preprocessed/train/normal/0001163.npy,0,2
data/NMT_preprocessed/train/normal/0001165.npy,0,2
data/NMT_preprocessed/train/normal/0001166.npy,0,0
data/NMT_preprocessed/train/normal/0001167.npy,0,3
data/NMT_preprocessed/train/normal/0001168.npy,0,4
data/NMT_preprocessed/train/normal/0001169.npy,0,3
data/NMT_preprocessed/train/normal/0001171.npy,0,3
data/NMT_preprocessed/train/normal/0001172.npy,0,0
data/NMT_preprocessed/train/normal/0001174.npy,0,3
data/NMT_preprocessed/train/normal/0001175.npy,0,4
data/NMT_preprocessed/train/normal/0001176.npy,0,1
data/NMT_preprocessed/train/normal/0001177.npy,0,0
data/NMT_preprocessed/train/normal/0001178.npy,0,1
data/NMT_preprocessed/train/normal/0001180.npy,0,3
data/NMT_preprocessed/train/normal/0001181.npy,0,1
data/NMT_preprocessed/train/normal/0001182.npy,0,4
data/NMT_preprocessed/train/normal/0001184.npy,0,2
data/NMT_preprocessed/train/normal/0001186.npy,0,0
data/NMT_preprocessed/train/normal/0001187.npy,0,2
data/NMT_preprocessed/train/normal/0001188.npy,0,4
data/NMT_preprocessed/train/normal/0001189.npy,0,2
data/NMT_preprocessed/train/normal/0001190.npy,0,0
data/NMT_preprocessed/train/normal/0001191.npy,0,2
data/NMT_preprocessed/train/normal/0001192.npy,0,4
data/NMT_preprocessed/train/normal/0001193.npy,0,4
data/NMT_preprocessed/train/normal/0001194.npy,0,4
data/NMT_preprocessed/train/normal/0001195.npy,0,1
data/NMT_preprocessed/train/normal/0001197.npy,0,3
data/NMT_preprocessed/train/normal/0001198.npy,0,4
data/NMT_preprocessed/train/normal/0001199.npy,0,2
data/NMT_preprocessed/train/normal/0001201.npy,0,0
data/NMT_preprocessed/train/normal/0001203.npy,0,0
data/NMT_preprocessed/train/normal/0001205.npy,0,2
data/NMT_preprocessed/train/normal/0001206.npy,0,1
data/NMT_preprocessed/train/normal/0001207.npy,0,3
data/NMT_preprocessed/train/normal/0001209.npy,0,4
data/NMT_preprocessed/train/normal/0001210.npy,0,3
data/NMT_preprocessed/train/normal/0001212.npy,0,1
data/NMT_preprocessed/train/normal/0001213.npy,0,4
data/NMT_preprocessed/train/normal/0001214.npy,0,1
data/NMT_preprocessed/train/normal/0001215.npy,0,2
data/NMT_preprocessed/train/normal/0001217.npy,0,1
data/NMT_preprocessed/train/normal/0001218.npy,0,4
data/NMT_preprocessed/train/normal/0001219.npy,0,2
data/NMT_preprocessed/train/normal/0001220.npy,0,3
data/NMT_preprocessed/train/normal/0001222.npy,0,0
data/NMT_preprocessed/train/normal/0001223.npy,0,4
data/NMT_preprocessed/train/normal/0001224.npy,0,0
data/NMT_preprocessed/train/normal/0001225.npy,0,2
data/NMT_preprocessed/train/normal/0001226.npy,0,3
data/NMT_preprocessed/train/normal/0001227.npy,0,2
data/NMT_preprocessed/train/normal/0001228.npy,0,1
data/NMT_preprocessed/train/normal/0001229.npy,0,1
data/NMT_preprocessed/train/normal/0001230.npy,0,2
data/NMT_preprocessed/train/normal/0001231.npy,0,2
data/NMT_preprocessed/train/normal/0001232.npy,0,3
data/NMT_preprocessed/train/normal/0001233.npy,0,1
data/NMT_preprocessed/train/normal/0001235.npy,0,4
data/NMT_preprocessed/train/normal/0001236.npy,0,0
data/NMT_preprocessed/train/normal/0001237.npy,0,0
data/NMT_preprocessed/train/normal/0001240.npy,0,1
data/NMT_preprocessed/train/normal/0001243.npy,0,4
data/NMT_preprocessed/train/normal/0001244.npy,0,2
data/NMT_preprocessed/train/normal/0001245.npy,0,4
data/NMT_preprocessed/train/normal/0001246.npy,0,1
data/NMT_preprocessed/train/normal/0001247.npy,0,3
data/NMT_preprocessed/train/normal/0001248.npy,0,4
data/NMT_preprocessed/train/normal/0001250.npy,0,2
data/NMT_preprocessed/train/normal/0001251.npy,0,3
data/NMT_preprocessed/train/normal/0001252.npy,0,1
data/NMT_preprocessed/train/normal/0001253.npy,0,2
data/NMT_preprocessed/train/normal/0001254.npy,0,3
data/NMT_preprocessed/train/normal/0001255.npy,0,3
data/NMT_preprocessed/train/normal/0001256.npy,0,1
data/NMT_preprocessed/train/normal/0001257.npy,0,2
data/NMT_preprocessed/train/normal/0001259.npy,0,4
data/NMT_preprocessed/train/normal/0001260.npy,0,3
data/NMT_preprocessed/train/normal/0001262.npy,0,1
data/NMT_preprocessed/train/normal/0001263.npy,0,0
data/NMT_preprocessed/train/normal/0001265.npy,0,3
data/NMT_preprocessed/train/normal/0001268.npy,0,0
data/NMT_preprocessed/train/normal/0001269.npy,0,1
data/NMT_preprocessed/train/normal/0001272.npy,0,4
data/NMT_preprocessed/train/normal/0001273.npy,0,2
data/NMT_preprocessed/train/normal/0001274.npy,0,2
data/NMT_preprocessed/train/normal/0001275.npy,0,0
data/NMT_preprocessed/train/normal/0001276.npy,0,4
data/NMT_preprocessed/train/normal/0001277.npy,0,0
data/NMT_preprocessed/train/normal/0001278.npy,0,0
data/NMT_preprocessed/train/normal/0001279.npy,0,3
data/NMT_preprocessed/train/normal/0001281.npy,0,2
data/NMT_preprocessed/train/normal/0001282.npy,0,2
data/NMT_preprocessed/train/normal/0001283.npy,0,3
data/NMT_preprocessed/train/normal/0001284.npy,0,3
data/NMT_preprocessed/train/normal/0001285.npy,0,2
data/NMT_preprocessed/train/normal/0001286.npy,0,3
data/NMT_preprocessed/train/normal/0001287.npy,0,0
data/NMT_preprocessed/train/normal/0001288.npy,0,0
data/NMT_preprocessed/train/normal/0001291.npy,0,3
data/NMT_preprocessed/train/normal/0001292.npy,0,0
data/NMT_preprocessed/train/normal/0001294.npy,0,4
data/NMT_preprocessed/train/normal/0001295.npy,0,1
data/NMT_preprocessed/train/normal/0001296.npy,0,4
data/NMT_preprocessed/train/normal/0001297.npy,0,0
data/NMT_preprocessed/train/normal/0001298.npy,0,1
data/NMT_preprocessed/train/normal/0001299.npy,0,1
data/NMT_preprocessed/train/normal/0001301.npy,0,3
data/NMT_preprocessed/train/normal/0001303.npy,0,1
data/NMT_preprocessed/train/normal/0001305.npy,0,4
data/NMT_preprocessed/train/normal/0001307.npy,0,0
data/NMT_preprocessed/train/normal/0001308.npy,0,4
data/NMT_preprocessed/train/normal/0001309.npy,0,2
data/NMT_preprocessed/train/normal/0001310.npy,0,1
data/NMT_preprocessed/train/normal/0001313.npy,0,4
data/NMT_preprocessed/train/normal/0001314.npy,0,4
data/NMT_preprocessed/train/normal/0001315.npy,0,4
data/NMT_preprocessed/train/normal/0001316.npy,0,1
data/NMT_preprocessed/train/normal/0001317.npy,0,4
data/NMT_preprocessed/train/normal/0001318.npy,0,0
data/NMT_preprocessed/train/normal/0001319.npy,0,3
data/NMT_preprocessed/train/normal/0001320.npy,0,1
data/NMT_preprocessed/train/normal/0001321.npy,0,1
data/NMT_preprocessed/train/normal/0001322.npy,0,4
data/NMT_preprocessed/train/normal/0001323.npy,0,3
data/NMT_preprocessed/train/normal/0001324.npy,0,2
data/NMT_preprocessed/train/normal/0001325.npy,0,4
data/NMT_preprocessed/train/normal/0001326.npy,0,2
data/NMT_preprocessed/train/normal/0001327.npy,0,0
data/NMT_preprocessed/train/normal/0001328.npy,0,0
data/NMT_preprocessed/train/normal/0001329.npy,0,4
data/NMT_preprocessed/train/normal/0001330.npy,0,4
data/NMT_preprocessed/train/normal/0001335.npy,0,0
data/NMT_preprocessed/train/normal/0001336.npy,0,4
data/NMT_preprocessed/train/normal/0001337.npy,0,1
data/NMT_preprocessed/train/normal/0001338.npy,0,3
data/NMT_preprocessed/train/normal/0001339.npy,0,0
data/NMT_preprocessed/train/normal/0001340.npy,0,1
data/NMT_preprocessed/train/normal/0001341.npy,0,0
data/NMT_preprocessed/train/normal/0001342.npy,0,3
data/NMT_preprocessed/train/normal/0001343.npy,0,3
data/NMT_preprocessed/train/normal/0001344.npy,0,4
data/NMT_preprocessed/train/normal/0001345.npy,0,0
data/NMT_preprocessed/train/normal/0001346.npy,0,0
data/NMT_preprocessed/train/normal/0001349.npy,0,2
data/NMT_preprocessed/train/normal/0001351.npy,0,4
data/NMT_preprocessed/train/normal/0001354.npy,0,1
data/NMT_preprocessed/train/normal/0001355.npy,0,3
data/NMT_preprocessed/train/normal/0001357.npy,0,3
data/NMT_preprocessed/train/normal/0001358.npy,0,2
data/NMT_preprocessed/train/normal/0001359.npy,0,0
data/NMT_preprocessed/train/normal/0001360.npy,0,4
data/NMT_preprocessed/train/normal/0001361.npy,0,4
data/NMT_preprocessed/train/normal/0001363.npy,0,0
data/NMT_preprocessed/train/normal/0001365.npy,0,1
data/NMT_preprocessed/train/normal/0001366.npy,0,3
data/NMT_preprocessed/train/normal/0001367.npy,0,0
data/NMT_preprocessed/train/normal/0001368.npy,0,4
data/NMT_preprocessed/train/normal/0001369.npy,0,3
data/NMT_preprocessed/train/normal/0001371.npy,0,0
data/NMT_preprocessed/train/normal/0001372.npy,0,3
data/NMT_preprocessed/train/normal/0001373.npy,0,3
data/NMT_preprocessed/train/normal/0001374.npy,0,1
data/NMT_preprocessed/train/normal/0001375.npy,0,3
data/NMT_preprocessed/train/normal/0001377.npy,0,0
data/NMT_preprocessed/train/normal/0001378.npy,0,4
data/NMT_preprocessed/train/normal/0001379.npy,0,3
data/NMT_preprocessed/train/normal/0001380.npy,0,4
data/NMT_preprocessed/train/normal/0001381.npy,0,1
data/NMT_preprocessed/train/normal/0001382.npy,0,1
data/NMT_preprocessed/train/normal/0001384.npy,0,4
data/NMT_preprocessed/train/normal/0001386.npy,0,2
data/NMT_preprocessed/train/normal/0001387.npy,0,4
data/NMT_preprocessed/train/normal/0001388.npy,0,2
data/NMT_preprocessed/train/normal/0001389.npy,0,4
data/NMT_preprocessed/train/normal/0001390.npy,0,0
data/NMT_preprocessed/train/normal/0001392.npy,0,4
data/NMT_preprocessed/train/normal/0001393.npy,0,1
data/NMT_preprocessed/train/normal/0001394.npy,0,3
data/NMT_preprocessed/train/normal/0001395.npy,0,3
data/NMT_preprocessed/train/normal/0001396.npy,0,3
data/NMT_preprocessed/train/normal/0001397.npy,0,0
data/NMT_preprocessed/train/normal/0001398.npy,0,1
data/NMT_preprocessed/train/normal/0001400.npy,0,4
data/NMT_preprocessed/train/normal/0001401.npy,0,0
data/NMT_preprocessed/train/normal/0001403.npy,0,4
data/NMT_preprocessed/train/normal/0001405.npy,0,3
data/NMT_preprocessed/train/normal/0001408.npy,0,2
data/NMT_preprocessed/train/normal/0001409.npy,0,1
data/NMT_preprocessed/train/normal/0001410.npy,0,1
data/NMT_preprocessed/train/normal/0001411.npy,0,0
data/NMT_preprocessed/train/normal/0001412.npy,0,2
data/NMT_preprocessed/train/normal/0001413.npy,0,1
data/NMT_preprocessed/train/normal/0001414.npy,0,3
data/NMT_preprocessed/train/normal/0001415.npy,0,0
data/NMT_preprocessed/train/normal/0001417.npy,0,2
data/NMT_preprocessed/train/normal/0001418.npy,0,4
data/NMT_preprocessed/train/normal/0001419.npy,0,3
data/NMT_preprocessed/train/normal/0001421.npy,0,0
data/NMT_preprocessed/train/normal/0001423.npy,0,2
data/NMT_preprocessed/train/normal/0001424.npy,0,1
data/NMT_preprocessed/train/normal/0001426.npy,0,0
data/NMT_preprocessed/train/normal/0001428.npy,0,3
data/NMT_preprocessed/train/normal/0001429.npy,0,3
data/NMT_preprocessed/train/normal/0001430.npy,0,4
data/NMT_preprocessed/train/normal/0001431.npy,0,3
data/NMT_preprocessed/train/normal/0001434.npy,0,3
data/NMT_preprocessed/train/normal/0001435.npy,0,2
data/NMT_preprocessed/train/normal/0001437.npy,0,3
data/NMT_preprocessed/train/normal/0001438.npy,0,4
data/NMT_preprocessed/train/normal/0001439.npy,0,1
data/NMT_preprocessed/train/normal/0001440.npy,0,4
data/NMT_preprocessed/train/normal/0001441.npy,0,3
data/NMT_preprocessed/train/normal/0001442.npy,0,1
data/NMT_preprocessed/train/normal/0001443.npy,0,1
data/NMT_preprocessed/train/normal/0001444.npy,0,1
data/NMT_preprocessed/train/normal/0001445.npy,0,1
data/NMT_preprocessed/train/normal/0001446.npy,0,0
data/NMT_preprocessed/train/normal/0001448.npy,0,1
data/NMT_preprocessed/train/normal/0001449.npy,0,4
data/NMT_preprocessed/train/normal/0001452.npy,0,3
data/NMT_preprocessed/train/normal/0001453.npy,0,0
data/NMT_preprocessed/train/normal/0001455.npy,0,0
data/NMT_preprocessed/train/normal/0001457.npy,0,2
data/NMT_preprocessed/train/normal/0001458.npy,0,1
data/NMT_preprocessed/train/normal/0001459.npy,0,1
data/NMT_preprocessed/train/normal/0001460.npy,0,0
data/NMT_preprocessed/train/normal/0001461.npy,0,1
data/NMT_preprocessed/train/normal/0001463.npy,0,4
data/NMT_preprocessed/train/normal/0001465.npy,0,4
data/NMT_preprocessed/train/normal/0001467.npy,0,2
data/NMT_preprocessed/train/normal/0001468.npy,0,3
data/NMT_preprocessed/train/normal/0001469.npy,0,3
data/NMT_preprocessed/train/normal/0001470.npy,0,4
data/NMT_preprocessed/train/normal/0001471.npy,0,3
data/NMT_preprocessed/train/normal/0001472.npy,0,3
data/NMT_preprocessed/train/normal/0001473.npy,0,2
data/NMT_preprocessed/train/normal/0001474.npy,0,1
data/NMT_preprocessed/train/normal/0001476.npy,0,1
data/NMT_preprocessed/train/normal/0001477.npy,0,4
data/NMT_preprocessed/train/normal/0001478.npy,0,4
data/NMT_preprocessed/train/normal/0001479.npy,0,3
data/NMT_preprocessed/train/normal/0001480.npy,0,0
data/NMT_preprocessed/train/normal/0001481.npy,0,3
data/NMT_preprocessed/train/normal/0001482.npy,0,3
data/NMT_preprocessed/train/normal/0001483.npy,0,3
data/NMT_preprocessed/train/normal/0001484.npy,0,1
data/NMT_preprocessed/train/normal/0001485.npy,0,0
data/NMT_preprocessed/train/normal/0001487.npy,0,0
data/NMT_preprocessed/train/normal/0001488.npy,0,3
data/NMT_preprocessed/train/normal/0001489.npy,0,0
data/NMT_preprocessed/train/normal/0001490.npy,0,0
data/NMT_preprocessed/train/normal/0001491.npy,0,4
data/NMT_preprocessed/train/normal/0001492.npy,0,0
data/NMT_preprocessed/train/normal/0001493.npy,0,1
data/NMT_preprocessed/train/normal/0001494.npy,0,0
data/NMT_preprocessed/train/normal/0001495.npy,0,0
data/NMT_preprocessed/train/normal/0001498.npy,0,2
data/NMT_preprocessed/train/normal/0001499.npy,0,2
data/NMT_preprocessed/train/normal/0001500.npy,0,0
data/NMT_preprocessed/train/normal/0001501.npy,0,2
data/NMT_preprocessed/train/normal/0001502.npy,0,3
data/NMT_preprocessed/train/normal/0001503.npy,0,3
data/NMT_preprocessed/train/normal/0001504.npy,0,3
data/NMT_preprocessed/train/normal/0001505.npy,0,0
data/NMT_preprocessed/train/normal/0001506.npy,0,0
data/NMT_preprocessed/train/normal/0001507.npy,0,4
data/NMT_preprocessed/train/normal/0001508.npy,0,0
data/NMT_preprocessed/train/normal/0001510.npy,0,0
data/NMT_preprocessed/train/normal/0001511.npy,0,1
data/NMT_preprocessed/train/normal/0001514.npy,0,4
data/NMT_preprocessed/train/normal/0001515.npy,0,0
data/NMT_preprocessed/train/normal/0001516.npy,0,2
data/NMT_preprocessed/train/normal/0001517.npy,0,4
data/NMT_preprocessed/train/normal/0001518.npy,0,0
data/NMT_preprocessed/train/normal/0001519.npy,0,0
data/NMT_preprocessed/train/normal/0001521.npy,0,0
data/NMT_preprocessed/train/normal/0001522.npy,0,4
data/NMT_preprocessed/train/normal/0001523.npy,0,0
data/NMT_preprocessed/train/normal/0001524.npy,0,2
data/NMT_preprocessed/train/normal/0001525.npy,0,3
data/NMT_preprocessed/train/normal/0001526.npy,0,1
data/NMT_preprocessed/train/normal/0001527.npy,0,4
data/NMT_preprocessed/train/normal/0001528.npy,0,4
data/NMT_preprocessed/train/normal/0001529.npy,0,0
data/NMT_preprocessed/train/normal/0001530.npy,0,1
data/NMT_preprocessed/train/normal/0001531.npy,0,2
data/NMT_preprocessed/train/normal/0001532.npy,0,0
data/NMT_preprocessed/train/normal/0001533.npy,0,2
data/NMT_preprocessed/train/normal/0001537.npy,0,4
data/NMT_preprocessed/train/normal/0001538.npy,0,1
data/NMT_preprocessed/train/normal/0001539.npy,0,2
data/NMT_preprocessed/train/normal/0001540.npy,0,4
data/NMT_preprocessed/train/normal/0001542.npy,0,0
data/NMT_preprocessed/train/normal/0001543.npy,0,3
data/NMT_preprocessed/train/normal/0001544.npy,0,4
data/NMT_preprocessed/train/normal/0001545.npy,0,1
data/NMT_preprocessed/train/normal/0001546.npy,0,1
data/NMT_preprocessed/train/normal/0001547.npy,0,0
data/NMT_preprocessed/train/normal/0001548.npy,0,2
data/NMT_preprocessed/train/normal/0001549.npy,0,0
data/NMT_preprocessed/train/normal/0001550.npy,0,0
data/NMT_preprocessed/train/normal/0001551.npy,0,2
data/NMT_preprocessed/train/normal/0001552.npy,0,2
data/NMT_preprocessed/train/normal/0001553.npy,0,1
data/NMT_preprocessed/train/normal/0001554.npy,0,1
data/NMT_preprocessed/train/normal/0001555.npy,0,4
data/NMT_preprocessed/train/normal/0001556.npy,0,4
data/NMT_preprocessed/train/normal/0001557.npy,0,2
data/NMT_preprocessed/train/normal/0001559.npy,0,0
data/NMT_preprocessed/train/normal/0001560.npy,0,0
data/NMT_preprocessed/train/normal/0001561.npy,0,0
data/NMT_preprocessed/train/normal/0001562.npy,0,2
data/NMT_preprocessed/train/normal/0001563.npy,0,4
data/NMT_preprocessed/train/normal/0001564.npy,0,3
data/NMT_preprocessed/train/normal/0001567.npy,0,0
data/NMT_preprocessed/train/normal/0001568.npy,0,0
data/NMT_preprocessed/train/normal/0001571.npy,0,4
data/NMT_preprocessed/train/normal/0001575.npy,0,4
data/NMT_preprocessed/train/normal/0001576.npy,0,2
data/NMT_preprocessed/train/normal/0001577.npy,0,4
data/NMT_preprocessed/train/normal/0001578.npy,0,0
data/NMT_preprocessed/train/normal/0001579.npy,0,1
data/NMT_preprocessed/train/normal/0001580.npy,0,0
data/NMT_preprocessed/train/normal/0001581.npy,0,0
data/NMT_preprocessed/train/normal/0001582.npy,0,4
data/NMT_preprocessed/train/normal/0001584.npy,0,2
data/NMT_preprocessed/train/normal/0001585.npy,0,0
data/NMT_preprocessed/train/normal/0001587.npy,0,3
data/NMT_preprocessed/train/normal/0001588.npy,0,4
data/NMT_preprocessed/train/normal/0001589.npy,0,2
data/NMT_preprocessed/train/normal/0001590.npy,0,4
data/NMT_preprocessed/train/normal/0001591.npy,0,4
data/NMT_preprocessed/train/normal/0001592.npy,0,0
data/NMT_preprocessed/train/normal/0001595.npy,0,4
data/NMT_preprocessed/train/normal/0001596.npy,0,4
data/NMT_preprocessed/train/normal/0001597.npy,0,4
data/NMT_preprocessed/train/normal/0001599.npy,0,4
data/NMT_preprocessed/train/normal/0001601.npy,0,3
data/NMT_preprocessed/train/normal/0001602.npy,0,1
data/NMT_preprocessed/train/normal/0001603.npy,0,0
data/NMT_preprocessed/train/normal/0001604.npy,0,1
data/NMT_preprocessed/train/normal/0001606.npy,0,2
data/NMT_preprocessed/train/normal/0001609.npy,0,1
data/NMT_preprocessed/train/normal/0001610.npy,0,0
data/NMT_preprocessed/train/normal/0001611.npy,0,0
data/NMT_preprocessed/train/normal/0001612.npy,0,0
data/NMT_preprocessed/train/normal/0001613.npy,0,0
data/NMT_preprocessed/train/normal/0001614.npy,0,2
data/NMT_preprocessed/train/normal/0001617.npy,0,2
data/NMT_preprocessed/train/normal/0001618.npy,0,1
data/NMT_preprocessed/train/normal/0001619.npy,0,1
data/NMT_preprocessed/train/normal/0001620.npy,0,4
data/NMT_preprocessed/train/normal/0001623.npy,0,3
data/NMT_preprocessed/train/normal/0001624.npy,0,1
data/NMT_preprocessed/train/normal/0001625.npy,0,4
data/NMT_preprocessed/train/normal/0001626.npy,0,4
data/NMT_preprocessed/train/normal/0001627.npy,0,1
data/NMT_preprocessed/train/normal/0001628.npy,0,1
data/NMT_preprocessed/train/normal/0001629.npy,0,4
data/NMT_preprocessed/train/normal/0001630.npy,0,0
data/NMT_preprocessed/train/normal/0001631.npy,0,4
data/NMT_preprocessed/train/normal/0001632.npy,0,2
data/NMT_preprocessed/train/normal/0001633.npy,0,0
data/NMT_preprocessed/train/normal/0001634.npy,0,4
data/NMT_preprocessed/train/normal/0001635.npy,0,4
data/NMT_preprocessed/train/normal/0001636.npy,0,2
data/NMT_preprocessed/train/normal/0001637.npy,0,0
data/NMT_preprocessed/train/normal/0001638.npy,0,1
data/NMT_preprocessed/train/normal/0001639.npy,0,3
data/NMT_preprocessed/train/normal/0001642.npy,0,1
data/NMT_preprocessed/train/normal/0001643.npy,0,1
data/NMT_preprocessed/train/normal/0001644.npy,0,4
data/NMT_preprocessed/train/normal/0001645.npy,0,3
data/NMT_preprocessed/train/normal/0001646.npy,0,4
data/NMT_preprocessed/train/normal/0001647.npy,0,4
data/NMT_preprocessed/train/normal/0001648.npy,0,1
data/NMT_preprocessed/train/normal/0001649.npy,0,0
data/NMT_preprocessed/train/normal/0001651.npy,0,1
data/NMT_preprocessed/train/normal/0001654.npy,0,0
data/NMT_preprocessed/train/normal/0001655.npy,0,1
data/NMT_preprocessed/train/normal/0001656.npy,0,3
data/NMT_preprocessed/train/normal/0001659.npy,0,2
data/NMT_preprocessed/train/normal/0001660.npy,0,4
data/NMT_preprocessed/train/normal/0001661.npy,0,3
data/NMT_preprocessed/train/normal/0001663.npy,0,2
data/NMT_preprocessed/train/normal/0001664.npy,0,4
data/NMT_preprocessed/train/normal/0001665.npy,0,1
data/NMT_preprocessed/train/normal/0001666.npy,0,0
data/NMT_preprocessed/train/normal/0001667.npy,0,1
data/NMT_preprocessed/train/normal/0001668.npy,0,2
data/NMT_preprocessed/train/normal/0001670.npy,0,1
data/NMT_preprocessed/train/normal/0001671.npy,0,2
data/NMT_preprocessed/train/normal/0001672.npy,0,4
data/NMT_preprocessed/train/normal/0001673.npy,0,2
data/NMT_preprocessed/train/normal/0001675.npy,0,2
data/NMT_preprocessed/train/normal/0001676.npy,0,2
data/NMT_preprocessed/train/normal/0001677.npy,0,2
data/NMT_preprocessed/train/normal/0001678.npy,0,4
data/NMT_preprocessed/train/normal/0001679.npy,0,0
data/NMT_preprocessed/train/normal/0001680.npy,0,4
data/NMT_preprocessed/train/normal/0001681.npy,0,3
data/NMT_preprocessed/train/normal/0001682.npy,0,2
data/NMT_preprocessed/train/normal/0001685.npy,0,3
data/NMT_preprocessed/train/normal/0001687.npy,0,3
data/NMT_preprocessed/train/normal/0001688.npy,0,4
data/NMT_preprocessed/train/normal/0001689.npy,0,0
data/NMT_preprocessed/train/normal/0001692.npy,0,3
data/NMT_preprocessed/train/normal/0001693.npy,0,1
data/NMT_preprocessed/train/normal/0001694.npy,0,0
data/NMT_preprocessed/train/normal/0001695.npy,0,0
data/NMT_preprocessed/train/normal/0001696.npy,0,3
data/NMT_preprocessed/train/normal/0001698.npy,0,4
data/NMT_preprocessed/train/normal/0001699.npy,0,2
data/NMT_preprocessed/train/normal/0001700.npy,0,1
data/NMT_preprocessed/train/normal/0001701.npy,0,4
data/NMT_preprocessed/train/normal/0001702.npy,0,3
data/NMT_preprocessed/train/normal/0001704.npy,0,3
data/NMT_preprocessed/train/normal/0001705.npy,0,2
data/NMT_preprocessed/train/normal/0001707.npy,0,2
data/NMT_preprocessed/train/normal/0001709.npy,0,1
data/NMT_preprocessed/train/normal/0001710.npy,0,4
data/NMT_preprocessed/train/normal/0001714.npy,0,3
data/NMT_preprocessed/train/normal/0001715.npy,0,1
data/NMT_preprocessed/train/normal/0001716.npy,0,2
data/NMT_preprocessed/train/normal/0001717.npy,0,2
data/NMT_preprocessed/train/normal/0001718.npy,0,2
data/NMT_preprocessed/train/normal/0001719.npy,0,3
data/NMT_preprocessed/train/normal/0001720.npy,0,1
data/NMT_preprocessed/train/normal/0001721.npy,0,3
data/NMT_preprocessed/train/normal/0001722.npy,0,3
data/NMT_preprocessed/train/normal/0001723.npy,0,1
data/NMT_preprocessed/train/normal/0001725.npy,0,4
data/NMT_preprocessed/train/normal/0001727.npy,0,0
data/NMT_preprocessed/train/normal/0001728.npy,0,4
data/NMT_preprocessed/train/normal/0001729.npy,0,4
data/NMT_preprocessed/train/normal/0001730.npy,0,2
data/NMT_preprocessed/train/normal/0001731.npy,0,4
data/NMT_preprocessed/train/normal/0001732.npy,0,1
data/NMT_preprocessed/train/normal/0001733.npy,0,4
data/NMT_preprocessed/train/normal/0001735.npy,0,0
data/NMT_preprocessed/train/normal/0001736.npy,0,2
data/NMT_preprocessed/train/normal/0001737.npy,0,2
data/NMT_preprocessed/train/normal/0001738.npy,0,2
data/NMT_preprocessed/train/normal/0001739.npy,0,1
data/NMT_preprocessed/train/normal/0001740.npy,0,1
data/NMT_preprocessed/train/normal/0001741.npy,0,4
data/NMT_preprocessed/train/normal/0001742.npy,0,3
data/NMT_preprocessed/train/normal/0001743.npy,0,4
data/NMT_preprocessed/train/normal/0001744.npy,0,1
data/NMT_preprocessed/train/normal/0001745.npy,0,0
data/NMT_preprocessed/train/normal/0001747.npy,0,3
data/NMT_preprocessed/train/normal/0001748.npy,0,4
data/NMT_preprocessed/train/normal/0001749.npy,0,1
data/NMT_preprocessed/train/normal/0001750.npy,0,0
data/NMT_preprocessed/train/normal/0001751.npy,0,4
data/NMT_preprocessed/train/normal/0001752.npy,0,4
data/NMT_preprocessed/train/normal/0001753.npy,0,2
data/NMT_preprocessed/train/normal/0001754.npy,0,2
data/NMT_preprocessed/train/normal/0001755.npy,0,3
data/NMT_preprocessed/train/normal/0001756.npy,0,4
data/NMT_preprocessed/train/normal/0001757.npy,0,2
data/NMT_preprocessed/train/normal/0001758.npy,0,3
data/NMT_preprocessed/train/normal/0001759.npy,0,4
data/NMT_preprocessed/train/normal/0001760.npy,0,4
data/NMT_preprocessed/train/normal/0001761.npy,0,3
data/NMT_preprocessed/train/normal/0001762.npy,0,4
data/NMT_preprocessed/train/normal/0001763.npy,0,4
data/NMT_preprocessed/train/normal/0001764.npy,0,1
data/NMT_preprocessed/train/normal/0001765.npy,0,0
data/NMT_preprocessed/train/normal/0001766.npy,0,2
data/NMT_preprocessed/train/normal/0001767.npy,0,2
data/NMT_preprocessed/train/normal/0001768.npy,0,2
data/NMT_preprocessed/train/normal/0001769.npy,0,3
data/NMT_preprocessed/train/normal/0001770.npy,0,4
data/NMT_preprocessed/train/normal/0001771.npy,0,1
data/NMT_preprocessed/train/normal/0001772.npy,0,2
data/NMT_preprocessed/train/normal/0001774.npy,0,3
data/NMT_preprocessed/train/normal/0001775.npy,0,3
data/NMT_preprocessed/train/normal/0001777.npy,0,1
data/NMT_preprocessed/train/normal/0001778.npy,0,3
data/NMT_preprocessed/train/normal/0001779.npy,0,3
data/NMT_preprocessed/train/normal/0001780.npy,0,3
data/NMT_preprocessed/train/normal/0001781.npy,0,3
data/NMT_preprocessed/train/normal/0001782.npy,0,1
data/NMT_preprocessed/train/normal/0001783.npy,0,1
data/NMT_preprocessed/train/normal/0001784.npy,0,0
data/NMT_preprocessed/train/normal/0001785.npy,0,2
data/NMT_preprocessed/train/normal/0001786.npy,0,3
data/NMT_preprocessed/train/normal/0001787.npy,0,4
data/NMT_preprocessed/train/normal/0001788.npy,0,1
data/NMT_preprocessed/train/normal/0001789.npy,0,1
data/NMT_preprocessed/train/normal/0001790.npy,0,4
data/NMT_preprocessed/train/normal/0001791.npy,0,4
data/NMT_preprocessed/train/normal/0001792.npy,0,2
data/NMT_preprocessed/train/normal/0001793.npy,0,0
data/NMT_preprocessed/train/normal/0001795.npy,0,1
data/NMT_preprocessed/train/normal/0001796.npy,0,2
data/NMT_preprocessed/train/normal/0001797.npy,0,1
data/NMT_preprocessed/train/normal/0001799.npy,0,3
data/NMT_preprocessed/train/normal/0001800.npy,0,2
data/NMT_preprocessed/train/normal/0001801.npy,0,4
data/NMT_preprocessed/train/normal/0001802.npy,0,1
data/NMT_preprocessed/train/normal/0001803.npy,0,0
data/NMT_preprocessed/train/normal/0001804.npy,0,4
data/NMT_preprocessed/train/normal/0001805.npy,0,2
data/NMT_preprocessed/train/normal/0001806.npy,0,3
data/NMT_preprocessed/train/normal/0001807.npy,0,1
data/NMT_preprocessed/train/normal/0001808.npy,0,1
data/NMT_preprocessed/train/normal/0001809.npy,0,1
data/NMT_preprocessed/train/normal/0001810.npy,0,2
data/NMT_preprocessed/train/normal/0001811.npy,0,2
data/NMT_preprocessed/train/normal/0001812.npy,0,1
data/NMT_preprocessed/train/normal/0001813.npy,0,4
data/NMT_preprocessed/train/normal/0001814.npy,0,0
data/NMT_preprocessed/train/normal/0001815.npy,0,3
data/NMT_preprocessed/train/normal/0001816.npy,0,2
data/NMT_preprocessed/train/normal/0001817.npy,0,2
data/NMT_preprocessed/train/normal/0001819.npy,0,2
data/NMT_preprocessed/train/normal/0001820.npy,0,4
data/NMT_preprocessed/train/normal/0001821.npy,0,3
data/NMT_preprocessed/train/normal/0001822.npy,0,3
data/NMT_preprocessed/train/normal/0001823.npy,0,3
data/NMT_preprocessed/train/normal/0001824.npy,0,0
data/NMT_preprocessed/train/normal/0001825.npy,0,0
data/NMT_preprocessed/train/normal/0001828.npy,0,3
data/NMT_preprocessed/train/normal/0001829.npy,0,0
data/NMT_preprocessed/train/normal/0001830.npy,0,2
data/NMT_preprocessed/train/normal/0001832.npy,0,2
data/NMT_preprocessed/train/normal/0001835.npy,0,0
data/NMT_preprocessed/train/normal/0001836.npy,0,4
data/NMT_preprocessed/train/normal/0001837.npy,0,4
data/NMT_preprocessed/train/normal/0001838.npy,0,4
data/NMT_preprocessed/train/normal/0001839.npy,0,3
data/NMT_preprocessed/train/normal/0001840.npy,0,4
data/NMT_preprocessed/train/normal/0001841.npy,0,3
data/NMT_preprocessed/train/normal/0001844.npy,0,0
data/NMT_preprocessed/train/normal/0001845.npy,0,0
data/NMT_preprocessed/train/normal/0001846.npy,0,1
data/NMT_preprocessed/train/normal/0001847.npy,0,0
data/NMT_preprocessed/train/normal/0001848.npy,0,2
data/NMT_preprocessed/train/normal/0001849.npy,0,4
data/NMT_preprocessed/train/normal/0001850.npy,0,3
data/NMT_preprocessed/train/normal/0001852.npy,0,4
data/NMT_preprocessed/train/normal/0001853.npy,0,1
data/NMT_preprocessed/train/normal/0001855.npy,0,3
data/NMT_preprocessed/train/normal/0001857.npy,0,4
data/NMT_preprocessed/train/normal/0001858.npy,0,0
data/NMT_preprocessed/train/normal/0001859.npy,0,0
data/NMT_preprocessed/train/normal/0001860.npy,0,2
data/NMT_preprocessed/train/normal/0001861.npy,0,0
data/NMT_preprocessed/train/normal/0001863.npy,0,0
data/NMT_preprocessed/train/normal/0001864.npy,0,1
data/NMT_preprocessed/train/normal/0001865.npy,0,2
data/NMT_preprocessed/train/normal/0001866.npy,0,4
data/NMT_preprocessed/train/normal/0001867.npy,0,4
data/NMT_preprocessed/train/normal/0001868.npy,0,0
data/NMT_preprocessed/train/normal/0001869.npy,0,4
data/NMT_preprocessed/train/normal/0001870.npy,0,4
data/NMT_preprocessed/train/normal/0001871.npy,0,3
data/NMT_preprocessed/train/normal/0001872.npy,0,0
data/NMT_preprocessed/train/normal/0001873.npy,0,3
data/NMT_preprocessed/train/normal/0001874.npy,0,3
data/NMT_preprocessed/train/normal/0001875.npy,0,0
data/NMT_preprocessed/train/normal/0001876.npy,0,3
data/NMT_preprocessed/train/normal/0001877.npy,0,4
data/NMT_preprocessed/train/normal/0001878.npy,0,1
data/NMT_preprocessed/train/normal/0001879.npy,0,3
data/NMT_preprocessed/train/normal/0001880.npy,0,4
data/NMT_preprocessed/train/normal/0001881.npy,0,1
data/NMT_preprocessed/train/normal/0001883.npy,0,0
data/NMT_preprocessed/train/normal/0001884.npy,0,2
data/NMT_preprocessed/train/normal/0001885.npy,0,3
data/NMT_preprocessed/train/normal/0001886.npy,0,0
data/NMT_preprocessed/train/normal/0001888.npy,0,1
data/NMT_preprocessed/train/normal/0001889.npy,0,0
data/NMT_preprocessed/train/normal/0001890.npy,0,4
data/NMT_preprocessed/train/normal/0001891.npy,0,3
data/NMT_preprocessed/train/normal/0001892.npy,0,4
data/NMT_preprocessed/train/normal/0001895.npy,0,1
data/NMT_preprocessed/train/normal/0001897.npy,0,0
data/NMT_preprocessed/train/normal/0001898.npy,0,3
data/NMT_preprocessed/train/normal/0001899.npy,0,2
data/NMT_preprocessed/train/normal/0001900.npy,0,4
data/NMT_preprocessed/train/normal/0001901.npy,0,4
data/NMT_preprocessed/train/normal/0001903.npy,0,4
data/NMT_preprocessed/train/normal/0001905.npy,0,2
data/NMT_preprocessed/train/normal/0001906.npy,0,1
data/NMT_preprocessed/train/normal/0001907.npy,0,0
data/NMT_preprocessed/train/normal/0001908.npy,0,2
data/NMT_preprocessed/train/normal/0001909.npy,0,4
data/NMT_preprocessed/train/normal/0001910.npy,0,0
data/NMT_preprocessed/train/normal/0001911.npy,0,1
data/NMT_preprocessed/train/normal/0001912.npy,0,2
data/NMT_preprocessed/train/normal/0001913.npy,0,2
data/NMT_preprocessed/train/normal/0001914.npy,0,1
data/NMT_preprocessed/train/normal/0001915.npy,0,4
data/NMT_preprocessed/train/normal/0001917.npy,0,2
data/NMT_preprocessed/train/normal/0001918.npy,0,4
data/NMT_preprocessed/train/normal/0001919.npy,0,4
data/NMT_preprocessed/train/normal/0001920.npy,0,1
data/NMT_preprocessed/train/normal/0001921.npy,0,4
data/NMT_preprocessed/train/normal/0001922.npy,0,0
data/NMT_preprocessed/train/normal/0001923.npy,0,3
data/NMT_preprocessed/train/normal/0001924.npy,0,0
data/NMT_preprocessed/train/normal/0001925.npy,0,0
data/NMT_preprocessed/train/normal/0001926.npy,0,0
data/NMT_preprocessed/train/normal/0001927.npy,0,4
data/NMT_preprocessed/train/normal/0001928.npy,0,1
data/NMT_preprocessed/train/normal/0001929.npy,0,3
data/NMT_preprocessed/train/normal/0001930.npy,0,0
data/NMT_preprocessed/train/normal/0001931.npy,0,4
data/NMT_preprocessed/train/normal/0001932.npy,0,4
data/NMT_preprocessed/train/normal/0001933.npy,0,2
data/NMT_preprocessed/train/normal/0001934.npy,0,0
data/NMT_preprocessed/train/normal/0001935.npy,0,3
data/NMT_preprocessed/train/normal/0001936.npy,0,1
data/NMT_preprocessed/train/normal/0001937.npy,0,3
data/NMT_preprocessed/train/normal/0001938.npy,0,3
data/NMT_preprocessed/train/normal/0001939.npy,0,1
data/NMT_preprocessed/train/normal/0001940.npy,0,1
data/NMT_preprocessed/train/normal/0001942.npy,0,2
data/NMT_preprocessed/train/normal/0001943.npy,0,2
data/NMT_preprocessed/train/normal/0001944.npy,0,4
data/NMT_preprocessed/train/normal/0001945.npy,0,1
data/NMT_preprocessed/train/normal/0001946.npy,0,4
data/NMT_preprocessed/train/normal/0001947.npy,0,3
data/NMT_preprocessed/train/normal/0001948.npy,0,4
data/NMT_preprocessed/train/normal/0001949.npy,0,2
data/NMT_preprocessed/train/normal/0001950.npy,0,2
data/NMT_preprocessed/train/normal/0001951.npy,0,0
data/NMT_preprocessed/train/normal/0001952.npy,0,0
data/NMT_preprocessed/train/normal/0001954.npy,0,0
data/NMT_preprocessed/train/normal/0001955.npy,0,2
data/NMT_preprocessed/train/normal/0001956.npy,0,4
data/NMT_preprocessed/train/normal/0001957.npy,0,4
data/NMT_preprocessed/train/normal/0001958.npy,0,3
data/NMT_preprocessed/train/normal/0001960.npy,0,4
data/NMT_preprocessed/train/normal/0001961.npy,0,1
data/NMT_preprocessed/train/normal/0001962.npy,0,2
data/NMT_preprocessed/train/normal/0001963.npy,0,3
data/NMT_preprocessed/train/normal/0001964.npy,0,3
data/NMT_preprocessed/train/normal/0001965.npy,0,4
data/NMT_preprocessed/train/normal/0001968.npy,0,3
data/NMT_preprocessed/train/normal/0001970.npy,0,1
data/NMT_preprocessed/train/normal/0001971.npy,0,3
data/NMT_preprocessed/train/normal/0001972.npy,0,3
data/NMT_preprocessed/train/normal/0001973.npy,0,1
data/NMT_preprocessed/train/normal/0001974.npy,0,2
data/NMT_preprocessed/train/normal/0001975.npy,0,4
data/NMT_preprocessed/train/normal/0001976.npy,0,2
data/NMT_preprocessed/train/normal/0001977.npy,0,3
data/NMT_preprocessed/train/normal/0001978.npy,0,3
data/NMT_preprocessed/train/normal/0001979.npy,0,2
data/NMT_preprocessed/train/normal/0001980.npy,0,1
data/NMT_preprocessed/train/normal/0001981.npy,0,3
data/NMT_preprocessed/train/normal/0001982.npy,0,2
data/NMT_preprocessed/train/normal/0001983.npy,0,0
data/NMT_preprocessed/train/normal/0001984.npy,0,4
data/NMT_preprocessed/train/normal/0001985.npy,0,2
data/NMT_preprocessed/train/normal/0001986.npy,0,2
data/NMT_preprocessed/train/normal/0001987.npy,0,1
data/NMT_preprocessed/train/normal/0001988.npy,0,3
data/NMT_preprocessed/train/normal/0001989.npy,0,2
data/NMT_preprocessed/train/normal/0001990.npy,0,4
data/NMT_preprocessed/train/normal/0001991.npy,0,3
data/NMT_preprocessed/train/normal/0001992.npy,0,1
data/NMT_preprocessed/train/normal/0001993.npy,0,1
data/NMT_preprocessed/train/normal/0001994.npy,0,1
data/NMT_preprocessed/train/normal/0001995.npy,0,1
data/NMT_preprocessed/train/normal/0001996.npy,0,2
data/NMT_preprocessed/train/normal/0001997.npy,0,4
data/NMT_preprocessed/train/normal/0001999.npy,0,3
data/NMT_preprocessed/train/normal/0002000.npy,0,3
data/NMT_preprocessed/train/normal/0002001.npy,0,3
data/NMT_preprocessed/train/normal/0002002.npy,0,3
data/NMT_preprocessed/train/normal/0002003.npy,0,1
data/NMT_preprocessed/train/normal/0002004.npy,0,3
data/NMT_preprocessed/train/normal/0002005.npy,0,1
data/NMT_preprocessed/train/normal/0002006.npy,0,0
data/NMT_preprocessed/train/normal/0002009.npy,0,2
data/NMT_preprocessed/train/normal/0002011.npy,0,1
data/NMT_preprocessed/train/normal/0002013.npy,0,1
data/NMT_preprocessed/train/normal/0002014.npy,0,2
data/NMT_preprocessed/train/normal/0002018.npy,0,2
data/NMT_preprocessed/train/normal/0002019.npy,0,2
data/NMT_preprocessed/train/normal/0002020.npy,0,3
data/NMT_preprocessed/train/normal/0002022.npy,0,2
data/NMT_preprocessed/train/normal/0002023.npy,0,4
data/NMT_preprocessed/train/normal/0002024.npy,0,1
data/NMT_preprocessed/train/normal/0002025.npy,0,1
data/NMT_preprocessed/train/normal/0002026.npy,0,0
data/NMT_preprocessed/train/normal/0002027.npy,0,0
data/NMT_preprocessed/train/normal/0002028.npy,0,2
data/NMT_preprocessed/train/normal/0002029.npy,0,1
data/NMT_preprocessed/train/normal/0002030.npy,0,2
data/NMT_preprocessed/train/normal/0002032.npy,0,2
data/NMT_preprocessed/train/normal/0002033.npy,0,2
data/NMT_preprocessed/train/normal/0002034.npy,0,4
data/NMT_preprocessed/train/normal/0002035.npy,0,3
data/NMT_preprocessed/train/normal/0002036.npy,0,3
data/NMT_preprocessed/train/normal/0002037.npy,0,3
data/NMT_preprocessed/train/normal/0002038.npy,0,1
data/NMT_preprocessed/train/normal/0002039.npy,0,3
data/NMT_preprocessed/train/normal/0002040.npy,0,1
data/NMT_preprocessed/train/normal/0002041.npy,0,0
data/NMT_preprocessed/train/normal/0002042.npy,0,0
data/NMT_preprocessed/train/normal/0002043.npy,0,2
data/NMT_preprocessed/train/normal/0002044.npy,0,3
data/NMT_preprocessed/train/normal/0002048.npy,0,1
data/NMT_preprocessed/train/normal/0002049.npy,0,4
data/NMT_preprocessed/train/normal/0002050.npy,0,3
data/NMT_preprocessed/train/normal/0002051.npy,0,0
data/NMT_preprocessed/train/normal/0002055.npy,0,1
data/NMT_preprocessed/train/normal/0002056.npy,0,1
data/NMT_preprocessed/train/normal/0002058.npy,0,4
data/NMT_preprocessed/train/normal/0002059.npy,0,3
data/NMT_preprocessed/train/normal/0002060.npy,0,4
data/NMT_preprocessed/train/normal/0002065.npy,0,0
data/NMT_preprocessed/train/normal/0002066.npy,0,2
data/NMT_preprocessed/train/normal/0002067.npy,0,1
data/NMT_preprocessed/train/normal/0002068.npy,0,2
data/NMT_preprocessed/train/normal/0002069.npy,0,0
data/NMT_preprocessed/train/normal/0002070.npy,0,2
data/NMT_preprocessed/train/normal/0002071.npy,0,4
data/NMT_preprocessed/train/normal/0002072.npy,0,2
data/NMT_preprocessed/train/normal/0002073.npy,0,1
data/NMT_preprocessed/train/normal/0002074.npy,0,3
data/NMT_preprocessed/train/normal/0002075.npy,0,3
data/NMT_preprocessed/train/normal/0002080.npy,0,4
data/NMT_preprocessed/train/normal/0002081.npy,0,3
data/NMT_preprocessed/train/normal/0002083.npy,0,4
data/NMT_preprocessed/train/normal/0002084.npy,0,4
data/NMT_preprocessed/train/normal/0002085.npy,0,3
data/NMT_preprocessed/train/normal/0002088.npy,0,1
data/NMT_preprocessed/train/normal/0002089.npy,0,2
data/NMT_preprocessed/train/normal/0002090.npy,0,1
data/NMT_preprocessed/train/normal/0002092.npy,0,4
data/NMT_preprocessed/train/normal/0002093.npy,0,3
data/NMT_preprocessed/train/normal/0002096.npy,0,0
data/NMT_preprocessed/train/normal/0002097.npy,0,1
data/NMT_preprocessed/train/normal/0002099.npy,0,1
data/NMT_preprocessed/train/normal/0002101.npy,0,0
data/NMT_preprocessed/train/normal/0002102.npy,0,0
data/NMT_preprocessed/train/normal/0002103.npy,0,3
data/NMT_preprocessed/train/normal/0002104.npy,0,0
data/NMT_preprocessed/train/normal/0002105.npy,0,3
data/NMT_preprocessed/train/normal/0002108.npy,0,2
data/NMT_preprocessed/train/normal/0002109.npy,0,2
data/NMT_preprocessed/train/normal/0002110.npy,0,2
data/NMT_preprocessed/train/normal/0002111.npy,0,1
data/NMT_preprocessed/train/normal/0002112.npy,0,4
data/NMT_preprocessed/train/normal/0002113.npy,0,3
data/NMT_preprocessed/train/normal/0002115.npy,0,0
data/NMT_preprocessed/train/normal/0002116.npy,0,2
data/NMT_preprocessed/train/normal/0002117.npy,0,0
data/NMT_preprocessed/train/normal/0002118.npy,0,3
data/NMT_preprocessed/train/normal/0002119.npy,0,3
data/NMT_preprocessed/train/normal/0002120.npy,0,4
data/NMT_preprocessed/train/normal/0002121.npy,0,3
data/NMT_preprocessed/train/normal/0002122.npy,0,4
data/NMT_preprocessed/train/normal/0002124.npy,0,0
data/NMT_preprocessed/train/normal/0002125.npy,0,0
data/NMT_preprocessed/train/normal/0002127.npy,0,0
data/NMT_preprocessed/train/normal/0002128.npy,0,3
data/NMT_preprocessed/train/normal/0002129.npy,0,4
data/NMT_preprocessed/train/normal/0002130.npy,0,3
data/NMT_preprocessed/train/normal/0002131.npy,0,2
data/NMT_preprocessed/train/normal/0002132.npy,0,0
data/NMT_preprocessed/train/normal/0002133.npy,0,0
data/NMT_preprocessed/train/normal/0002135.npy,0,4
data/NMT_preprocessed/train/normal/0002138.npy,0,0
data/NMT_preprocessed/train/normal/0002139.npy,0,1
data/NMT_preprocessed/train/normal/0002140.npy,0,0
data/NMT_preprocessed/train/normal/0002141.npy,0,1
data/NMT_preprocessed/train/normal/0002142.npy,0,0
data/NMT_preprocessed/train/normal/0002145.npy,0,2
data/NMT_preprocessed/train/normal/0002146.npy,0,4
data/NMT_preprocessed/train/normal/0002147.npy,0,2
data/NMT_preprocessed/train/normal/0002148.npy,0,2
data/NMT_preprocessed/train/normal/0002150.npy,0,0
data/NMT_preprocessed/train/normal/0002151.npy,0,2
data/NMT_preprocessed/train/normal/0002152.npy,0,3
data/NMT_preprocessed/train/normal/0002154.npy,0,0
data/NMT_preprocessed/train/normal/0002155.npy,0,1
data/NMT_preprocessed/train/normal/0002156.npy,0,4
data/NMT_preprocessed/train/normal/0002157.npy,0,3
data/NMT_preprocessed/train/normal/0002158.npy,0,4
data/NMT_preprocessed/train/normal/0002159.npy,0,2
data/NMT_preprocessed/train/normal/0002160.npy,0,1
data/NMT_preprocessed/train/normal/0002162.npy,0,2
data/NMT_preprocessed/train/normal/0002163.npy,0,0
data/NMT_preprocessed/train/normal/0002165.npy,0,0
data/NMT_preprocessed/train/normal/0002167.npy,0,3
data/NMT_preprocessed/train/normal/0002168.npy,0,2
data/NMT_preprocessed/train/normal/0002169.npy,0,1
data/NMT_preprocessed/train/normal/0002171.npy,0,4
data/NMT_preprocessed/train/normal/0002172.npy,0,3
data/NMT_preprocessed/train/normal/0002173.npy,0,2
data/NMT_preprocessed/train/normal/0002174.npy,0,4
data/NMT_preprocessed/train/normal/0002175.npy,0,4
data/NMT_preprocessed/train/normal/0002178.npy,0,4
data/NMT_preprocessed/train/normal/0002179.npy,0,2
data/NMT_preprocessed/train/normal/0002180.npy,0,1
data/NMT_preprocessed/train/normal/0002182.npy,0,3
data/NMT_preprocessed/train/normal/0002183.npy,0,3
data/NMT_preprocessed/train/normal/0002184.npy,0,4
data/NMT_preprocessed/train/normal/0002185.npy,0,4
data/NMT_preprocessed/train/normal/0002186.npy,0,1
data/NMT_preprocessed/train/normal/0002187.npy,0,4
data/NMT_preprocessed/train/normal/0002189.npy,0,4
data/NMT_preprocessed/train/normal/0002190.npy,0,3
data/NMT_preprocessed/train/normal/0002191.npy,0,4
data/NMT_preprocessed/train/normal/0002192.npy,0,2
data/NMT_preprocessed/train/normal/0002193.npy,0,0
data/NMT_preprocessed/train/normal/0002194.npy,0,4
data/NMT_preprocessed/train/normal/0002195.npy,0,2
data/NMT_preprocessed/train/normal/0002197.npy,0,4
data/NMT_preprocessed/train/normal/0002198.npy,0,4
data/NMT_preprocessed/train/normal/0002199.npy,0,1
data/NMT_preprocessed/train/normal/0002205.npy,0,4
data/NMT_preprocessed/train/normal/0002206.npy,0,1
data/NMT_preprocessed/train/normal/0002208.npy,0,2
data/NMT_preprocessed/train/normal/0002209.npy,0,4
data/NMT_preprocessed/train/normal/0002210.npy,0,4
data/NMT_preprocessed/train/normal/0002211.npy,0,0
data/NMT_preprocessed/train/normal/0002212.npy,0,2
data/NMT_preprocessed/train/normal/0002213.npy,0,2
data/NMT_preprocessed/train/normal/0002214.npy,0,0
data/NMT_preprocessed/train/normal/0002215.npy,0,0
data/NMT_preprocessed/train/normal/0002216.npy,0,3
data/NMT_preprocessed/train/normal/0002217.npy,0,0
data/NMT_preprocessed/train/normal/0002219.npy,0,2
data/NMT_preprocessed/train/normal/0002220.npy,0,1
data/NMT_preprocessed/train/normal/0002221.npy,0,2
data/NMT_preprocessed/train/normal/0002222.npy,0,3
data/NMT_preprocessed/train/normal/0002223.npy,0,0
data/NMT_preprocessed/train/normal/0002226.npy,0,0
data/NMT_preprocessed/train/normal/0002227.npy,0,4
data/NMT_preprocessed/train/normal/0002228.npy,0,0
data/NMT_preprocessed/train/normal/0002229.npy,0,3
data/NMT_preprocessed/train/normal/0002230.npy,0,3
data/NMT_preprocessed/train/normal/0002231.npy,0,0
data/NMT_preprocessed/train/normal/0002232.npy,0,0
data/NMT_preprocessed/train/normal/0002233.npy,0,1
data/NMT_preprocessed/train/normal/0002235.npy,0,4
data/NMT_preprocessed/train/normal/0002237.npy,0,4
data/NMT_preprocessed/train/normal/0002238.npy,0,1
data/NMT_preprocessed/train/normal/0002239.npy,0,0
data/NMT_preprocessed/train/normal/0002240.npy,0,1
data/NMT_preprocessed/train/normal/0002241.npy,0,3
data/NMT_preprocessed/train/normal/0002242.npy,0,0
data/NMT_preprocessed/train/normal/0002243.npy,0,4
data/NMT_preprocessed/train/normal/0002245.npy,0,3
data/NMT_preprocessed/train/normal/0002246.npy,0,3
data/NMT_preprocessed/train/normal/0002247.npy,0,2
data/NMT_preprocessed/train/normal/0002248.npy,0,1
data/NMT_preprocessed/train/normal/0002250.npy,0,4
data/NMT_preprocessed/train/normal/0002251.npy,0,3
data/NMT_preprocessed/train/normal/0002252.npy,0,2
data/NMT_preprocessed/train/normal/0002253.npy,0,2
data/NMT_preprocessed/train/normal/0002254.npy,0,2
data/NMT_preprocessed/train/normal/0002255.npy,0,3
data/NMT_preprocessed/train/normal/0002258.npy,0,0
data/NMT_preprocessed/train/normal/0002259.npy,0,2
data/NMT_preprocessed/train/normal/0002260.npy,0,0
data/NMT_preprocessed/train/normal/0002263.npy,0,2
data/NMT_preprocessed/train/normal/0002265.npy,0,2
data/NMT_preprocessed/train/normal/0002267.npy,0,3
data/NMT_preprocessed/train/normal/0002270.npy,0,1
data/NMT_preprocessed/train/normal/0002271.npy,0,2
data/NMT_preprocessed/train/normal/0002272.npy,0,4
data/NMT_preprocessed/train/normal/0002273.npy,0,2
data/NMT_preprocessed/train/normal/0002274.npy,0,3
data/NMT_preprocessed/train/normal/0002275.npy,0,1
data/NMT_preprocessed/train/normal/0002277.npy,0,2
data/NMT_preprocessed/train/normal/0002278.npy,0,0
data/NMT_preprocessed/train/normal/0002279.npy,0,1
data/NMT_preprocessed/train/normal/0002280.npy,0,3
data/NMT_preprocessed/train/normal/0002281.npy,0,2
data/NMT_preprocessed/train/normal/0002282.npy,0,0
data/NMT_preprocessed/train/normal/0002283.npy,0,0
data/NMT_preprocessed/train/normal/0002284.npy,0,3
data/NMT_preprocessed/train/normal/0002285.npy,0,1
data/NMT_preprocessed/train/normal/0002286.npy,0,3
data/NMT_preprocessed/train/normal/0002288.npy,0,1
data/NMT_preprocessed/train/normal/0002289.npy,0,2
data/NMT_preprocessed/train/normal/0002290.npy,0,3
data/NMT_preprocessed/train/normal/0002291.npy,0,0
data/NMT_preprocessed/train/normal/0002292.npy,0,3
data/NMT_preprocessed/train/normal/0002294.npy,0,3
data/NMT_preprocessed/train/normal/0002295.npy,0,0
data/NMT_preprocessed/train/normal/0002296.npy,0,3
data/NMT_preprocessed/train/normal/0002297.npy,0,4
data/NMT_preprocessed/train/normal/0002298.npy,0,1
data/NMT_preprocessed/train/normal/0002299.npy,0,3
data/NMT_preprocessed/train/normal/0002300.npy,0,0
data/NMT_preprocessed/train/normal/0002301.npy,0,4
data/NMT_preprocessed/train/normal/0002302.npy,0,1
data/NMT_preprocessed/train/normal/0002305.npy,0,1
data/NMT_preprocessed/train/normal/0002306.npy,0,3
data/NMT_preprocessed/train/normal/0002307.npy,0,3
data/NMT_preprocessed/train/normal/0002308.npy,0,4
data/NMT_preprocessed/train/normal/0002309.npy,0,2
data/NMT_preprocessed/train/normal/0002311.npy,0,0
data/NMT_preprocessed/train/normal/0002313.npy,0,2
data/NMT_preprocessed/train/normal/0002315.npy,0,2
data/NMT_preprocessed/train/normal/0002317.npy,0,3
data/NMT_preprocessed/train/normal/0002318.npy,0,0
data/NMT_preprocessed/train/normal/0002319.npy,0,2
data/NMT_preprocessed/train/normal/0002320.npy,0,0
data/NMT_preprocessed/train/normal/0002321.npy,0,1
data/NMT_preprocessed/train/normal/0002322.npy,0,0
data/NMT_preprocessed/train/normal/0002323.npy,0,2
data/NMT_preprocessed/train/normal/0002324.npy,0,2
data/NMT_preprocessed/train/normal/0002326.npy,0,0
data/NMT_preprocessed/train/normal/0002328.npy,0,1
data/NMT_preprocessed/train/normal/0002330.npy,0,2
data/NMT_preprocessed/train/normal/0002331.npy,0,4
data/NMT_preprocessed/train/normal/0002332.npy,0,2
data/NMT_preprocessed/train/normal/0002333.npy,0,2
data/NMT_preprocessed/train/normal/0002334.npy,0,1
data/NMT_preprocessed/train/normal/0002336.npy,0,3
data/NMT_preprocessed/train/normal/0002337.npy,0,1
data/NMT_preprocessed/train/normal/0002338.npy,0,0
data/NMT_preprocessed/train/normal/0002340.npy,0,2
data/NMT_preprocessed/train/normal/0002341.npy,0,1
data/NMT_preprocessed/train/normal/0002342.npy,0,1
data/NMT_preprocessed/train/normal/0002343.npy,0,0
data/NMT_preprocessed/train/normal/0002345.npy,0,1
data/NMT_preprocessed/train/normal/0002346.npy,0,2
data/NMT_preprocessed/train/normal/0002347.npy,0,3
data/NMT_preprocessed/train/normal/0002348.npy,0,0
data/NMT_preprocessed/train/normal/0002349.npy,0,0
data/NMT_preprocessed/train/normal/0002352.npy,0,0
data/NMT_preprocessed/train/normal/0002353.npy,0,4
data/NMT_preprocessed/train/normal/0002354.npy,0,0
data/NMT_preprocessed/train/normal/0002355.npy,0,3
data/NMT_preprocessed/train/normal/0002356.npy,0,4
data/NMT_preprocessed/train/normal/0002357.npy,0,1
data/NMT_preprocessed/train/normal/0002359.npy,0,0
data/NMT_preprocessed/train/normal/0002360.npy,0,3
data/NMT_preprocessed/train/normal/0002361.npy,0,0
data/NMT_preprocessed/train/normal/0002362.npy,0,0
data/NMT_preprocessed/train/normal/0002363.npy,0,2
data/NMT_preprocessed/train/normal/0002364.npy,0,0
data/NMT_preprocessed/train/normal/0002365.npy,0,2
data/NMT_preprocessed/train/normal/0002367.npy,0,3
data/NMT_preprocessed/train/normal/0002368.npy,0,4
data/NMT_preprocessed/train/normal/0002371.npy,0,0
data/NMT_preprocessed/train/normal/0002372.npy,0,2
data/NMT_preprocessed/train/normal/0002374.npy,0,3
data/NMT_preprocessed/train/normal/0002376.npy,0,4
data/NMT_preprocessed/train/normal/0002377.npy,0,0
data/NMT_preprocessed/train/normal/0002378.npy,0,4
data/NMT_preprocessed/train/normal/0002379.npy,0,3
data/NMT_preprocessed/train/normal/0002381.npy,0,2
data/NMT_preprocessed/train/normal/0002383.npy,0,3
data/NMT_preprocessed/train/normal/0002385.npy,0,4
data/NMT_preprocessed/train/normal/0002386.npy,0,0
data/NMT_preprocessed/train/normal/0002388.npy,0,4
data/NMT_preprocessed/train/normal/0002390.npy,0,3
data/NMT_preprocessed/train/normal/0002391.npy,0,1
data/NMT_preprocessed/train/normal/0002392.npy,0,4
data/NMT_preprocessed/train/normal/0002393.npy,0,0
data/NMT_preprocessed/train/normal/0002395.npy,0,2
data/NMT_preprocessed/train/normal/0002396.npy,0,1
data/NMT_preprocessed/train/normal/0002397.npy,0,1
data/NMT_preprocessed/train/normal/0002398.npy,0,2
data/NMT_preprocessed/train/normal/0002399.npy,0,3
data/NMT_preprocessed/train/normal/0002400.npy,0,4
data/NMT_preprocessed/train/normal/0002401.npy,0,2
data/NMT_preprocessed/train/normal/0002402.npy,0,4
data/NMT_preprocessed/train/normal/0002403.npy,0,3
data/NMT_preprocessed/train/normal/0002404.npy,0,2
data/NMT_preprocessed/train/normal/0002405.npy,0,2
data/NMT_preprocessed/train/normal/0002408.npy,0,2
data/NMT_preprocessed/train/normal/0002409.npy,0,4
data/NMT_preprocessed/train/normal/0002410.npy,0,2
data/NMT_preprocessed/train/normal/0002411.npy,0,2
data/NMT_preprocessed/train/normal/0002412.npy,0,1
data/NMT_preprocessed/train/normal/0002413.npy,0,0
data/NMT_preprocessed/train/normal/0002415.npy,0,0
data/NMT_preprocessed/train/abnormal/0000002.npy,1,0
data/NMT_preprocessed/train/abnormal/0000004.npy,1,3
data/NMT_preprocessed/train/abnormal/0000008.npy,1,0
data/NMT_preprocessed/train/abnormal/0000009.npy,1,0
data/NMT_preprocessed/train/abnormal/0000012.npy,1,1
data/NMT_preprocessed/train/abnormal/0000017.npy,1,1
data/NMT_preprocessed/train/abnormal/0000025.npy,1,2
data/NMT_preprocessed/train/abnormal/0000040.npy,1,4
data/NMT_preprocessed/train/abnormal/0000041.npy,1,4
data/NMT_preprocessed/train/abnormal/0000045.npy,1,3
data/NMT_preprocessed/train/abnormal/0000047.npy,1,2
data/NMT_preprocessed/train/abnormal/0000052.npy,1,3
data/NMT_preprocessed/train/abnormal/0000071.npy,1,3
data/NMT_preprocessed/train/abnormal/0000072.npy,1,4
data/NMT_preprocessed/train/abnormal/0000079.npy,1,2
data/NMT_preprocessed/train/abnormal/0000088.npy,1,1
data/NMT_preprocessed/train/abnormal/0000090.npy,1,2
data/NMT_preprocessed/train/abnormal/0000094.npy,1,2
data/NMT_preprocessed/train/abnormal/0000099.npy,1,2
data/NMT_preprocessed/train/abnormal/0000108.npy,1,4
data/NMT_preprocessed/train/abnormal/0000115.npy,1,1
data/NMT_preprocessed/train/abnormal/0000140.npy,1,4
data/NMT_preprocessed/train/abnormal/0000151.npy,1,1
data/NMT_preprocessed/train/abnormal/0000154.npy,1,0
data/NMT_preprocessed/train/abnormal/0000161.npy,1,0
data/NMT_preprocessed/train/abnormal/0000162.npy,1,3
data/NMT_preprocessed/train/abnormal/0000164.npy,1,3
data/NMT_preprocessed/train/abnormal/0000167.npy,1,4
data/NMT_preprocessed/train/abnormal/0000182.npy,1,1
data/NMT_preprocessed/train/abnormal/0000188.npy,1,2
data/NMT_preprocessed/train/abnormal/0000200.npy,1,4
data/NMT_preprocessed/train/abnormal/0000211.npy,1,1
data/NMT_preprocessed/train/abnormal/0000212.npy,1,0
data/NMT_preprocessed/train/abnormal/0000215.npy,1,1
data/NMT_preprocessed/train/abnormal/0000217.npy,1,1
data/NMT_preprocessed/train/abnormal/0000218.npy,1,3
data/NMT_preprocessed/train/abnormal/0000221.npy,1,2
data/NMT_preprocessed/train/abnormal/0000222.npy,1,0
data/NMT_preprocessed/train/abnormal/0000224.npy,1,2
data/NMT_preprocessed/train/abnormal/0000225.npy,1,0
data/NMT_preprocessed/train/abnormal/0000237.npy,1,3
data/NMT_preprocessed/train/abnormal/0000240.npy,1,4
data/NMT_preprocessed/train/abnormal/0000241.npy,1,2
data/NMT_preprocessed/train/abnormal/0000248.npy,1,2
data/NMT_preprocessed/train/abnormal/0000255.npy,1,1
data/NMT_preprocessed/train/abnormal/0000258.npy,1,0
data/NMT_preprocessed/train/abnormal/0000264.npy,1,1
data/NMT_preprocessed/train/abnormal/0000268.npy,1,4
data/NMT_preprocessed/train/abnormal/0000285.npy,1,4
data/NMT_preprocessed/train/abnormal/0000291.npy,1,3
data/NMT_preprocessed/train/abnormal/0000305.npy,1,3
data/NMT_preprocessed/train/abnormal/0000311.npy,1,2
data/NMT_preprocessed/train/abnormal/0000315.npy,1,4
data/NMT_preprocessed/train/abnormal/0000317.npy,1,3
data/NMT_preprocessed/train/abnormal/0000332.npy,1,0
data/NMT_preprocessed/train/abnormal/0000344.npy,1,2
data/NMT_preprocessed/train/abnormal/0000352.npy,1,3
data/NMT_preprocessed/train/abnormal/0000361.npy,1,4
data/NMT_preprocessed/train/abnormal/0000362.npy,1,2
data/NMT_preprocessed/train/abnormal/0000367.npy,1,3
data/NMT_preprocessed/train/abnormal/0000368.npy,1,4
data/NMT_preprocessed/train/abnormal/0000384.npy,1,1
data/NMT_preprocessed/train/abnormal/0000385.npy,1,0
data/NMT_preprocessed/train/abnormal/0000388.npy,1,1
data/NMT_preprocessed/train/abnormal/0000394.npy,1,0
data/NMT_preprocessed/train/abnormal/0000395.npy,1,0
data/NMT_preprocessed/train/abnormal/0000397.npy,1,3
data/NMT_preprocessed/train/abnormal/0000408.npy,1,2
data/NMT_preprocessed/train/abnormal/0000419.npy,1,3
data/NMT_preprocessed/train/abnormal/0000421.npy,1,2
data/NMT_preprocessed/train/abnormal/0000427.npy,1,2
data/NMT_preprocessed/train/abnormal/0000429.npy,1,4
data/NMT_preprocessed/train/abnormal/0000438.npy,1,1
data/NMT_preprocessed/train/abnormal/0000440.npy,1,1
data/NMT_preprocessed/train/abnormal/0000444.npy,1,1
data/NMT_preprocessed/train/abnormal/0000451.npy,1,0
data/NMT_preprocessed/train/abnormal/0000470.npy,1,0
data/NMT_preprocessed/train/abnormal/0000484.npy,1,1
data/NMT_preprocessed/train/abnormal/0000489.npy,1,1
data/NMT_preprocessed/train/abnormal/0000491.npy,1,2
data/NMT_preprocessed/train/abnormal/0000498.npy,1,0
data/NMT_preprocessed/train/abnormal/0000499.npy,1,1
data/NMT_preprocessed/train/abnormal/0000500.npy,1,1
data/NMT_preprocessed/train/abnormal/0000501.npy,1,0
data/NMT_preprocessed/train/abnormal/0000509.npy,1,3
data/NMT_preprocessed/train/abnormal/0000531.npy,1,1
data/NMT_preprocessed/train/abnormal/0000532.npy,1,3
data/NMT_preprocessed/train/abnormal/0000535.npy,1,1
data/NMT_preprocessed/train/abnormal/0000538.npy,1,4
data/NMT_preprocessed/train/abnormal/0000551.npy,1,4
data/NMT_preprocessed/train/abnormal/0000552.npy,1,1
data/NMT_preprocessed/train/abnormal/0000557.npy,1,1
data/NMT_preprocessed/train/abnormal/0000558.npy,1,2
data/NMT_preprocessed/train/abnormal/0000609.npy,1,4
data/NMT_preprocessed/train/abnormal/0000645.npy,1,2
data/NMT_preprocessed/train/abnormal/0000647.npy,1,0
data/NMT_preprocessed/train/abnormal/0000648.npy,1,4
data/NMT_preprocessed/train/abnormal/0000667.npy,1,2
data/NMT_preprocessed/train/abnormal/0000710.npy,1,0
data/NMT_preprocessed/train/abnormal/0000742.npy,1,2
data/NMT_preprocessed/train/abnormal/0000748.npy,1,2
data/NMT_preprocessed/train/abnormal/0000780.npy,1,1
data/NMT_preprocessed/train/abnormal/0000798.npy,1,4
data/NMT_preprocessed/train/abnormal/0000804.npy,1,1
data/NMT_preprocessed/train/abnormal/0000832.npy,1,4
data/NMT_preprocessed/train/abnormal/0000839.npy,1,4
data/NMT_preprocessed/train/abnormal/0000847.npy,1,0
data/NMT_preprocessed/train/abnormal/0000851.npy,1,4
data/NMT_preprocessed/train/abnormal/0000860.npy,1,1
data/NMT_preprocessed/train/abnormal/0000871.npy,1,3
data/NMT_preprocessed/train/abnormal/0000880.npy,1,4
data/NMT_preprocessed/train/abnormal/0000884.npy,1,0
data/NMT_preprocessed/train/abnormal/0000901.npy,1,4
data/NMT_preprocessed/train/abnormal/0000907.npy,1,0
data/NMT_preprocessed/train/abnormal/0000908.npy,1,4
data/NMT_preprocessed/train/abnormal/0000909.npy,1,0
data/NMT_preprocessed/train/abnormal/0000910.npy,1,2
data/NMT_preprocessed/train/abnormal/0000911.npy,1,4
data/NMT_preprocessed/train/abnormal/0000927.npy,1,0
data/NMT_preprocessed/train/abnormal/0000940.npy,1,2
data/NMT_preprocessed/train/abnormal/0000988.npy,1,0
data/NMT_preprocessed/train/abnormal/0000997.npy,1,2
data/NMT_preprocessed/train/abnormal/0001021.npy,1,2
data/NMT_preprocessed/train/abnormal/0001025.npy,1,1
data/NMT_preprocessed/train/abnormal/0001032.npy,1,3
data/NMT_preprocessed/train/abnormal/0001035.npy,1,4
data/NMT_preprocessed/train/abnormal/0001042.npy,1,1
data/NMT_preprocessed/train/abnormal/0001051.npy,1,3
data/NMT_preprocessed/train/abnormal/0001064.npy,1,4
data/NMT_preprocessed/train/abnormal/0001067.npy,1,1
data/NMT_preprocessed/train/abnormal/0001072.npy,1,2
data/NMT_preprocessed/train/abnormal/0001082.npy,1,1
data/NMT_preprocessed/train/abnormal/0001089.npy,1,4
data/NMT_preprocessed/train/abnormal/0001097.npy,1,3
data/NMT_preprocessed/train/abnormal/0001099.npy,1,0
data/NMT_preprocessed/train/abnormal/0001118.npy,1,0
data/NMT_preprocessed/train/abnormal/0001119.npy,1,2
data/NMT_preprocessed/train/abnormal/0001120.npy,1,4
data/NMT_preprocessed/train/abnormal/0001122.npy,1,4
data/NMT_preprocessed/train/abnormal/0001125.npy,1,1
data/NMT_preprocessed/train/abnormal/0001127.npy,1,0
data/NMT_preprocessed/train/abnormal/0001140.npy,1,0
data/NMT_preprocessed/train/abnormal/0001145.npy,1,3
data/NMT_preprocessed/train/abnormal/0001152.npy,1,3
data/NMT_preprocessed/train/abnormal/0001160.npy,1,1
data/NMT_preprocessed/train/abnormal/0001170.npy,1,3
data/NMT_preprocessed/train/abnormal/0001179.npy,1,0
data/NMT_preprocessed/train/abnormal/0001185.npy,1,1
data/NMT_preprocessed/train/abnormal/0001200.npy,1,4
data/NMT_preprocessed/train/abnormal/0001202.npy,1,1
data/NMT_preprocessed/train/abnormal/0001208.npy,1,1
data/NMT_preprocessed/train/abnormal/0001211.npy,1,2
data/NMT_preprocessed/train/abnormal/0001221.npy,1,1
data/NMT_preprocessed/train/abnormal/0001238.npy,1,4
data/NMT_preprocessed/train/abnormal/0001239.npy,1,2
data/NMT_preprocessed/train/abnormal/0001241.npy,1,4
data/NMT_preprocessed/train/abnormal/0001242.npy,1,2
data/NMT_preprocessed/train/abnormal/0001249.npy,1,2
data/NMT_preprocessed/train/abnormal/0001258.npy,1,3
data/NMT_preprocessed/train/abnormal/0001261.npy,1,0
data/NMT_preprocessed/train/abnormal/0001270.npy,1,3
data/NMT_preprocessed/train/abnormal/0001271.npy,1,1
data/NMT_preprocessed/train/abnormal/0001280.npy,1,3
data/NMT_preprocessed/train/abnormal/0001289.npy,1,0
data/NMT_preprocessed/train/abnormal/0001290.npy,1,2
data/NMT_preprocessed/train/abnormal/0001300.npy,1,3
data/NMT_preprocessed/train/abnormal/0001304.npy,1,1
data/NMT_preprocessed/train/abnormal/0001311.npy,1,1
data/NMT_preprocessed/train/abnormal/0001312.npy,1,3
data/NMT_preprocessed/train/abnormal/0001332.npy,1,0
data/NMT_preprocessed/train/abnormal/0001334.npy,1,3
data/NMT_preprocessed/train/abnormal/0001348.npy,1,3
data/NMT_preprocessed/train/abnormal/0001350.npy,1,2
data/NMT_preprocessed/train/abnormal/0001352.npy,1,2
data/NMT_preprocessed/train/abnormal/0001362.npy,1,3
data/NMT_preprocessed/train/abnormal/0001364.npy,1,3
data/NMT_preprocessed/train/abnormal/0001370.npy,1,3
data/NMT_preprocessed/train/abnormal/0001385.npy,1,3
data/NMT_preprocessed/train/abnormal/0001391.npy,1,1
data/NMT_preprocessed/train/abnormal/0001399.npy,1,2
data/NMT_preprocessed/train/abnormal/0001402.npy,1,0
data/NMT_preprocessed/train/abnormal/0001404.npy,1,4
data/NMT_preprocessed/train/abnormal/0001407.npy,1,4
data/NMT_preprocessed/train/abnormal/0001420.npy,1,1
data/NMT_preprocessed/train/abnormal/0001422.npy,1,3
data/NMT_preprocessed/train/abnormal/0001425.npy,1,4
data/NMT_preprocessed/train/abnormal/0001427.npy,1,0
data/NMT_preprocessed/train/abnormal/0001432.npy,1,4
data/NMT_preprocessed/train/abnormal/0001450.npy,1,3
data/NMT_preprocessed/train/abnormal/0001451.npy,1,0
data/NMT_preprocessed/train/abnormal/0001462.npy,1,3
data/NMT_preprocessed/train/abnormal/0001464.npy,1,2
data/NMT_preprocessed/train/abnormal/0001475.npy,1,3
data/NMT_preprocessed/train/abnormal/0001497.npy,1,1
data/NMT_preprocessed/train/abnormal/0001509.npy,1,1
data/NMT_preprocessed/train/abnormal/0001512.npy,1,0
data/NMT_preprocessed/train/abnormal/0001520.npy,1,2
data/NMT_preprocessed/train/abnormal/0001535.npy,1,4
data/NMT_preprocessed/train/abnormal/0001541.npy,1,4
data/NMT_preprocessed/train/abnormal/0001558.npy,1,3
data/NMT_preprocessed/train/abnormal/0001565.npy,1,0
data/NMT_preprocessed/train/abnormal/0001569.npy,1,2
data/NMT_preprocessed/train/abnormal/0001570.npy,1,4
data/NMT_preprocessed/train/abnormal/0001572.npy,1,4
data/NMT_preprocessed/train/abnormal/0001598.npy,1,4
data/NMT_preprocessed/train/abnormal/0001600.npy,1,1
data/NMT_preprocessed/train/abnormal/0001605.npy,1,3
data/NMT_preprocessed/train/abnormal/0001607.npy,1,0
data/NMT_preprocessed/train/abnormal/0001608.npy,1,4
data/NMT_preprocessed/train/abnormal/0001615.npy,1,3
data/NMT_preprocessed/train/abnormal/0001621.npy,1,4
data/NMT_preprocessed/train/abnormal/0001622.npy,1,3
data/NMT_preprocessed/train/abnormal/0001640.npy,1,3
data/NMT_preprocessed/train/abnormal/0001641.npy,1,2
data/NMT_preprocessed/train/abnormal/0001650.npy,1,0
data/NMT_preprocessed/train/abnormal/0001652.npy,1,1
data/NMT_preprocessed/train/abnormal/0001657.npy,1,0
data/NMT_preprocessed/train/abnormal/0001658.npy,1,3
data/NMT_preprocessed/train/abnormal/0001662.npy,1,0
data/NMT_preprocessed/train/abnormal/0001669.npy,1,1
data/NMT_preprocessed/train/abnormal/0001674.npy,1,1
data/NMT_preprocessed/train/abnormal/0001686.npy,1,3
data/NMT_preprocessed/train/abnormal/0001690.npy,1,3
data/NMT_preprocessed/train/abnormal/0001691.npy,1,2
data/NMT_preprocessed/train/abnormal/0001697.npy,1,0
data/NMT_preprocessed/train/abnormal/0001708.npy,1,4
data/NMT_preprocessed/train/abnormal/0001711.npy,1,0
data/NMT_preprocessed/train/abnormal/0001712.npy,1,2
data/NMT_preprocessed/train/abnormal/0001726.npy,1,1
data/NMT_preprocessed/train/abnormal/0001734.npy,1,0
data/NMT_preprocessed/train/abnormal/0001746.npy,1,0
data/NMT_preprocessed/train/abnormal/0001773.npy,1,4
data/NMT_preprocessed/train/abnormal/0001798.npy,1,2
data/NMT_preprocessed/train/abnormal/0001818.npy,1,2
data/NMT_preprocessed/train/abnormal/0001827.npy,1,0
data/NMT_preprocessed/train/abnormal/0001831.npy,1,3
data/NMT_preprocessed/train/abnormal/0001834.npy,1,4
data/NMT_preprocessed/train/abnormal/0001842.npy,1,4
data/NMT_preprocessed/train/abnormal/0001851.npy,1,4
data/NMT_preprocessed/train/abnormal/0001862.npy,1,0
data/NMT_preprocessed/train/abnormal/0001882.npy,1,2
data/NMT_preprocessed/train/abnormal/0001902.npy,1,3
data/NMT_preprocessed/train/abnormal/0001904.npy,1,3
data/NMT_preprocessed/train/abnormal/0001916.npy,1,1
data/NMT_preprocessed/train/abnormal/0001941.npy,1,3
data/NMT_preprocessed/train/abnormal/0001959.npy,1,4
data/NMT_preprocessed/train/abnormal/0001969.npy,1,0
data/NMT_preprocessed/train/abnormal/0001998.npy,1,3
data/NMT_preprocessed/train/abnormal/0002007.npy,1,2
data/NMT_preprocessed/train/abnormal/0002008.npy,1,4
data/NMT_preprocessed/train/abnormal/0002010.npy,1,0
data/NMT_preprocessed/train/abnormal/0002012.npy,1,2
data/NMT_preprocessed/train/abnormal/0002015.npy,1,3
data/NMT_preprocessed/train/abnormal/0002017.npy,1,2
data/NMT_preprocessed/train/abnormal/0002021.npy,1,4
data/NMT_preprocessed/train/abnormal/0002031.npy,1,1
data/NMT_preprocessed/train/abnormal/0002045.npy,1,2
data/NMT_preprocessed/train/abnormal/0002046.npy,1,0
data/NMT_preprocessed/train/abnormal/0002052.npy,1,0
data/NMT_preprocessed/train/abnormal/0002054.npy,1,3
data/NMT_preprocessed/train/abnormal/0002057.npy,1,2
data/NMT_preprocessed/train/abnormal/0002061.npy,1,1
data/NMT_preprocessed/train/abnormal/0002062.npy,1,4
data/NMT_preprocessed/train/abnormal/0002076.npy,1,2
data/NMT_preprocessed/train/abnormal/0002077.npy,1,3
data/NMT_preprocessed/train/abnormal/0002078.npy,1,2
data/NMT_preprocessed/train/abnormal/0002079.npy,1,4
data/NMT_preprocessed/train/abnormal/0002082.npy,1,4
data/NMT_preprocessed/train/abnormal/0002086.npy,1,4
data/NMT_preprocessed/train/abnormal/0002087.npy,1,1
data/NMT_preprocessed/train/abnormal/0002094.npy,1,1
data/NMT_preprocessed/train/abnormal/0002095.npy,1,2
data/NMT_preprocessed/train/abnormal/0002098.npy,1,0
data/NMT_preprocessed/train/abnormal/0002100.npy,1,2
data/NMT_preprocessed/train/abnormal/0002107.npy,1,3
data/NMT_preprocessed/train/abnormal/0002123.npy,1,2
data/NMT_preprocessed/train/abnormal/0002126.npy,1,3
data/NMT_preprocessed/train/abnormal/0002134.npy,1,4
data/NMT_preprocessed/train/abnormal/0002136.npy,1,2
data/NMT_preprocessed/train/abnormal/0002137.npy,1,1
data/NMT_preprocessed/train/abnormal/0002144.npy,1,0
data/NMT_preprocessed/train/abnormal/0002149.npy,1,0
data/NMT_preprocessed/train/abnormal/0002161.npy,1,1
data/NMT_preprocessed/train/abnormal/0002170.npy,1,0
data/NMT_preprocessed/train/abnormal/0002176.npy,1,4
data/NMT_preprocessed/train/abnormal/0002177.npy,1,2
data/NMT_preprocessed/train/abnormal/0002188.npy,1,3
data/NMT_preprocessed/train/abnormal/0002200.npy,1,4
data/NMT_preprocessed/train/abnormal/0002201.npy,1,4
data/NMT_preprocessed/train/abnormal/0002202.npy,1,0
data/NMT_preprocessed/train/abnormal/0002204.npy,1,1
data/NMT_preprocessed/train/abnormal/0002207.npy,1,2
data/NMT_preprocessed/train/abnormal/0002218.npy,1,0
data/NMT_preprocessed/train/abnormal/0002224.npy,1,0
data/NMT_preprocessed/train/abnormal/0002225.npy,1,2
data/NMT_preprocessed/train/abnormal/0002234.npy,1,1
data/NMT_preprocessed/train/abnormal/0002236.npy,1,3
data/NMT_preprocessed/train/abnormal/0002256.npy,1,2
data/NMT_preprocessed/train/abnormal/0002257.npy,1,4
data/NMT_preprocessed/train/abnormal/0002261.npy,1,1
data/NMT_preprocessed/train/abnormal/0002262.npy,1,0
data/NMT_preprocessed/train/abnormal/0002264.npy,1,2
data/NMT_preprocessed/train/abnormal/0002268.npy,1,0
data/NMT_preprocessed/train/abnormal/0002269.npy,1,0
data/NMT_preprocessed/train/abnormal/0002287.npy,1,3
data/NMT_preprocessed/train/abnormal/0002293.npy,1,4
data/NMT_preprocessed/train/abnormal/0002310.npy,1,4
data/NMT_preprocessed/train/abnormal/0002312.npy,1,0
data/NMT_preprocessed/train/abnormal/0002314.npy,1,1
data/NMT_preprocessed/train/abnormal/0002325.npy,1,0
data/NMT_preprocessed/train/abnormal/0002327.npy,1,3
data/NMT_preprocessed/train/abnormal/0002329.npy,1,4
data/NMT_preprocessed/train/abnormal/0002335.npy,1,1
data/NMT_preprocessed/train/abnormal/0002350.npy,1,1
data/NMT_preprocessed/train/abnormal/0002351.npy,1,1
data/NMT_preprocessed/train/abnormal/0002358.npy,1,3
data/NMT_preprocessed/train/abnormal/0002369.npy,1,2
data/NMT_preprocessed/train/abnormal/0002370.npy,1,2
data/NMT_preprocessed/train/abnormal/0002382.npy,1,0
data/NMT_preprocessed/train/abnormal/0002387.npy,1,0
data/NMT_preprocessed/train/abnormal/0002389.npy,1,2
data/NMT_preprocessed/train/abnormal/0002394.npy,1,2
data/NMT_preprocessed/train/abnormal/0002414.npy,1,1
data/NMT_preprocessed/train/abnormal/0002416.npy,1,4
data/NMT_preprocessed/train/abnormal/0002417.npy,1,3
data/NMT_preprocessed/eval/normal/0000024.npy,0,0
data/NMT_preprocessed/eval/normal/0000044.npy,0,1
data/NMT_preprocessed/eval/normal/0000074.npy,0,2
data/NMT_preprocessed/eval/normal/0000077.npy,0,3
data/NMT_preprocessed/eval/normal/0000117.npy,0,1
data/NMT_preprocessed/eval/normal/0000124.npy,0,0
data/NMT_preprocessed/eval/normal/0000156.npy,0,0
data/NMT_preprocessed/eval/normal/0000194.npy,0,2
data/NMT_preprocessed/eval/normal/0000204.npy,0,1
data/NMT_preprocessed/eval/normal/0000207.npy,0,1
data/NMT_preprocessed/eval/normal/0000214.npy,0,2
data/NMT_preprocessed/eval/normal/0000254.npy,0,4
data/NMT_preprocessed/eval/normal/0000274.npy,0,0
data/NMT_preprocessed/eval/normal/0000276.npy,0,0
data/NMT_preprocessed/eval/normal/0000336.npy,0,3
data/NMT_preprocessed/eval/normal/0000396.npy,0,0
data/NMT_preprocessed/eval/normal/0000436.npy,0,2
data/NMT_preprocessed/eval/normal/0000454.npy,0,4
data/NMT_preprocessed/eval/normal/0000504.npy,0,3
data/NMT_preprocessed/eval/normal/0000526.npy,0,2
data/NMT_preprocessed/eval/normal/0000537.npy,0,4
data/NMT_preprocessed/eval/normal/0000544.npy,0,0
data/NMT_preprocessed/eval/normal/0000566.npy,0,0
data/NMT_preprocessed/eval/normal/0000584.npy,0,0
data/NMT_preprocessed/eval/normal/0000596.npy,0,1
data/NMT_preprocessed/eval/normal/0000614.npy,0,3
data/NMT_preprocessed/eval/normal/0000616.npy,0,3
data/NMT_preprocessed/eval/normal/0000617.npy,0,4
data/NMT_preprocessed/eval/normal/0000624.npy,0,2
data/NMT_preprocessed/eval/normal/0000666.npy,0,4
data/NMT_preprocessed/eval/normal/0000676.npy,0,0
data/NMT_preprocessed/eval/normal/0000714.npy,0,2
data/NMT_preprocessed/eval/normal/0000744.npy,0,0
data/NMT_preprocessed/eval/normal/0000784.npy,0,3
data/NMT_preprocessed/eval/normal/0000824.npy,0,2
data/NMT_preprocessed/eval/normal/0000844.npy,0,3
data/NMT_preprocessed/eval/normal/0000894.npy,0,1
data/NMT_preprocessed/eval/normal/0000914.npy,0,1
data/NMT_preprocessed/eval/normal/0000934.npy,0,0
data/NMT_preprocessed/eval/normal/0000947.npy,0,0
data/NMT_preprocessed/eval/normal/0000986.npy,0,1
data/NMT_preprocessed/eval/normal/0001056.npy,0,1
data/NMT_preprocessed/eval/normal/0001057.npy,0,1
data/NMT_preprocessed/eval/normal/0001096.npy,0,1
data/NMT_preprocessed/eval/normal/0001114.npy,0,1
data/NMT_preprocessed/eval/normal/0001146.npy,0,3
data/NMT_preprocessed/eval/normal/0001164.npy,0,3
data/NMT_preprocessed/eval/normal/0001196.npy,0,1
data/NMT_preprocessed/eval/normal/0001204.npy,0,2
data/NMT_preprocessed/eval/normal/0001234.npy,0,2
data/NMT_preprocessed/eval/normal/0001264.npy,0,1
data/NMT_preprocessed/eval/normal/0001267.npy,0,1
data/NMT_preprocessed/eval/normal/0001347.npy,0,4
data/NMT_preprocessed/eval/normal/0001356.npy,0,2
data/NMT_preprocessed/eval/normal/0001376.npy,0,0
data/NMT_preprocessed/eval/normal/0001416.npy,0,2
data/NMT_preprocessed/eval/normal/0001447.npy,0,1
data/NMT_preprocessed/eval/normal/0001454.npy,0,3
data/NMT_preprocessed/eval/normal/0001456.npy,0,4
data/NMT_preprocessed/eval/normal/0001496.npy,0,4
data/NMT_preprocessed/eval/normal/0001534.npy,0,1
data/NMT_preprocessed/eval/normal/0001536.npy,0,2
data/NMT_preprocessed/eval/normal/0001566.npy,0,0
data/NMT_preprocessed/eval/normal/0001574.npy,0,4
data/NMT_preprocessed/eval/normal/0001594.npy,0,1
data/NMT_preprocessed/eval/normal/0001684.npy,0,0
data/NMT_preprocessed/eval/normal/0001706.npy,0,2
data/NMT_preprocessed/eval/normal/0001724.npy,0,1
data/NMT_preprocessed/eval/normal/0001776.npy,0,4
data/NMT_preprocessed/eval/normal/0001794.npy,0,2
data/NMT_preprocessed/eval/normal/0001826.npy,0,4
data/NMT_preprocessed/eval/normal/0001854.npy,0,0
data/NMT_preprocessed/eval/normal/0001856.npy,0,0
data/NMT_preprocessed/eval/normal/0001894.npy,0,1
data/NMT_preprocessed/eval/normal/0001896.npy,0,3
data/NMT_preprocessed/eval/normal/0001966.npy,0,1
data/NMT_preprocessed/eval/normal/0001967.npy,0,0
data/NMT_preprocessed/eval/normal/0002016.npy,0,3
data/NMT_preprocessed/eval/normal/0002047.npy,0,1
data/NMT_preprocessed/eval/normal/0002064.npy,0,3
data/NMT_preprocessed/eval/normal/0002106.npy,0,2
data/NMT_preprocessed/eval/normal/0002114.npy,0,1
data/NMT_preprocessed/eval/normal/0002164.npy,0,4
data/NMT_preprocessed/eval/normal/0002166.npy,0,4
data/NMT_preprocessed/eval/normal/0002196.npy,0,0
data/NMT_preprocessed/eval/normal/0002244.npy,0,4
data/NMT_preprocessed/eval/normal/0002276.npy,0,2
data/NMT_preprocessed/eval/normal/0002304.npy,0,3
data/NMT_preprocessed/eval/normal/0002316.npy,0,4
data/NMT_preprocessed/eval/normal/0002344.npy,0,1
data/NMT_preprocessed/eval/normal/0002366.npy,0,2
data/NMT_preprocessed/eval/normal/0002375.npy,0,3
data/NMT_preprocessed/eval/normal/0002384.npy,0,4
data/NMT_preprocessed/eval/normal/0002406.npy,0,1
data/NMT_preprocessed/eval/normal/0002407.npy,0,1
data/NMT_preprocessed/eval/abnormal/0000036.npy,1,0
data/NMT_preprocessed/eval/abnormal/0000046.npy,1,3
data/NMT_preprocessed/eval/abnormal/0000076.npy,1,3
data/NMT_preprocessed/eval/abnormal/0000080.npy,1,2
data/NMT_preprocessed/eval/abnormal/0000093.npy,1,2
data/NMT_preprocessed/eval/abnormal/0000116.npy,1,1
data/NMT_preprocessed/eval/abnormal/0000123.npy,1,4
data/NMT_preprocessed/eval/abnormal/0000203.npy,1,0
data/NMT_preprocessed/eval/abnormal/0000206.npy,1,2
data/NMT_preprocessed/eval/abnormal/0000246.npy,1,2
data/NMT_preprocessed/eval/abnormal/0000256.npy,1,1
data/NMT_preprocessed/eval/abnormal/0000283.npy,1,2
data/NMT_preprocessed/eval/abnormal/0000286.npy,1,0
data/NMT_preprocessed/eval/abnormal/0000316.npy,1,1
data/NMT_preprocessed/eval/abnormal/0000346.npy,1,1
data/NMT_preprocessed/eval/abnormal/0000363.npy,1,2
data/NMT_preprocessed/eval/abnormal/0000406.npy,1,0
data/NMT_preprocessed/eval/abnormal/0000426.npy,1,0
data/NMT_preprocessed/eval/abnormal/0000476.npy,1,4
data/NMT_preprocessed/eval/abnormal/0000496.npy,1,2
data/NMT_preprocessed/eval/abnormal/0000506.npy,1,1
data/NMT_preprocessed/eval/abnormal/0000513.npy,1,4
data/NMT_preprocessed/eval/abnormal/0000546.npy,1,0
data/NMT_preprocessed/eval/abnormal/0000573.npy,1,3
data/NMT_preprocessed/eval/abnormal/0000583.npy,1,1
data/NMT_preprocessed/eval/abnormal/0000643.npy,1,2
data/NMT_preprocessed/eval/abnormal/0000746.npy,1,2
data/NMT_preprocessed/eval/abnormal/0000783.npy,1,3
data/NMT_preprocessed/eval/abnormal/0000786.npy,1,4
data/NMT_preprocessed/eval/abnormal/0000816.npy,1,1
data/NMT_preprocessed/eval/abnormal/0000823.npy,1,3
data/NMT_preprocessed/eval/abnormal/0000826.npy,1,4
data/NMT_preprocessed/eval/abnormal/0000838.npy,1,0
data/NMT_preprocessed/eval/abnormal/0000866.npy,1,1
data/NMT_preprocessed/eval/abnormal/0000868.npy,1,1
data/NMT_preprocessed/eval/abnormal/0000886.npy,1,2
data/NMT_preprocessed/eval/abnormal/0000896.npy,1,0
data/NMT_preprocessed/eval/abnormal/0000906.npy,1,4
data/NMT_preprocessed/eval/abnormal/0000916.npy,1,0
data/NMT_preprocessed/eval/abnormal/0000926.npy,1,3
data/NMT_preprocessed/eval/abnormal/0000993.npy,1,3
data/NMT_preprocessed/eval/abnormal/0001016.npy,1,0
data/NMT_preprocessed/eval/abnormal/0001033.npy,1,3
data/NMT_preprocessed/eval/abnormal/0001153.npy,1,1
data/NMT_preprocessed/eval/abnormal/0001156.npy,1,4
data/NMT_preprocessed/eval/abnormal/0001161.npy,1,4
data/NMT_preprocessed/eval/abnormal/0001173.npy,1,3
data/NMT_preprocessed/eval/abnormal/0001183.npy,1,3
data/NMT_preprocessed/eval/abnormal/0001216.npy,1,4
data/NMT_preprocessed/eval/abnormal/0001266.npy,1,3
data/NMT_preprocessed/eval/abnormal/0001293.npy,1,1
data/NMT_preprocessed/eval/abnormal/0001302.npy,1,3
data/NMT_preprocessed/eval/abnormal/0001306.npy,1,4
data/NMT_preprocessed/eval/abnormal/0001331.npy,1,3
data/NMT_preprocessed/eval/abnormal/0001333.npy,1,1
data/NMT_preprocessed/eval/abnormal/0001353.npy,1,1
data/NMT_preprocessed/eval/abnormal/0001383.npy,1,0
data/NMT_preprocessed/eval/abnormal/0001406.npy,1,2
data/NMT_preprocessed/eval/abnormal/0001433.npy,1,3
data/NMT_preprocessed/eval/abnormal/0001436.npy,1,1
data/NMT_preprocessed/eval/abnormal/0001466.npy,1,2
data/NMT_preprocessed/eval/abnormal/0001486.npy,1,0
data/NMT_preprocessed/eval/abnormal/0001513.npy,1,2
data/NMT_preprocessed/eval/abnormal/0001573.npy,1,0
data/NMT_preprocessed/eval/abnormal/0001583.npy,1,3
data/NMT_preprocessed/eval/abnormal/0001586.npy,1,4
data/NMT_preprocessed/eval/abnormal/0001593.npy,1,4
data/NMT_preprocessed/eval/abnormal/0001616.npy,1,0
data/NMT_preprocessed/eval/abnormal/0001653.npy,1,3
data/NMT_preprocessed/eval/abnormal/0001683.npy,1,3
data/NMT_preprocessed/eval/abnormal/0001703.npy,1,1
data/NMT_preprocessed/eval/abnormal/0001713.npy,1,2
data/NMT_preprocessed/eval/abnormal/0001833.npy,1,3
data/NMT_preprocessed/eval/abnormal/0001843.npy,1,4
data/NMT_preprocessed/eval/abnormal/0001887.npy,1,0
data/NMT_preprocessed/eval/abnormal/0001893.npy,1,2
data/NMT_preprocessed/eval/abnormal/0001953.npy,1,2
data/NMT_preprocessed/eval/abnormal/0002053.npy,1,3
data/NMT_preprocessed/eval/abnormal/0002063.npy,1,4
data/NMT_preprocessed/eval/abnormal/0002091.npy,1,1
data/NMT_preprocessed/eval/abnormal/0002143.npy,1,1
data/NMT_preprocessed/eval/abnormal/0002153.npy,1,0
data/NMT_preprocessed/eval/abnormal/0002181.npy,1,2
data/NMT_preprocessed/eval/abnormal/0002203.npy,1,4
data/NMT_preprocessed/eval/abnormal/0002249.npy,1,1
data/NMT_preprocessed/eval/abnormal/0002266.npy,1,0
data/NMT_preprocessed/eval/abnormal/0002303.npy,1,3
data/NMT_preprocessed/eval/abnormal/0002339.npy,1,4
data/NMT_preprocessed/eval/abnormal/0002373.npy,1,4
data/NMT_preprocessed/eval/abnormal/0002380.npy,1,1
