dataset,relative_path,size_bytes,sha256
TUAB,eval/abnormal/01_tcp_ar/aaaaabdo_s003_t000.edf,16444738,78e5b3e44e588b534a90a89a47519f4657f51e27ae30445336c4c247d96668f2
TUAB,eval/abnormal/01_tcp_ar/aaaaabsk_s007_t000.edf,20022766,99975abf8b9ac4250e0538e4a43ccc4e4d7e1d84a90c3d0133c76d17788c0934
TUAB,eval/abnormal/01_tcp_ar/aaaaabuv_s002_t000.edf,22870282,5a954ed6ce45f068ee5572afa106c4d3034abd3ec229b540f2fad3ae4d8dd4a4
TUAB,eval/abnormal/01_tcp_ar/aaaaaddm_s006_t000.edf,16957966,62eb1f6ab632d43c3a92520ae9d571906a4b7d58939d79dab0f46f753d6333ec
TUAB,eval/abnormal/01_tcp_ar/aaaaadeu_s002_t000.edf,22606186,344138a6f32c88c4d1750c945881ff0423440b96e92ac701d293ca0e21ae812e
TUAB,eval/abnormal/01_tcp_ar/aaaaadkb_s002_t000.edf,21912934,ae27491479b026a40b1a52f5034a20cd3775c851339599bdf29bcc9bc0114f53
TUAB,eval/abnormal/01_tcp_ar/aaaaaezn_s003_t001.edf,19833178,4da10e34e6cbef648815d7c9bd5bdd63340d54f2792f516b084eb2e78be32d43
TUAB,eval/abnormal/01_tcp_ar/aaaaafhl_s003_t000.edf,18295060,c2b5932233dfe81b8603bcd45bbf43138093fb5d74e7ba8ac31e2223363f7f5c
TUAB,eval/abnormal/01_tcp_ar/aaaaagsc_s003_t001.edf,21252694,5d3dcea59445553c23e1f3b100570f06efc65490f1c3851c8200fadfccd1c6e5
TUAB,eval/abnormal/01_tcp_ar/aaaaagsc_s006_t001.edf,19602094,d2fd9bb1816111e072eafb4ce7391ef0135469e778fff991c80b48170efde7e6
TUAB,eval/abnormal/01_tcp_ar/aaaaagvx_s002_t000.edf,20130286,21cb8a6ea9b4d6d2c198132193c2b45e25557a6d7688ec0ee3c03cdf60e8bdab
TUAB,eval/abnormal/01_tcp_ar/aaaaagvx_s003_t001.edf,20145382,eccce21a7e1843338717f6db293b7ec9106c7342f5ea8492b63faa2506c842f8
TUAB,eval/abnormal/01_tcp_ar/aaaaagyr_s002_t000.edf,18092470,df9ef0fea4a3187dca816901a0bc9910f2fdd6757bfb5d3f83b33a5fefd118c7
TUAB,eval/abnormal/01_tcp_ar/aaaaahie_s005_t001.edf,19404022,cade289ad4a3f28018019ce0cac98783b58e14708cdc599fe930536c35bdcc91
TUAB,eval/abnormal/01_tcp_ar/aaaaahte_s002_t000.edf,20080768,34589e73512af4e1d38cce3a7bbfa1f537e83f29b57287417bc084548df29323
TUAB,eval/abnormal/01_tcp_ar/aaaaahte_s003_t000.edf,19672672,8e0fb03bb6f410079cfc35da2518e9766a8789efd5f36994c1d644205db4ebbd
TUAB,eval/abnormal/01_tcp_ar/aaaaahuy_s002_t000.edf,19866190,96b686f5b8037b812e59cbdb576cb55c4ce9801c887ccc6bf1b6fb75325206aa
TUAB,eval/abnormal/01_tcp_ar/aaaaaijh_s002_t000.edf,45334948,1c51f24fe033352d6be5e90463858e2dae72b06dcfa81c6d5efce6d3fa027308
TUAB,eval/abnormal/01_tcp_ar/aaaaaiue_s004_t000.edf,27227866,948118764600b58c3f1a3432d9342f1b2946143e003cc8c81155eae33396ad7c
TUAB,eval/abnormal/01_tcp_ar/aaaaajah_s002_t001.edf,59348542,0d5ccc10c8688b9d7fd45fd2d17477d0827ff9b7997c834b411ee459983b95c3
TUAB,eval/abnormal/01_tcp_ar/aaaaajah_s004_t000.edf,21171838,2f7a60283ef9a55ca3ba29965525a9492ee0324094bbf2c0dda38c38dfb79608
TUAB,eval/abnormal/01_tcp_ar/aaaaajam_s001_t000.edf,20328358,0a4c9da9a0e44a704f482da6e651744bc6607af546740bf0313983fdc03cbb99
TUAB,eval/abnormal/01_tcp_ar/aaaaajoo_s002_t001.edf,19882696,3033486bec4ae869cec58da708bfc587b817be7214d750dbd0429e0dbe073734
TUAB,eval/abnormal/01_tcp_ar/aaaaajqh_s004_t000.edf,19915708,1039842b1b1d6ce98b1606c65770ddc8950fa03e1dd59da005ee8b53c6d5964d
TUAB,eval/abnormal/01_tcp_ar/aaaaajqk_s003_t001.edf,19519564,8afa290af6743141829fcee8bcb40ee29061559e2bcb327a65366e03554dadf1
TUAB,eval/abnormal/01_tcp_ar/aaaaajrf_s001_t000.edf,19998238,f67bb1a27abf35e4c1426d4877835a97d86a999528e7c7e7e1d5d15f11a58f05
TUAB,eval/abnormal/01_tcp_ar/aaaaajrf_s002_t000.edf,20344864,a09be33921df41f7828456124ef95f25da2b8490f884419dd9a236963b7e12d6
TUAB,eval/abnormal/01_tcp_ar/aaaaajrf_s003_t002.edf,19965226,c43a8a8020b5c1a61008135ac03d284e08827de951ff99c476d67715ee031638
TUAB,eval/abnormal/01_tcp_ar/aaaaajrf_s004_t000.edf,20130286,38d969dd7ef7c2ece7c2a6f3603e3f1d66b8d5e37290bdffc20236bbfbb9153d
TUAB,eval/abnormal/01_tcp_ar/aaaaajso_s001_t000.edf,20724502,3e1bb493c2239ad74393580277eb66b45a190fbb30ea66bfbf8cba39e83fcba1
TUAB,eval/abnormal/01_tcp_ar/aaaaajuh_s001_t000.edf,19882696,cc503280acc3f311fcbbdea2130f4d6edb589820b61d8f621bb88e7eb9cae5b0
TUAB,eval/abnormal/01_tcp_ar/aaaaakck_s001_t001.edf,19585588,e2f15750e571a793f098112c4696b48cceb8307ac25c3067871368ce8c9ffd2c
TUAB,eval/abnormal/01_tcp_ar/aaaaakcx_s001_t001.edf,19453540,a06658e9d9e927ec30a195e0da67b62f8b330de2d4ab24f5696aad546bf5c7c6
TUAB,eval/abnormal/01_tcp_ar/aaaaakcy_s005_t001.edf,21582814,db10850e477b93452623b2eee9085ee2dc6ebf711642761326c209f0f496a2ef
TUAB,eval/abnormal/01_tcp_ar/aaaaakdj_s001_t000.edf,20064262,bfa21e8383e4c094d38a261b5ab1e2cc58db80eacc92d1f3e59e4abb9842a279
TUAB,eval/abnormal/01_tcp_ar/aaaaakdo_s001_t000.edf,19882696,da5154cf2b3df3c6fc73ed78fa9ad5e33e0b148235dc186bc75fc832a1803892
TUAB,eval/abnormal/01_tcp_ar/aaaaakeq_s001_t000.edf,20064262,efc720566e8656e0063c1206510134df9522cc9b2870fcf5326db795613eac51
TUAB,eval/abnormal/01_tcp_ar/aaaaakeq_s002_t000.edf,16944460,14b5043299624aa37241dcd6166719a6efde6d2052e13eb8824b234fda5bfe5c
TUAB,eval/abnormal/01_tcp_ar/aaaaakeq_s003_t000.edf,19070358,b94b4e5eaeb41f46c4cfb4ead50cd97e841f4d52124acdf1dd8807122d295527
TUAB,eval/abnormal/01_tcp_ar/aaaaakev_s001_t001.edf,19618600,ae373561a05790367abf31b25ff14414a73ee4a5a753926deb7421792d92a3b2
TUAB,eval/abnormal/01_tcp_ar/aaaaakev_s002_t000.edf,20031250,ade24dea0ba6e1670b0c0b2ad7f4894c450d62836d53782fe89681270e656f34
TUAB,eval/abnormal/01_tcp_ar/aaaaakgu_s001_t000.edf,19915708,71529862badf405fc28e1b0d8aab2fc1ca8f070510ed0db743242e15ffe41bbd
TUAB,eval/abnormal/01_tcp_ar/aaaaakjk_s002_t002.edf,19882696,3d3b313d10beadef2c8c5bf609cd04595a4bda6c241cd826f6fcf20363b333a5
TUAB,eval/abnormal/01_tcp_ar/aaaaakjk_s003_t000.edf,21203176,b60d6afda61d34e90b6e9f04689f98b54f8eaefba6997c3ac824aa27b7100a5a
TUAB,eval/abnormal/01_tcp_ar/aaaaakmg_s003_t001.edf,24619918,95d9f8167711dff1e28fa2a3745fdbd761638d5d8ac94e336ff8d24d3b8bbb9c
TUAB,eval/abnormal/01_tcp_ar/aaaaakmh_s001_t000.edf,25478230,12efb17715ce57557baef07ef276da7c4dfe6f95c38477dbe93df7848b7b4b71
TUAB,eval/abnormal/01_tcp_ar/aaaaaknt_s001_t000.edf,19899202,73362cf3e057a8dd7b73187af932b4c09d8d6f75933226e6267fddce8e32b21d
TUAB,eval/abnormal/01_tcp_ar/aaaaakoo_s001_t001.edf,20493418,0deaca4a0beeef442dd956a8f392bfe38f5eb64ae73fa5e6c1e660dbb6f6e814
TUAB,eval/abnormal/01_tcp_ar/aaaaakrt_s001_t001.edf,19651612,420e5a598660a8d176d6f9b01b895b2fa8f5c2b53753abd70d05888b7481a978
TUAB,eval/abnormal/01_tcp_ar/aaaaakrt_s002_t001.edf,19486552,fdd6f3ecff26adfb4d0cbbe4881f11415d1d16226340151ad1b64293a4295b9d
TUAB,eval/abnormal/01_tcp_ar/aaaaakxz_s001_t001.edf,19833178,afc5de965c1d9bdd740cf7584590f42cbec419ea2d4926a7c8fcda5845f898a9
TUAB,eval/abnormal/01_tcp_ar/aaaaakxz_s002_t001.edf,19701130,93413735cf85767783c467b4a71e0c46fdbe17648a24db5f957d291431307d16
TUAB,eval/abnormal/01_tcp_ar/aaaaalau_s001_t000.edf,19882696,2c4831758c857b17cc469169663e3d05420b3db99d6c1d278b87c6ef61fee175
TUAB,eval/abnormal/01_tcp_ar/aaaaalbh_s001_t000.edf,19899202,4aa47b7384af176e44c852dd3e3402b19be217df0b3d34182f06f5846df0a939
TUAB,eval/abnormal/01_tcp_ar/aaaaalbz_s006_t000.edf,21658054,ff1eb33c4082f5cf2d165199d8006f40d6b23c34a29e768d775539b6f69b6b8c
TUAB,eval/abnormal/01_tcp_ar/aaaaaljf_s001_t000.edf,23249920,56e7216502b32b902641d9f8d79fb11415b49d92894672b52d860efd465cd97f
TUAB,eval/abnormal/01_tcp_ar/aaaaalle_s002_t000.edf,20245828,1be13d43731243eef3771d3f1a674adf396e9e86d45530f3e73d54019fefccf5
TUAB,eval/abnormal/01_tcp_ar/aaaaalqr_s001_t001.edf,29769790,b5a7cc7370fdbdeb0e49971a3114db93008e9a1af9d118ee68e74e9c7c346793
TUAB,eval/abnormal/01_tcp_ar/aaaaalrc_s002_t000.edf,16255654,fad3cab0b49727c2114847919f6eb6307c25e7f851d639ab0ba60cd7de6eecfc
TUAB,eval/abnormal/01_tcp_ar/aaaaalsx_s001_t000.edf,19849684,9d6ff61c21cb964d3b4467bd33b59761ac17b28f33cab2c6b79bdde4cbbd8662
TUAB,eval/abnormal/01_tcp_ar/aaaaalsx_s004_t001.edf,44262058,c756f7ab9852c39e410531ad7d83f586b42e61cd24704ae6a02b10c2d7f8c770
TUAB,eval/abnormal/01_tcp_ar/aaaaalvz_s001_t000.edf,20939080,57f6c132a38dca4122132acd6467ce596950248445d3493c2ed8b3663e6b48a4
TUAB,eval/abnormal/01_tcp_ar/aaaaalyr_s001_t000.edf,19866190,059d51665a6188aee0413ae1d0720873e413d451f1bb85a804f7e61018a7197e
TUAB,eval/abnormal/01_tcp_ar/aaaaalzk_s002_t001.edf,19057396,425d6efe318cf7f67b1566a78142ef0b71a106f65294569cc4776cd30bc6f2af
TUAB,eval/abnormal/01_tcp_ar/aaaaamcb_s001_t001.edf,19684624,b9f2ea1ab88041ca9c6672014fc91390eae5347f050657bd0c04febd3ae57c7d
TUAB,eval/abnormal/01_tcp_ar/aaaaamft_s001_t001.edf,45004828,135507b750916dd9264f8907a9287917bf74fa24659473aaf211520698bc3d48
TUAB,eval/abnormal/01_tcp_ar/aaaaamhi_s001_t000.edf,20229322,0c979c07f64051111bd3c290b42ccc99133ebba5996871821be3cf2efabd5656
TUAB,eval/abnormal/01_tcp_ar/aaaaamhk_s001_t000.edf,19354504,5151e59214f563e9ff24db245d6b6d82d2a94fbc16fd87bcf3b8f058536778b0
TUAB,eval/abnormal/01_tcp_ar/aaaaamjc_s001_t001.edf,29258104,a210f6d3b1371f2485149766a6f39271142893eb289695b8e4bee938486a46b2
TUAB,eval/abnormal/01_tcp_ar/aaaaammh_s001_t001.edf,19651612,bd1064601ddf048980d878403d7be9505c4ff75b263222bc1ec282d41163c9ce
TUAB,eval/abnormal/01_tcp_ar/aaaaamnq_s001_t000.edf,16296172,43597cf44a18d41a5e0c938cad716a1d750cab58e53677aad6963a42404120bf
TUAB,eval/abnormal/01_tcp_ar/aaaaamnq_s002_t000.edf,23811124,a538dc0238588d568cf98aae01e40e749e7374df0bf2eafc3cc15f71a09a3b25
TUAB,eval/abnormal/01_tcp_ar/aaaaampz_s001_t000.edf,19866190,c83f0c058e7e86095b742e2d2cb3fa85de06bb941ea71cb323d8744f94590550
TUAB,eval/abnormal/01_tcp_ar/aaaaamsc_s001_t000.edf,16984978,db3e325e8588a50cca3a836e9494cd8c86ea965af99c3efab56919b1c8e68b23
TUAB,eval/abnormal/01_tcp_ar/aaaaamxn_s001_t000.edf,18700240,4d620aef47a38553518891562c8bca0eb558028096f51c401ba9118f610c4e52
TUAB,eval/abnormal/01_tcp_ar/aaaaamye_s001_t000.edf,16255654,993cc5d4d84dc9af2d540c5735382c6d7c27ca7db3155bfebefe95b901285b66
TUAB,eval/abnormal/01_tcp_ar/aaaaamzi_s001_t001.edf,19504544,cbf739bfc5eb66889e87aa71a1766eb163e7a7c5700c5b70befdc1e1b185e8f2
TUAB,eval/abnormal/01_tcp_ar/aaaaanhb_s001_t003.edf,14270272,744766b726248ea2b6302fbc694b6617e99d96f90a3189502dddb5a66cb629df
TUAB,eval/abnormal/01_tcp_ar/aaaaanhb_s003_t001.edf,31909108,1c7f2465888cdf4d8ef025954bbb5967653fcede9254fa8acb33fcc732cfdc77
TUAB,eval/abnormal/01_tcp_ar/aaaaanhb_s005_t000.edf,16755376,7e7ca316c7494b2d09f98d541c4747b8f557f36d385945619903950f0820b5d3
TUAB,eval/abnormal/01_tcp_ar/aaaaankf_s001_t000.edf,16363702,4868c5c0752a70254a9da59df521a4700ece9be988368951dd44210e0de058dd
TUAB,eval/abnormal/01_tcp_ar/aaaaanmc_s001_t000.edf,16927440,f345422a6d8341afebb2e1463f9e60a1ccf7a378946c48343b820f0d91508467
TUAB,eval/abnormal/01_tcp_ar/aaaaanoz_s001_t000.edf,20158888,d3f0c861d08da29dc44fc836ff4ea1c0636ddb9ebc20f22a868353e5aca871b9
TUAB,eval/abnormal/01_tcp_ar/aaaaanpr_s001_t002.edf,13537988,cf8f29fe77495a75bad1fc15ceee532627101af4d166211accc183708116a692
TUAB,eval/abnormal/01_tcp_ar/aaaaanro_s001_t000.edf,16255654,cab73de30398bb35490bab4f95a5f3f96e6eef0e11a82c56788349db414e1119
TUAB,eval/abnormal/01_tcp_ar/aaaaansj_s001_t000.edf,16255654,66e16fba3f79ea9fa6028d01eae21097e476e78cf218862a52c8068a2746c3c7
TUAB,eval/abnormal/01_tcp_ar/aaaaanta_s001_t000.edf,17930398,dac02b0a9d6d6ab127c4d62ebfd700b40260e6cbfc3d398f8a7f326b691a06c4
TUAB,eval/abnormal/01_tcp_ar/aaaaanwc_s001_t001.edf,26006986,93caec9b82152aa2e7ab06ac92cf8111c096cd3a4cee2d11de44c02f3ee49cd5
TUAB,eval/abnormal/01_tcp_ar/aaaaanxl_s001_t000.edf,16647328,82ee6bec31acb14e3d419cb5108611743120489172ca155f7a58eca1488124de
TUAB,eval/abnormal/01_tcp_ar/aaaaanyt_s002_t000.edf,17249578,a1e9bd1531cf3200bc57c529015a987482cebfa7cc501191739806ae0c5c23b3
TUAB,eval/abnormal/01_tcp_ar/aaaaanyw_s001_t000.edf,20344904,36e8eb2835bb25efd6e99420d6a8b15f46cb51753101831e648c84b22028774d
TUAB,eval/abnormal/01_tcp_ar/aaaaanyw_s002_t000.edf,24983050,451d7641d0abab9181bbdeddc44867156b507cca875c4c7cb9bb87fd5edddedb
TUAB,eval/abnormal/01_tcp_ar/aaaaanzh_s001_t000.edf,17808844,d2ccb958b6e113efc263c4c7e3243e9f66017e551185f57d0ec99ef4486b45f9
TUAB,eval/abnormal/01_tcp_ar/aaaaanzu_s001_t003.edf,13284334,4d3f429937c26ccb52a92274388eb70f38ac01faa6a4e70a1635b3e14adbac43
TUAB,eval/abnormal/01_tcp_ar/aaaaaobi_s001_t000.edf,17160556,8e1ccdf535f0c45e1601d5a2f9f4ee3f212c968ea6cba0a437f8eefbdd8c1586
TUAB,eval/abnormal/01_tcp_ar/aaaaaoda_s001_t000.edf,17039002,7277deb3f089fa5463153da3272e314080c828e97c986a72cf9339f5c420ded7
TUAB,eval/abnormal/01_tcp_ar/aaaaaohb_s001_t000.edf,20906068,3a454f1d78464a69d6cf5d9790cfa675ba2f4f904d349cc4f98258c5c6ceec6b
TUAB,eval/abnormal/01_tcp_ar/aaaaaohr_s002_t001.edf,14216248,260f6eabe56a1bfd3eba8961b9d4d0f13124cf0da41c39bceb62866b36b1013a
TUAB,eval/abnormal/01_tcp_ar/aaaaaoiq_s001_t000.edf,20047756,2951739c827868ae9cb060abb8dd0bce5bca70ef89d2bb56a69647f3f120a3ce
TUAB,eval/abnormal/01_tcp_ar/aaaaaoiv_s001_t000.edf,20526430,a735ce028acdf0f93b968416183ffd3707f4a03c765cd078f365d5778cc41bf4
TUAB,eval/abnormal/01_tcp_ar/aaaaaoiv_s002_t001.edf,14999596,5fbe6269bb72be0a37d725eeaceb65dc962a8e402445b895b96446e01d8fdfbc
TUAB,eval/abnormal/01_tcp_ar/aaaaaoiv_s003_t003.edf,15694912,e37114f719e9695e2ad671d7d97447b4c4c5143fd7c7c0209423ef30cbf17421
TUAB,eval/abnormal/01_tcp_ar/aaaaaomy_s001_t000.edf,17984422,c507138361e9d6575c551871b094fcd6c724b0349a9d48e8c56dd9f45a3b027c
TUAB,eval/abnormal/01_tcp_ar/aaaaaons_s002_t002.edf,19807732,44487c1686132c74aa4334827e51374ba7a6af500416a6883339261161acda79
TUAB,eval/abnormal/01_tcp_ar/aaaaaora_s002_t000.edf,18448168,14ab77ea43c55d7db2746bd1c22c1ab00b00ccfa450b363b2d5cefbb74a5580b
TUAB,eval/abnormal/01_tcp_ar/aaaaaord_s001_t000.edf,22226548,8ec44359fef5cdf2d0193a421f7fd1cc06ba125be4ef888bb174c9789ab2f223
TUAB,eval/abnormal/01_tcp_ar/aaaaaosh_s001_t000.edf,21185344,d040305e5bc4994bd65319e0e262f347080981d0b9f3d89eb649ca740ac0df59
TUAB,eval/abnormal/01_tcp_ar/aaaaaout_s001_t000.edf,18051952,d4f69f49e1649111fd0e97edc01050f9e0c4a8592cf2fca0597e47ce1f338f75
TUAB,eval/abnormal/01_tcp_ar/aaaaaovl_s001_t000.edf,16690126,13ba711fede467c6fcb9eb241413c3023aab2872a3eebf1996a280858ac88b3e
TUAB,eval/abnormal/01_tcp_ar/aaaaaovo_s001_t000.edf,24735460,081876fbacd4aff2a99a2fcd114337673dcf19da09bd2624973fd404543be34a
TUAB,eval/abnormal/01_tcp_ar/aaaaapar_s001_t000.edf,20460406,b03ffce8419a6b0099a818e873be613d3d4030f865e14123300b86d5cae88de8
TUAB,eval/abnormal/01_tcp_ar/aaaaaphs_s001_t000.edf,25742326,9d7226d0eaa0c0bf18187d434aa10c87d52584dfc7aa23e1bc12f1ea9367c5af
TUAB,eval/abnormal/01_tcp_ar/aaaaapkx_s001_t001.edf,14445850,07742952ac9b339eb13ce9eb208abe93a9cbaf1dc2182a9437b025ad02c0bdec
TUAB,eval/abnormal/01_tcp_ar/aaaaaply_s001_t001.edf,12362638,01b0beed224644853b73ba328a216ba0aba6b07feb6d5b356613b4acfc2d709a
TUAB,eval/abnormal/01_tcp_ar/aaaaapmb_s002_t001.edf,21599320,282eb09c5b3a34ca07117c6f0fb2f147411b34c384780a2b3c295d44866775b8
TUAB,eval/abnormal/01_tcp_ar/aaaaapmp_s001_t000.edf,20604586,b1d3626230f6949476ca82409c8ad19d93beff5851e6318ead6c5c98b6a36df0
TUAB,eval/abnormal/01_tcp_ar/aaaaapnr_s001_t000.edf,26668780,2658a073122359ce574ea3875739b40afdf92e59231d1ca4e579321f4c726a39
TUAB,eval/abnormal/01_tcp_ar/aaaaapoc_s001_t000.edf,17052508,c019f956f5bac64897fd6bd8bf5336fa09192c4792e12b0c4457a561c82bb883
TUAB,eval/abnormal/01_tcp_ar/aaaaapqd_s001_t000.edf,17889880,aa77720c5a656b028f076868004bc82119d28d46c045109b871634203ed74310
TUAB,eval/abnormal/01_tcp_ar/aaaaapta_s001_t000.edf,19065738,a4f101db5abf3aa129b68bd1cffbb67838dced983de5576402ed6c7924e222f6
TUAB,eval/abnormal/01_tcp_ar/aaaaapth_s001_t000.edf,14895202,b0f86bc0fae99575cd7c56476bc7c8a735a288b3e46d8d5adc5391b823d8e0fb
TUAB,eval/abnormal/01_tcp_ar/aaaaapvw_s001_t001.edf,16998484,1ebf8b270a1576495fa8ea6fb2213b5c5259dccc0779197b0f7d47765838256c
TUAB,eval/abnormal/01_tcp_ar/aaaaapvy_s001_t000.edf,17862868,6e7e937193ed4370b3f7eeffee903ccf2c94d68fada48b67f982f1ef4a846286
TUAB,eval/abnormal/01_tcp_ar/aaaaapwo_s001_t001.edf,24487870,0a8ca98ceaeaee39c54ecf3e8e8456544a34a274980247ca4a8252889b69e0f2
TUAB,eval/abnormal/01_tcp_ar/aaaaapys_s001_t001.edf,16647328,e06bdfb63e5498067d5766929719de378ff5605288a8a260a6def60a25cc3702
TUAB,eval/abnormal/01_tcp_ar/aaaaapys_s002_t001.edf,19323766,fb164682e5ca0fee73a913f97d728fb9ff658280cefc143f40e697c8381b577f
TUAB,eval/normal/01_tcp_ar/aaaaaayx_s002_t000.edf,19849684,c11f588e022d03d94a13ea65f274536384d633b0c0cd4ac7c077122d3a9a3ef4
TUAB,eval/normal/01_tcp_ar/aaaaacad_s003_t000.edf,20790526,9d238785f0daf070a02486324e6a543993c70880e3f2c9ddc328951d5e865269
TUAB,eval/normal/01_tcp_ar/aaaaacby_s004_t000.edf,19932214,bd46eedc1d42c38ec01b7e758d78b587f39f7704a0ad9655e6b26b66eaf97cfd
TUAB,eval/normal/01_tcp_ar/aaaaadjk_s002_t000.edf,23167390,ee470588f53a29f4257d8928d9be88435bc95085a324d5efa1b9dba9b12b3542
TUAB,eval/normal/01_tcp_ar/aaaaadsm_s002_t001.edf,20658478,9ab6964bb057eb1a2152071944d8ec492061db1dc7712f7c48186b6ebd8d7054
TUAB,eval/normal/01_tcp_ar/aaaaaeab_s003_t000.edf,19882696,2189e4b8cfcb8912fbbd112fb051b39d4c5fda27751b7009b1071d50b6d3303e
TUAB,eval/normal/01_tcp_ar/aaaaaejc_s003_t001.edf,19734142,bde97fa10cd9f21430d3e64b93aba464905c15a3aa03ca5bca5d7fc0c6c11f5c
TUAB,eval/normal/01_tcp_ar/aaaaagfk_s003_t000.edf,23150884,f37e9a1099a36eba0fbfd248e8fe343c44ed002d3a06fe527e1ce698122cc210
TUAB,eval/normal/01_tcp_ar/aaaaaguk_s002_t001.edf,19668118,dce23bd14b95b11dc885e2af3178d58732a3879c3affcee272d372d270862e68
TUAB,eval/normal/01_tcp_ar/aaaaahsv_s002_t000.edf,19882696,4e52ec574f62541ac55449e2e56dd90bcf56bd8122daf99b5075221cca8855d9
TUAB,eval/normal/01_tcp_ar/aaaaahzi_s001_t000.edf,24009196,64aed1531485a16f37218032e81a3552488aca256aa4c32b406892f442b0d012
TUAB,eval/normal/01_tcp_ar/aaaaahzm_s001_t001.edf,20328358,701b7e909633c99711ff336dfad4239b3dc4baba0ad64eb8a810ad72c671014c
TUAB,eval/normal/01_tcp_ar/aaaaahzq_s001_t000.edf,19866190,92a141e4ee1bff9f14cf55c49f79665401f5ec6f92242f639b7bbc392a97c0a9
TUAB,eval/normal/01_tcp_ar/aaaaahzs_s001_t001.edf,20097274,0cfa2ed12bf28c3a311dbf2384bf84c61a3b53d6d78f8e03e04d2e3cd635d2e8
TUAB,eval/normal/01_tcp_ar/aaaaaiae_s001_t000.edf,20064262,4c77d8830b75f329c984c174e31a43cde2314453a823dbe79ca1fc0b1d469913
TUAB,eval/normal/01_tcp_ar/aaaaaibx_s001_t000.edf,19932214,b21480de4a2eedd367e4ab176bdcb92475b5a6088ba8f5c5f552da7eace1700a
TUAB,eval/normal/01_tcp_ar/aaaaaiby_s001_t000.edf,19866190,d202e73a13fe54b4ef801db20303604b2ef9fde6b0176aa43f89b0af3ac6ba63
TUAB,eval/normal/01_tcp_ar/aaaaaici_s001_t000.edf,24603412,9f4496142b23f3a16ae10eaa6438ccf4895d602546dacdf1f3f4c8be32bf9295
TUAB,eval/normal/01_tcp_ar/aaaaaicn_s001_t000.edf,20196310,91ec4e614b8ad5537cbafdcb4521363b941ddb1707d609f8f1b4710bbdd71290
TUAB,eval/normal/01_tcp_ar/aaaaaijn_s001_t001.edf,19717636,a52bd0b135775e97d39119f01f4c2c8a36025017570dbd8e7dce9d1b53bd2c7e
TUAB,eval/normal/01_tcp_ar/aaaaairb_s001_t001.edf,18941854,ba21cb97af641fc1d9fb28a8d0e91841735d3137184a881a5402a77c28764151
TUAB,eval/normal/01_tcp_ar/aaaaairo_s001_t000.edf,49907110,1cd258aea1ccdf40255b41bad0ef48a4e80268e1a5e86f4423644655997dc0d8
TUAB,eval/normal/01_tcp_ar/aaaaaitt_s001_t000.edf,19866190,2794fddd9bec5255519626812e7740faf984828a3a34b8ea31b8c7cdd5a7ba51
TUAB,eval/normal/01_tcp_ar/aaaaaiuo_s002_t000.edf,19899202,f962d1f8a0f0dcf4b007d8e5c55bf8244a5a39a7a684d5edbc89db129830b4b1
TUAB,eval/normal/01_tcp_ar/aaaaaiwz_s001_t001.edf,19569082,1638b25431f93a08c410fb80d848cc5854a3026788a95dd0d990dbedc8c033b9
TUAB,eval/normal/01_tcp_ar/aaaaaiyy_s001_t001.edf,19651612,0cb47f93c88cdd1f5ba0a3b0ce7a5198212e65e2115b38b07d8ba4b428a5a521
TUAB,eval/normal/01_tcp_ar/aaaaaizd_s001_t001.edf,23051848,e7dde98af2b0ca85670050a83a4fdaf9625fbb123b32695f2a3fc0384bbd2b00
TUAB,eval/normal/01_tcp_ar/aaaaaizs_s001_t000.edf,19800166,882c755793ad305644922f78556d8045ee407d7a2bae204b8a3157c2dd27c4a8
TUAB,eval/normal/01_tcp_ar/aaaaajae_s001_t001.edf,21401248,ffbd9af3fda891af760d1d980ac180159bdabb3c45a2f447b4675f0d2c82274f
TUAB,eval/normal/01_tcp_ar/aaaaajal_s001_t001.edf,19651612,7fedafc0d56babb8f47a57c6a1997c1cf42353fd5118295a4caf522481cae196
TUAB,eval/normal/01_tcp_ar/aaaaajar_s001_t001.edf,19420528,677204c33a0ad0d606784a4aed40291c7a3dc9d9c3c8e18dfd1dbdcd6e2d6238
TUAB,eval/normal/01_tcp_ar/aaaaajbb_s001_t000.edf,19932214,b14d68be91abd4b85719900575b080573342f5b42f98822bbecee2bf6d11dc39
TUAB,eval/normal/01_tcp_ar/aaaaajbh_s002_t000.edf,19866190,b9335c65f8ba2d9c7f75eb1524ae16a34a1fa1ea3f1b0ad8a25afb440df8e327
TUAB,eval/normal/01_tcp_ar/aaaaajce_s001_t000.edf,23167390,9419a91f60b07490e30052cb03ecfdcb4d71f876f1f61ba2db64f0c4c221a047
TUAB,eval/normal/01_tcp_ar/aaaaajci_s001_t000.edf,16598002,8376cfe123b6d85b41b06866fb512ec9c32488131b5954ae79cc183a3264cb74
TUAB,eval/normal/01_tcp_ar/aaaaajck_s001_t000.edf,22886788,e45fed6dce2bcac3fa04f18bf25fc16877f7b57550afc01252972e97a7bb83e7
TUAB,eval/normal/01_tcp_ar/aaaaajct_s001_t000.edf,19899202,1c856a0000fde62a6bacb997af003332199ca96bb6f83d2a2664fc6ccac5532c
TUAB,eval/normal/01_tcp_ar/aaaaajcu_s001_t000.edf,22853776,3c364634ed8d2f29aef280503ff6538bc90c3c30df4e7e11039bc2a03fba86c6
TUAB,eval/normal/01_tcp_ar/aaaaajda_s001_t000.edf,22952812,3a0103b218f7be37d740bff1875e8178f5430a6f82550bad5871735d6bfa647a
TUAB,eval/normal/01_tcp_ar/aaaaajdb_s001_t000.edf,22969318,f198b9b2b45b93e7dfd27fc5884e9d10a932d8e179a54ed45f7e03a588115341
TUAB,eval/normal/01_tcp_ar/aaaaajdv_s001_t000.edf,23117872,3a250c64bf00a4b2dbb505d23a541caf6a66446ee0fc04e9d4ea1665f2b8a795
TUAB,eval/normal/01_tcp_ar/aaaaajdy_s001_t000.edf,23117872,5a9743703f84f68ab06317aa9baa020e41c6d4abab95dddc4ae7bcca44168e40
TUAB,eval/normal/01_tcp_ar/aaaaajdz_s001_t000.edf,47678800,fdabd744cecac1807fb5369d839dee3df433103003821284981ad7d8f38f406d
TUAB,eval/normal/01_tcp_ar/aaaaajea_s001_t000.edf,20394382,9e23754142fe785faff5f87dbedb768935152cc2e99dab3f6ab73f56b6c97944
TUAB,eval/normal/01_tcp_ar/aaaaajen_s001_t000.edf,24157750,b3afb45c9c25e922da4bc5b786f62b8d63ba483ac7ea50e3e3f4656e3914e04a
TUAB,eval/normal/01_tcp_ar/aaaaajey_s001_t000.edf,19849684,44eb32a63f8fa8845ed2d86da9d276aa271aafa29c49f7f63cb6212d388f207a
TUAB,eval/normal/01_tcp_ar/aaaaajfb_s001_t000.edf,23992690,3728f4f12156977344ce1df7736e9b18c1b289dcce1cab2ef8e44c23cdc363dd
TUAB,eval/normal/01_tcp_ar/aaaaajfe_s001_t000.edf,23398474,742d80f2f6d0f357707a419a10f31ee320f71a71c18e657308d6a6f593af035b
TUAB,eval/normal/01_tcp_ar/aaaaajff_s001_t000.edf,19965226,1e8791b77fff79c9dc127477ef3904d1e668af687639e502b3076d46f25618af
TUAB,eval/normal/01_tcp_ar/aaaaajfi_s001_t001.edf,24950038,f261959d33631bb582375fa30b9179985d2f8c61825e1b9685fcc8a17a5f1d05
TUAB,eval/normal/01_tcp_ar/aaaaajfn_s001_t001.edf,20691490,15faf1940eff15ac264805db7c94e59ecbc165fc03eca8d135e758d36c608217
TUAB,eval/normal/01_tcp_ar/aaaaajfy_s001_t000.edf,19866190,c96dbfa2465813e261b6d3869209e8a0c2dea01d80c5eebcb27be85c51ea66b1
TUAB,eval/normal/01_tcp_ar/aaaaajga_s001_t001.edf,19734142,a6d37da31c7124c6cd59393054cb993ff2fc72d6b34c2b6edb2070306d6f4b07
TUAB,eval/normal/01_tcp_ar/aaaaajhy_s001_t000.edf,19882696,87c4aa470b2ba3039ad63d4e1b2542c67245b36cdc07511a906b1a3e75339d01
TUAB,eval/normal/01_tcp_ar/aaaaajit_s001_t001.edf,20344864,12f9b836589f7473c56d7c5b698020d2b008338eaf6651d1294828161452a35a
TUAB,eval/normal/01_tcp_ar/aaaaajiu_s001_t000.edf,20608960,7b6852dbd68e1fbbafac843f03fa3c5ae7765b266477dbc047f2d1a44dcb2348
TUAB,eval/normal/01_tcp_ar/aaaaajiy_s001_t001.edf,19849684,30cad1dec7c5b67d065f7a010d6fc0780b10eb5cd015ac9fda12946ca023b790
TUAB,eval/normal/01_tcp_ar/aaaaajiz_s001_t000.edf,23811124,8246f76c9c6a0f346541c3e9cd4d71f3b66483df4f30dd9df5e57dd90c7c67f9
TUAB,eval/normal/01_tcp_ar/aaaaajjb_s001_t001.edf,19783660,1ce3d64aea8eb90cdb875f56e00703b378ec90e502994318df449bd6e0660226
TUAB,eval/normal/01_tcp_ar/aaaaajje_s001_t000.edf,21021610,38509905ec270da94151d8b44424ba85081b48c748975f381b6becedecba32b3
TUAB,eval/normal/01_tcp_ar/aaaaajjk_s001_t000.edf,22870282,ba0539001fa69848144a3a9354d03914e5fe7428e5a3652b03d7f0869e2e45df
TUAB,eval/normal/01_tcp_ar/aaaaajna_s001_t000.edf,25313170,b26becdf88fb8ed5f7f019476df28da52e9a68a92b5226b09864f552213902d8
TUAB,eval/normal/01_tcp_ar/aaaaajnu_s001_t000.edf,19866190,d8dbb0366ddbb6c237ced35a7e3ae008d2da72efc5d977f63cb412acfa55c80e
TUAB,eval/normal/01_tcp_ar/aaaaajon_s001_t000.edf,22804258,084228bd1fbd92c6e46e485c87a01fcd93fb042bcc2859bc9472469652b44907
TUAB,eval/normal/01_tcp_ar/aaaaajpg_s001_t001.edf,19651612,aa859c344d993350d535f1bf5ea90248edff8163c3055951fe8128aa56141fb7
TUAB,eval/normal/01_tcp_ar/aaaaajtg_s001_t000.edf,20922574,33e569868e2713b1e2aa752241f94d36a9f29f60b51e9b09888df4aa4868df92
TUAB,eval/normal/01_tcp_ar/aaaaajtu_s001_t000.edf,19899202,53a52b4826497478692ef5f853a99edad129f9f8ff326b6b6147931529269f7a
TUAB,eval/normal/01_tcp_ar/aaaaajun_s001_t000.edf,20163298,15e402cb56b7557ddd082af172b9d5fceb965a5b91682041577c34fc2dd2c8b8
TUAB,eval/normal/01_tcp_ar/aaaaajvh_s001_t001.edf,16664026,315631bd09cec9521df5ccadfc0a9bb4ca403a2672b49d4741adaaaedb9ec5f9
TUAB,eval/normal/01_tcp_ar/aaaaajxp_s001_t000.edf,19849684,12cdca11baa1c7b0d9b26d75cc85f1ff9e740fb1da0334e3aba8cd78f43512ac
TUAB,eval/normal/01_tcp_ar/aaaaakft_s001_t000.edf,23530522,a6b642eba6a58b8afe8420556dfe1002cfe6abd8079ac668f38fe583a9394a04
TUAB,eval/normal/01_tcp_ar/aaaaakgp_s001_t001.edf,19668118,4723872805d4beabd243f9b130522e38f63a836d60eea42cb59918441e1f1d55
TUAB,eval/normal/01_tcp_ar/aaaaakka_s001_t001.edf,19833178,89004c9369da1c67bb369ab9156a09b41d7336f7f501f87b6fce23a93a8f60f3
TUAB,eval/normal/01_tcp_ar/aaaaakqg_s001_t001.edf,19486552,0b405dbf7dd89229257a6a4e20e8e8b71e11b9f8ff063fe91c289d34c7c317f3
TUAB,eval/normal/01_tcp_ar/aaaaakqr_s001_t000.edf,19899202,3e1497513ae84ac9ec3d82f9e10ff03240d8ac7c132e626000b8c131a74e08d7
TUAB,eval/normal/01_tcp_ar/aaaaaksb_s001_t000.edf,19866190,3c29abbd5a7651fd059634f9f5efdfd2ecec52a99bc4e4631d6c59f559d0edf7
TUAB,eval/normal/01_tcp_ar/aaaaaksu_s001_t001.edf,19651612,23c739a8ffb4d0880f85aad32da481c1717d3c6f059fed12235ee882025dd61a
TUAB,eval/normal/01_tcp_ar/aaaaalaf_s001_t000.edf,19849684,0a2745f1243b2598cb82501b113f850470da13020b08932a6c689c0b2f0856c4
TUAB,eval/normal/01_tcp_ar/aaaaalbt_s001_t001.edf,19437034,f34eb68b1bc61a4dca37530511ee90fe2223978bf0ac5419894f524f341c3956
TUAB,eval/normal/01_tcp_ar/aaaaalbt_s002_t000.edf,20010322,d9ea85eb7917fe392a4bdec0e4895cad71d323170d624a9b2d281a9b1221ab79
TUAB,eval/normal/01_tcp_ar/aaaaalid_s001_t001.edf,19948720,21e99eb59405cc9c26c362e9c3a62434ab0d1736bdbf4f61e393fe66589e6006
TUAB,eval/normal/01_tcp_ar/aaaaaljj_s001_t000.edf,21054622,a20791da28f24c8bd2b78a7fffb6458365a1feb07fc04a531cba00d0d24e6bbe
TUAB,eval/normal/01_tcp_ar/aaaaallc_s001_t001.edf,19024384,429730ef8a99273ce0f67d4123e00ab53e3b7fd89da881cf2a6920c19e844846
TUAB,eval/normal/01_tcp_ar/aaaaalox_s001_t001.edf,29786296,3eeafbb21b222ca011234df8aa6bb67bc17a64aa4f2ff2d38a4d96e4f8d91eb5
TUAB,eval/normal/01_tcp_ar/aaaaalpv_s001_t000.edf,23134378,05b6acf4e115ca3e3c93acdf688b23944f4d3e5287a8c32d939c3dd49c198083
TUAB,eval/normal/01_tcp_ar/aaaaalqa_s001_t000.edf,20575948,38e1fbc267ebfa1a7c9db7ed43fda084e394da87c3aaea59a5f221cc2a7551a9
TUAB,eval/normal/01_tcp_ar/aaaaalqs_s001_t001.edf,19668118,b48d92688381e6aafa65fe2233a9c139d4c30a32c97c142fa37687f2a323bc04
TUAB,eval/normal/01_tcp_ar/aaaaalqx_s001_t000.edf,22952812,6e50c984f0573921ec8fdce4c3ba706d39cf67e662d97152ddcd0cb3ab90f921
TUAB,eval/normal/01_tcp_ar/aaaaalsq_s001_t000.edf,20856550,071306accf18a4a3ba9cdf692f8b6ede4b1e3f58f892d1b65c84516ca33cd637
TUAB,eval/normal/01_tcp_ar/aaaaaluz_s001_t001.edf,20179804,d8dd30d5d9428e3df1042dc2121e8eba06a282bcbf67ed1bb83bc1089b34b19c
TUAB,eval/normal/01_tcp_ar/aaaaalvw_s001_t000.edf,22853776,b3b629c220e22bb179bf048df82cabe6b1d02fd4312727af107b7e5a0fe62873
TUAB,eval/normal/01_tcp_ar/aaaaalxk_s001_t000.edf,23728594,44a8792df579e55017bfe667b7ca14f6aea9d60dacd18dfa6c23b97a0013a469
TUAB,eval/normal/01_tcp_ar/aaaaamfe_s001_t001.edf,19849684,a000c8cf35c576b74a88b010606357b6612fe5c30cdd5d9ed22db48e90d02488
TUAB,eval/normal/01_tcp_ar/aaaaamfu_s001_t000.edf,20146792,4eb41e6efeabfd4688bad5c7baebd90dd7a759f4c1f31214e6a18eb4ef9aa774
TUAB,eval/normal/01_tcp_ar/aaaaamon_s001_t000.edf,19882696,49ff7763a89805368cc73d4334fbf61c40db91d74e879599996e6d6af59e44d9
TUAB,eval/normal/01_tcp_ar/aaaaamrj_s001_t000.edf,19948720,201774d6b95421f1799e766e2a88e3b24b1052b4935a158d64c5a78a68556a38
TUAB,eval/normal/01_tcp_ar/aaaaamtb_s001_t000.edf,23035342,83ea72131ae585ff5be6c8b6a3baa0846cd5246077341d96002c52eded826aa5
TUAB,eval/normal/01_tcp_ar/aaaaamuc_s001_t000.edf,17619760,a7fe84e57d0d7cdd95af5fe4fea2b6e16a7a1d1703f4941e83117a404c280a3d
TUAB,eval/normal/01_tcp_ar/aaaaamyb_s001_t001.edf,19267492,72de9c64cb1770b507fd9e88c5041a144f6c889d788508c68f8f224e41506b72
TUAB,eval/normal/01_tcp_ar/aaaaamzl_s001_t000.edf,17093026,5e86ec8dccdfa6db2e5a99bad5bc9f80594283fa00c83d2b1ea453510b88305a
TUAB,eval/normal/01_tcp_ar/aaaaamzx_s001_t000.edf,16857410,276aa2fd9b64944b2bed2ed9b7b5f450a82a9b4473dc119ba2068023b021fe21
TUAB,eval/normal/01_tcp_ar/aaaaanbq_s001_t000.edf,19199962,9681678f73f40c5054d2c13179e8952a74bb988e15a6488ede425963b6489747
TUAB,eval/normal/01_tcp_ar/aaaaanek_s001_t000.edf,16714858,1df4c7babd88235d0f8565202dc625016fa5d719f9e2a9c80f38384fa56a07e8
TUAB,eval/normal/01_tcp_ar/aaaaangp_s001_t000.edf,16579798,a43fefa175432a83b1d2d834396e8a23f1835f8b00536255cb73d46e50215b08
TUAB,eval/normal/01_tcp_ar/aaaaanlp_s001_t000.edf,20863126,e0251d1ebe1f85503288cd3d9080e958545d73710035c114190b93787f83a49f
TUAB,eval/normal/01_tcp_ar/aaaaanop_s001_t000.edf,16593304,47a059b424a2273302ccefcc3d694cb96405a1f73e4e9409af82cd4ff1b46e75
TUAB,eval/normal/01_tcp_ar/aaaaanqe_s001_t000.edf,18105976,bf2020b669e384d310e32a89ac9af58d2cf47fbb3e3a64c9f8b547ca741a7f5a
TUAB,eval/normal/01_tcp_ar/aaaaanum_s001_t000.edf,16983464,40b55b28d93ace3acfdf171cb3b20995a71dbf454a5b1e4a3ab0d75b9bef0dcf
TUAB,eval/normal/01_tcp_ar/aaaaanvb_s002_t000.edf,21468970,03c776c93eb915d1a090c0f25f486ced107d98b3f7d53919c998e70049247c69
TUAB,eval/normal/01_tcp_ar/aaaaanvg_s001_t002.edf,16465954,97fd901ab58025fa5bb7ab085a6063e26e130ce12faecb9ce058f9e9848c63ce
TUAB,eval/normal/01_tcp_ar/aaaaanvw_s001_t000.edf,18673228,4eeb782b6d1c6ea543f1041082250ea86221e7f56562d8d840dc5e3b99a38657
TUAB,eval/normal/01_tcp_ar/aaaaanyb_s001_t001.edf,42026192,5d87c41444da450028e62f270d55a14c6686dcae3c8ceaac471fa465a5d8b58f
TUAB,eval/normal/01_tcp_ar/aaaaaoav_s001_t000.edf,22474138,714e0e9882a2b68ea2e328a8e44457ea36edb27da73fe3be75ba83467fbd1b6f
TUAB,eval/normal/01_tcp_ar/aaaaaoav_s002_t000.edf,18460462,e5fdaeecdaeb6ada3af5568fd9475b4d0381b201b5a08cdccec1a216bf70bf24
TUAB,eval/normal/01_tcp_ar/aaaaaobl_s001_t000.edf,17322628,a9d7f011abcf409031d1932be03d40fe5a700f4259ad698d2bf0a41d64c1a7cc
TUAB,eval/normal/01_tcp_ar/aaaaaoby_s001_t000.edf,20031118,19b512800861b8abaf5ccab72e71effbb7d41059fe11894ed20d41895a774497
TUAB,eval/normal/01_tcp_ar/aaaaaoeg_s001_t000.edf,21929440,816252ca38c2cc2765feeafde2b19a856399b2accde299a0c3c18ec286ef8764
TUAB,eval/normal/01_tcp_ar/aaaaaofj_s001_t000.edf,21071128,10ebf7d3866ba313ee16060a0ad0b7679236ea2b7e6dab65630055b0fbcc89a9
TUAB,eval/normal/01_tcp_ar/aaaaaofr_s001_t000.edf,22408114,1fc8c18a85ecc943b8c562952bf4e548e8cfad7bc5fcc35b724e7841c14b6161
TUAB,eval/normal/01_tcp_ar/aaaaaofz_s001_t000.edf,22936306,dec3a84160e110bd7cacf91feed6a4c7e2ab8bc116805c35cb0c5a6d8fe4fee3
TUAB,eval/normal/01_tcp_ar/aaaaaojd_s001_t002.edf,13944162,5f79b979cae9ff1606c6e63b16c0959a40414daaf5e0a3635f7b811afcc20db0
TUAB,eval/normal/01_tcp_ar/aaaaaokg_s001_t000.edf,23811124,10ec4c61a6217fdef1845e2f3e4616bf7de703fde78ecd648144023fd92df666
TUAB,eval/normal/01_tcp_ar/aaaaaoly_s001_t000.edf,19140388,aeeb2d71fac1ebbe2b8eea9b338c5bf576d1125b16f3dd81d92e88cea39f3b61
TUAB,eval/normal/01_tcp_ar/aaaaaome_s001_t000.edf,24801484,93faa77f4aef465dda8e451c0418ba8942ca1a3c9638e1324799f237cebfed33
TUAB,eval/normal/01_tcp_ar/aaaaaomx_s001_t000.edf,22672210,91be2de4528b10982742cf91ae78c27a32243662dd692fc7538730ee1b2d9a35
TUAB,eval/normal/01_tcp_ar/aaaaaonb_s001_t000.edf,16336690,e1dcf65b3a134b1b43c31d907c137e6c2b26e5a3625843903b2f2e4eb424b152
TUAB,eval/normal/01_tcp_ar/aaaaaopd_s001_t000.edf,23992690,52784ef0036161e8395743a6bd283df9b730c555857921252ce942ca1d6c0c0c
TUAB,eval/normal/01_tcp_ar/aaaaaopo_s001_t000.edf,13041226,ea3534043916ddaff9bc91d5a50149c8ef8c2970a7fc9609d183db00af491586
TUAB,eval/normal/01_tcp_ar/aaaaaosw_s001_t000.edf,20483032,ab0c786c507a6646af6a1aac4cd5f151647c1f407a4a80fa6618e6c74f705037
TUAB,eval/normal/01_tcp_ar/aaaaaote_s001_t000.edf,24950038,69a816b850684b082897fb35fc04ca4a50817a2d75f1722e9166d6f9be23f101
TUAB,eval/normal/01_tcp_ar/aaaaaowb_s001_t000.edf,22870282,7e30cdb589e7253d094c98b1c0c65a9a25c8e42ef506afd8a8596152ac7d1393
TUAB,eval/normal/01_tcp_ar/aaaaaoxf_s001_t000.edf,19348528,e9e82d57e56728db0a0b4d39cfbdd242402d092c13fff7daf2efa4d767235fac
TUAB,eval/normal/01_tcp_ar/aaaaaozf_s001_t001.edf,19740202,181533ec37a18fb180b5fba8776651e7bdceb0cda278c26e8a4fc2d87eee6412
TUAB,eval/normal/01_tcp_ar/aaaaapag_s001_t000.edf,27756058,8749ba298f487870b02d69a58e2dd1cb5243e11f7ac8f9446a724c2b9b919f95
TUAB,eval/normal/01_tcp_ar/aaaaapcb_s001_t000.edf,18389602,6834feaedcf2e255768063c5ef088f6f09c8197e924c9e84b3687af5029ff2b7
TUAB,eval/normal/01_tcp_ar/aaaaapcy_s001_t002.edf,18875818,5d57ef8e3d8309b0417435f8941dd09e8182edb645afb90098447f44200a5743
TUAB,eval/normal/01_tcp_ar/aaaaapdg_s001_t000.edf,16984978,1e7c76e4a95ddc93758034780bb8c0dd56091730d8afcf901c52546cf4649db9
TUAB,eval/normal/01_tcp_ar/aaaaaphw_s001_t000.edf,17322628,a6a57db55ae3dec5b551359bd10b25090f4fba7ceaa9806a479a418ca143a62a
TUAB,eval/normal/01_tcp_ar/aaaaapij_s001_t000.edf,17957410,f9d5bc1c00268b87a8ee947d62aeea87891296d0aba5937a9d734dc57a2ed956
TUAB,eval/normal/01_tcp_ar/aaaaapjc_s001_t001.edf,23188122,f3614148df655155985027c1d319d2b0721ba16cc941a2e2f8517fb81d8a561e
TUAB,eval/normal/01_tcp_ar/aaaaapka_s001_t000.edf,17268604,813c91d911dd3fa3ddcbdb981cfe750dbde217e981071aa3039e4f776cac34f3
TUAB,eval/normal/01_tcp_ar/aaaaapof_s001_t000.edf,17052508,d863f9cc68d9a3e90558e24a7f3b15306413c35ba1bea81591d64f0254d9879c
TUAB,eval/normal/01_tcp_ar/aaaaapoo_s001_t000.edf,16728364,2a30e67eb5e11cbd13aa7438a3d1c1969f905d46ab5cbee0efefd60455dd2a38
TUAB,eval/normal/01_tcp_ar/aaaaapoq_s001_t000.edf,16647328,8464a7d3d009fcffc291214090273d6e514c7a65d622bd6f025d1eb7063ef595
TUAB,eval/normal/01_tcp_ar/aaaaappb_s001_t000.edf,22846582,681fdd9cb5668ff76dbe207b67fefb52e8fb4867865891bc0f01f01cad733bec
TUAB,eval/normal/01_tcp_ar/aaaaapqv_s001_t000.edf,16944460,36177f8e6cee8662690b58323fb201b918ae08b1e56aa29d3ac1f941c7251c2c
TUAB,eval/normal/01_tcp_ar/aaaaapua_s001_t001.edf,21566308,06d43d10a94f2695c0a8d7bbfe213ee57f75b08f3719f9c0ef5150060493a620
TUAB,eval/normal/01_tcp_ar/aaaaapuu_s001_t000.edf,16539280,3d921b49793cdfbd6042b55888c5e43972add8f9ba2f9a7107461e32893dab51
TUAB,eval/normal/01_tcp_ar/aaaaapwn_s001_t001.edf,22804258,b765c252de2cfdb1199c3dd9cbe0e529c351feecccafabc9eee44d503a1e6de5
TUAB,eval/normal/01_tcp_ar/aaaaapxm_s001_t001.edf,17876374,5f1c047b3d2dc550356ccc6c8fe8ea4a200cbfc0fc742381918229fabe0b504c
TUAB,train/abnormal/01_tcp_ar/aaaaaaaq_s004_t000.edf,18322072,f13745646a50c66af648d53a349fc320079b25f3b4b0dbfdfc6cca42fd8ed40d
TUAB,train/abnormal/01_tcp_ar/aaaaaaaq_s005_t001.edf,18929842,59d837d8fbe719c393be64438c27bae0edb3f76ac4d2c42446b00a46fd029d3c
TUAB,train/abnormal/01_tcp_ar/aaaaaaat_s002_t001.edf,20982754,9fa473e864e2f5ce8b40a39688134a32458721b217cfc7224e6d4b4e1cee6d23
TUAB,train/abnormal/01_tcp_ar/aaaaaacq_s008_t001.edf,19552576,8949c9fc39221a337c2a7e2955b73b0184ab8e523e7e25342a5e8e8e2f37dafc
TUAB,train/abnormal/01_tcp_ar/aaaaaacq_s009_t000.edf,21120646,81ee4b87a1b3e3ee967f5b10a1d6eac5b50ee931fca31e4ab4dfd1168f44a2ed
TUAB,train/abnormal/01_tcp_ar/aaaaaacq_s010_t000.edf,18146494,70503436b6e1a9583459843a70030d7957de6a9bd5982a2aec006bce118effe2
TUAB,train/abnormal/01_tcp_ar/aaaaaacz_s003_t000.edf,19899202,ee72607af424636384c2d23d93fcc13f53648b40b49f3093bcf8baba375053ca
TUAB,train/abnormal/01_tcp_ar/aaaaaacz_s004_t000.edf,24851002,00d017bd1288a58db38314dda111098d9e49be01e38e00fad0224debb9b40025
TUAB,train/abnormal/01_tcp_ar/aaaaaafg_s002_t000.edf,20334466,a6ed3f029ea689dd53ab174276fbf61cddac0fb8c0c00f05d7011384a7039be2
TUAB,train/abnormal/01_tcp_ar/aaaaaafs_s003_t000.edf,20526430,1608f54256f82c13200ddb18d20add944e884fd36c2cc98c2fe7eef2c4de3295
TUAB,train/abnormal/01_tcp_ar/aaaaaagt_s007_t000.edf,22292572,57c44fc19be6a8f764c20732140db9afa3f5eabd69cc4b545dfaf918cb552137
TUAB,train/abnormal/01_tcp_ar/aaaaaahf_s002_t000.edf,16309678,7929220b7764dd040c0b11f1d8129a8b385578c3caeefbab6f057e1bca4280ed
TUAB,train/abnormal/01_tcp_ar/aaaaaaju_s005_t000.edf,23811124,2ba0f78d5e396aef8ea74f905bf2e74cea5ca7d3e8d2e0389e47dab3c9f7f8fb
TUAB,train/abnormal/01_tcp_ar/aaaaaaju_s006_t001.edf,19767154,a97650377b9d6d967038902521d8a547aa2a45b7ec131a67524f8c7fc8909aad
TUAB,train/abnormal/01_tcp_ar/aaaaaaju_s007_t000.edf,16809400,56f46ec346b44b8797e5268d85be1d17d39557340b172ef6a8a607da9f6f058a
TUAB,train/abnormal/01_tcp_ar/aaaaaakr_s004_t000.edf,25577266,d5884c4328b9433f9d912b43101e73b7c4ddc837da15adae188c129deb8ec38f
TUAB,train/abnormal/01_tcp_ar/aaaaaakr_s005_t000.edf,18700240,b099f20d296bf34d9b159c62bbfd4fbf4a73ffb45ac6e3b657e9fc17d27edb1f
TUAB,train/abnormal/01_tcp_ar/aaaaaald_s005_t000.edf,16917448,2fbdb00872301b03c16dd7a8f20ad0a4abca54d91c36136ebdd75585b59613de
TUAB,train/abnormal/01_tcp_ar/aaaaaaly_s003_t001.edf,19734142,9ea6d3397e1043fc7387a678831d558ef1ce6a07a23433eb491b2f9e9fba5803
TUAB,train/abnormal/01_tcp_ar/aaaaaamc_s006_t001.edf,20443900,7c78f79a0428e7bcd52e6249191f59b7cb52220548b577e26ec1b4a60f37d274
TUAB,train/abnormal/01_tcp_ar/aaaaaanr_s004_t000.edf,17174062,89239aaba777f9fd9f62b419ab16fd43275d362d83798765bf6cab680cad775b
TUAB,train/abnormal/01_tcp_ar/aaaaaaoy_s008_t000.edf,20196310,9c84e7d2f653523119eefcc7ebe75f6f99046970be6113f4858656127fa276f0
TUAB,train/abnormal/01_tcp_ar/aaaaaarq_s007_t000.edf,19882696,5eb91e575d62c3867fde0427172a93303bb7dea14a0fdc549d86df7417d86ba5
TUAB,train/abnormal/01_tcp_ar/aaaaaarq_s008_t000.edf,23943172,c491586fd80b37b8b8f72f1f6816bab3570a045a4ee1358d1486b9f73f7f1402
TUAB,train/abnormal/01_tcp_ar/aaaaaaru_s004_t001.edf,19734142,fec2a8c9da518ffd73625ebb98ffe9d1d164e01fa5f3f2fc5b5dbd63b84c699c
TUAB,train/abnormal/01_tcp_ar/aaaaaaru_s005_t000.edf,16377208,85d5a688522cc2341bc7516f76b182c40c60ad0d4e77c335e379b9031ed7f27c
TUAB,train/abnormal/01_tcp_ar/aaaaaaru_s006_t000.edf,22771246,6bf6e509d3b2e7927382253231136240d44540c2fddca565ff88ff81eddff8c3
TUAB,train/abnormal/01_tcp_ar/aaaaaasn_s002_t000.edf,22886788,b509b2c4bb59f521a953afeedce5f69721c0085035ac70595e436adcd005154d
TUAB,train/abnormal/01_tcp_ar/aaaaaath_s004_t000.edf,20641972,0db1c2cd500d7d9f1893c029863c1c66f83442a80435dd669ec5631fb8441a2b
TUAB,train/abnormal/01_tcp_ar/aaaaaath_s005_t000.edf,16242148,d01db65c38cef081bd3af5289df34d7983c849ce77397895c49d46992cbcc59f
TUAB,train/abnormal/01_tcp_ar/aaaaaauj_s004_t000.edf,16822906,153f400a218b6908a875a770e22f6fb9955280ac408e70cc9193c9162bb70356
TUAB,train/abnormal/01_tcp_ar/aaaaaavr_s003_t000.edf,23547028,745dd5e824edecf07cb7021a2ed06f2acae98663914193b0c4862993e94312c2
TUAB,train/abnormal/01_tcp_ar/aaaaaavr_s004_t000.edf,19335022,3c545bf4be0cacad0287d39ec4334ceac47e58b5531ac79c4449150ffd81fc7f
TUAB,train/abnormal/01_tcp_ar/aaaaaavx_s006_t000.edf,15445294,045e23f55bbe733085a68f01299909c2166d58ec2b148b152c5729bdfdd89d35
TUAB,train/abnormal/01_tcp_ar/aaaaaavz_s005_t001.edf,19503058,d3ca0a887bbef87ac77f45e314be2c59cbf6015b222782bcc0ee1d94d537aa41
TUAB,train/abnormal/01_tcp_ar/aaaaaaxa_s005_t000.edf,21117814,34af81e2450d514f563e280271547b6c296384b8800d828ec0217ddb56e7ae7b
TUAB,train/abnormal/01_tcp_ar/aaaaaaxa_s006_t001.edf,19668118,2d8c09ca3f798cbab64b3a4c3967354da09b4df8d01778cf05b4d7b49101925f
TUAB,train/abnormal/01_tcp_ar/aaaaaazq_s006_t002.edf,19139926,3d2a090e5e01f88d94b19995a282621e8b881d7fb50ad3f4b9b8b4d1773fd6ec
TUAB,train/abnormal/01_tcp_ar/aaaaabbx_s003_t001.edf,19585588,1c3df0c78df8a3e8e7e988e528c6b784968a4d7e302cfdec225049fb287a06c3
TUAB,train/abnormal/01_tcp_ar/aaaaabco_s003_t000.edf,17039002,d6bf89e32a76bfab082a029cbfca0d2a92403c47d10592f6a280269130d2d41d
TUAB,train/abnormal/01_tcp_ar/aaaaabda_s002_t000.edf,18322072,3a50d225e61b85b5f6c1852f3e70c10ad3e9e695b999c09325c7d3313fce7905
TUAB,train/abnormal/01_tcp_ar/aaaaabdn_s002_t001.edf,21929440,85959587e721cd827bc011dc8ea1b3605480b0df22e3eb191ffec9d5c8560117
TUAB,train/abnormal/01_tcp_ar/aaaaabdn_s004_t000.edf,22387378,8b1cce833a0aee2331f14a379d4c61d3de493bfa639c844e4db1f88cda8e26ef
TUAB,train/abnormal/01_tcp_ar/aaaaabha_s003_t001.edf,20707996,aa1a16b537acaf31b5b5f62156cd5f38243f5e8ffd90797a69bf9bd87b370fea
TUAB,train/abnormal/01_tcp_ar/aaaaabhz_s002_t000.edf,26435578,d0a8dc82c6da09e93d47d586683713adf342f45c8642d4c9fa84e6fa9ca64f7b
TUAB,train/abnormal/01_tcp_ar/aaaaabhz_s007_t001.edf,20361370,d0336b8cb435bf44310a3817b32fb049d910ac31697e14e1fb2a52c2c5682812
TUAB,train/abnormal/01_tcp_ar/aaaaabhz_s017_t000.edf,16539280,87f8301787bec43e357f73d99439adc053b0117a18346af306328133055d27f0
TUAB,train/abnormal/01_tcp_ar/aaaaabii_s002_t000.edf,20014744,92e03809b60e301b0c47ba4c0d67bbc83e4b0d106bc65fef243048c0f147383a
TUAB,train/abnormal/01_tcp_ar/aaaaabiw_s014_t000.edf,21036778,6096bb2e1f793d94210f3621e1a75194a30b8366d6216d3580aae94b7f633bbc
TUAB,train/abnormal/01_tcp_ar/aaaaabiw_s015_t000.edf,19849684,838b1332c56cb611d926f9e8702ff302c72c2e9b4103f0ed99dfc27ecf034d70
TUAB,train/abnormal/01_tcp_ar/aaaaabjt_s004_t000.edf,24190762,9ad6bd1c9ab26dd7d6ddebb4e3d4e19c3eec98ed63723f19528af213c39df644
TUAB,train/abnormal/01_tcp_ar/aaaaabju_s002_t000.edf,21467272,bdf6a6ee05f540b937b41dcac3506d2ca88bf35d444144e0c06535c1ce3512b0
TUAB,train/abnormal/01_tcp_ar/aaaaabom_s008_t000.edf,20031250,7bab21e19df8042616610d319f094140621350ccf0c06159fcc5a7244b3e023e
TUAB,train/abnormal/01_tcp_ar/aaaaabrc_s005_t000.edf,23712088,8c6d751ea17c1586c7e53b625cb427f4f0b651b65ed6bd832d41c82f5bd15a7e
TUAB,train/abnormal/01_tcp_ar/aaaaabrc_s006_t000.edf,22252318,9a1a0e33cc561f76b6929e3669e17574e100573f9d915c53892adc7c3cedf76b
TUAB,train/abnormal/01_tcp_ar/aaaaabrx_s005_t001.edf,17511712,911d68fa81937474acbd3eed7f39267c014e822b5e51ba1006a0d49d9904567d
TUAB,train/abnormal/01_tcp_ar/aaaaabue_s003_t000.edf,20741008,d12ada7a9d7fe98f752ff74ccfa32a30a4551d3bf247003973b643da9a999c85
TUAB,train/abnormal/01_tcp_ar/aaaaabue_s005_t000.edf,20163298,d3031d74438d0800b742ced3c0f84f26dd848f5a13a2b8b297be6e0b273cbedf
TUAB,train/abnormal/01_tcp_ar/aaaaabvu_s005_t000.edf,21038116,4b0289185ae44a5a7b2f43485401f548b0cb900bd593de3203aab1f1aeeb51a6
TUAB,train/abnormal/01_tcp_ar/aaaaabzu_s003_t000.edf,19965226,d623bd4f54a08dfcbbe367f3104090d68ad5be08ae1fcbbe0aa1d173b777a050
TUAB,train/abnormal/01_tcp_ar/aaaaabzu_s004_t000.edf,22837270,928cb5461eb542b3e50e5e53f5edc790ef1ed2997bf33bce91b6e45d898edba3
TUAB,train/abnormal/01_tcp_ar/aaaaaceh_s003_t001.edf,19569082,b87d2bdaab077b102e59765803af69d7ba9576fec5ee0849011ede1cb7bee3c7
TUAB,train/abnormal/01_tcp_ar/aaaaaceh_s004_t000.edf,20131876,e3acedc3097685f8f67502e5b6fd587421f37f9d48008ab1e75f6828c325e423
TUAB,train/abnormal/01_tcp_ar/aaaaacej_s004_t001.edf,20080768,aed328cd2abd7eb2084730b8eb394f258dc565d2c33a4a5a088e1eb0224eba21
TUAB,train/abnormal/01_tcp_ar/aaaaaces_s006_t001.edf,19717636,e26f3a2aa85e7780e3860551ce830aaff671bfba8a35a64aefe7adf126e4dbee
TUAB,train/abnormal/01_tcp_ar/aaaaacfa_s002_t000.edf,19882696,477a4e5ec4424148edc8f214de9952549f8dd4b6f99c6fc4869034274ea2ccdc
TUAB,train/abnormal/01_tcp_ar/aaaaacfa_s003_t000.edf,17903386,a05979045a5e711cb919485d9050fb052a337a5e29a16a7bcb83b1b375d0ae0b
TUAB,train/abnormal/01_tcp_ar/aaaaacjh_s003_t002.edf,19486552,bd1f73d62db985f0489b906f102fe54f4213dfbad3a81e22aeee29c62ed3df4b
TUAB,train/abnormal/01_tcp_ar/aaaaacjh_s005_t000.edf,17268604,7fe8ae613015975c3450959f0f08f80e3b252a79160d5b076ce03f5d8472de88
TUAB,train/abnormal/01_tcp_ar/aaaaacjw_s002_t000.edf,25593772,0aca2b6b51e548b347380b7c3fb5957e4d46afe2d30263e95876bf98345f4676
TUAB,train/abnormal/01_tcp_ar/aaaaacjw_s003_t001.edf,19569082,7a64c0d82be2ddbbd1716e50ef324d7480a526fb4293a5dd0b595c3123d37433
TUAB,train/abnormal/01_tcp_ar/aaaaacjw_s004_t000.edf,19882696,cc51cfd26e40c26647c492b329fd15b9fd0328bf1a6b8853e204e90e803a0718
TUAB,train/abnormal/01_tcp_ar/aaaaacnq_s004_t000.edf,21648838,5ab0d35bff8a2c3fba1339dd397f224d9be558542b9b36dcd3b559cd2c8cf6d4
TUAB,train/abnormal/01_tcp_ar/aaaaacns_s002_t002.edf,15512824,64b17ee3055ed0abce8d1dd6f4c4c9daf837a209a9693bb61e9e2892237e71ab
TUAB,train/abnormal/01_tcp_ar/aaaaacns_s003_t000.edf,16674340,0c15f45426babb912b13e41be90f88fd4ec3037feb6dde1154287d80f55692f3
TUAB,train/abnormal/01_tcp_ar/aaaaacod_s004_t000.edf,23646064,c9d7a83124562c23427e10c44a88f60518aa0392c08b5c1acfabc6a55a0e33fa
TUAB,train/abnormal/01_tcp_ar/aaaaacqn_s002_t004.edf,39656884,0533a69837fb544be0c8528906a56281e033a8493804934a6429126ea81dd3c0
TUAB,train/abnormal/01_tcp_ar/aaaaacrt_s004_t000.edf,24586906,ad195a30b23d39d042a3c1c0941a30db19004f965f719798ffa895c4b66bd206
TUAB,train/abnormal/01_tcp_ar/aaaaacrz_s002_t000.edf,16269160,db85b090c25c1856ba2da67e0b48734748a59f1bb405f4a766b2652389b32ab6
TUAB,train/abnormal/01_tcp_ar/aaaaacrz_s003_t004.edf,42934960,7ee9a16c674bfbce8b44d405e2630a6ac36f575ebebcce181e1ff1af4fd64501
TUAB,train/abnormal/01_tcp_ar/aaaaacsa_s003_t001.edf,21236188,2d80e766858a792d8e3230b0c03b73c158910914dacd6fb455bdd510cf535a74
TUAB,train/abnormal/01_tcp_ar/aaaaacsg_s003_t000.edf,16363702,869e23bc2a9de9204d5e83577ac88c5e37a5949bbd0ac2ff13dba71870dc9649
TUAB,train/abnormal/01_tcp_ar/aaaaacsy_s002_t000.edf,17511712,6f7f26d1e4b91e00fa95672f5494a67622007f2694f7a2ca41d43d21be4ae8bc
TUAB,train/abnormal/01_tcp_ar/aaaaactf_s004_t000.edf,19981732,073517911ed82419cdbcd92d5d7b9645bdcb5c324a4a625d4890ac1f269619e4
TUAB,train/abnormal/01_tcp_ar/aaaaactf_s005_t000.edf,22210042,8f8d90f8c90b9f2e99d68a33d090546eb35f1d14f94acf86c1c7000d8651cb85
TUAB,train/abnormal/01_tcp_ar/aaaaactf_s008_t000.edf,20014744,d871ce8570ca7abe5a9c88f559e7a149c0163f6e9e4eb92e98f489e47e202aea
TUAB,train/abnormal/01_tcp_ar/aaaaacuc_s004_t000.edf,23183896,1e6223336f437a46ba8cecf14717b5eef3048e21bf3fe707ef6f5acd56a6a9b9
TUAB,train/abnormal/01_tcp_ar/aaaaadbw_s002_t000.edf,20179804,9daedb5f64883929d9b583a147c55b89efe7cbf384ca0cb6cdc6097dd972e156
TUAB,train/abnormal/01_tcp_ar/aaaaades_s002_t000.edf,23976184,d706475a3c391c81a20a0450e4258e3de0d3ebcf6e365d0c5eb55fd17c26dece
TUAB,train/abnormal/01_tcp_ar/aaaaadir_s003_t000.edf,22292572,b2ba86334d05438780826cf05e5181d7072afc1eb09ac894b8723edc59b77c6b
TUAB,train/abnormal/01_tcp_ar/aaaaadir_s005_t002.edf,21186670,be866293e725eef4820874186bace1aa474b862ec231883e904228c81dc03cc3
TUAB,train/abnormal/01_tcp_ar/aaaaadjb_s003_t000.edf,19932214,a7f8c79fd68a4493aed1c53504b2e273b8db426cefc76bb1b4d4735dc4d135f8
TUAB,train/abnormal/01_tcp_ar/aaaaadji_s005_t001.edf,19717636,685f1b6a57b1c0ed12173e0d2403aa881ae119478da72ca87064529474ab49cc
TUAB,train/abnormal/01_tcp_ar/aaaaadji_s006_t000.edf,22408114,637316d82c81272b33dcba8897f2d1271a8d960041a7fd7754bee0bef05c3071
TUAB,train/abnormal/01_tcp_ar/aaaaadli_s004_t000.edf,23101366,646ea5d5a38864d12db61d9f366abdcec5d34dac5cdde911b625bce9e49b689d
TUAB,train/abnormal/01_tcp_ar/aaaaadli_s005_t000.edf,21982198,dc99abbb8918710a2329195ff616c05f11328689513b01826b30a96ca50c6c76
TUAB,train/abnormal/01_tcp_ar/aaaaadlo_s003_t001.edf,19519564,036a2c3701b5cc32431f3cc0cf8d865629ddf38ed355eedf3d64176c1579a141
TUAB,train/abnormal/01_tcp_ar/aaaaadmi_s004_t000.edf,19882696,77f07aefeef9206001b7660eddbac8194e9c1302e7b259bcc1ff5c518d9bcf0f
TUAB,train/abnormal/01_tcp_ar/aaaaadnb_s004_t000.edf,19882696,fb20ef4fdbd469948019dfdc0417cf56115e70be1374649efb25d58d809aa0d2
TUAB,train/abnormal/01_tcp_ar/aaaaadnb_s006_t000.edf,22127512,4d1f74b77d1c0d0d044eab87239ea134a204c2194690aaacd21629486dc47f14
TUAB,train/abnormal/01_tcp_ar/aaaaadng_s002_t000.edf,19866190,6f043c2e8d98e252093611c7a1aab604e9d06cd1d274eeecb91c1e81ac385fa2
TUAB,train/abnormal/01_tcp_ar/aaaaadom_s005_t000.edf,21863416,c23245664443ee0557678c247acd777e02f12ebf29e8a24b6535904c7ba12f0b
TUAB,train/abnormal/01_tcp_ar/aaaaadpj_s008_t000.edf,19915708,d11646e86c54d9b4070ebedd344fa13325b3183839c39dae1874f42fbec8ce96
TUAB,train/abnormal/01_tcp_ar/aaaaadrn_s004_t003.edf,16930954,4080df2941b8ca87a6252b72581ee49f94c9577e06106662f913f583722e9d97
TUAB,train/abnormal/01_tcp_ar/aaaaadrn_s005_t000.edf,21912934,60c3d3bc5df2e2b685fe6b9e1e11a74c24969987cfeefa7286bc506aa77bc109
TUAB,train/abnormal/01_tcp_ar/aaaaadsy_s003_t001.edf,17336134,b162383010d6d09e17090086b65628b3e0cf5729bde133e5b0c82be9fdcc7b64
TUAB,train/abnormal/01_tcp_ar/aaaaadsy_s004_t004.edf,20660608,273d6d0daf8113b77c7f2271a75f82cb42c857813bc16a049e3f3cd5545f8580
TUAB,train/abnormal/01_tcp_ar/aaaaadus_s002_t001.edf,19734142,26c4571440534af902f72845c224571e4e670629d42b47e7bc03f775fdf99d0a
TUAB,train/abnormal/01_tcp_ar/aaaaaeap_s003_t001.edf,24339316,299e5c7caab92a8582cd78a3ad05191004cebdbc775ace20c40dcef430b23060
TUAB,train/abnormal/01_tcp_ar/aaaaaebk_s003_t000.edf,19866190,d58a2ae4bb831dc666d16a1711992972f280261396105529d53b691fe88a2a17
TUAB,train/abnormal/01_tcp_ar/aaaaaebk_s004_t000.edf,19981732,7c1810d34b13289d83b7c3fb00d24a332350d09bb92282130821832acf92ad36
TUAB,train/abnormal/01_tcp_ar/aaaaaebk_s005_t000.edf,20047756,b53a6b854be8034d615644d2b0938c6215808d4d2f37aea91598c9b497b396a4
TUAB,train/abnormal/01_tcp_ar/aaaaaebk_s006_t000.edf,20608960,0c497e9cee8344af29d0f7e807d66596540ec96a15fb73f3c5ab3482a08f6299
TUAB,train/abnormal/01_tcp_ar/aaaaaebk_s007_t000.edf,20526430,bdbd9bb1076f3080c9fe2cce375abe4a558208542a05545540834e7a465c7363
TUAB,train/abnormal/01_tcp_ar/aaaaaebk_s011_t001.edf,28432804,8fbbf0aa422e9e3ad4839738a3376bda30d723075d913427c0f5f82f1a17c966
TUAB,train/abnormal/01_tcp_ar/aaaaaebk_s016_t000.edf,21632332,ba6aa40f480d796b181c2d60fb600c04adc010ffe875530181861f0fb3347fbf
TUAB,train/abnormal/01_tcp_ar/aaaaaebk_s017_t000.edf,22474138,dc27099d43da8b5a31bee440e00e780509fa4eb6154daf66c946a2d93f8fcb38
TUAB,train/abnormal/01_tcp_ar/aaaaaebv_s002_t000.edf,18472756,95ac9bf004ee4b348029e39b3c609622030ade37964281cda8e1cf35691c0140
TUAB,train/abnormal/01_tcp_ar/aaaaaebx_s003_t000.edf,19849684,32fb0fe3fb1ef9e46562a1e162b8deff78742f025dd040f1084cbb2355ec263e
TUAB,train/abnormal/01_tcp_ar/aaaaaebx_s004_t000.edf,19899202,ce0346215203c087b8909f46d1c92658638a1bb451a0137238852a10ddf90ee1
TUAB,train/abnormal/01_tcp_ar/aaaaaebx_s005_t000.edf,19126072,3a81e5d4b87ecdbed7075a49edb6e24dcc6ceafc906301207f25fbd864bd8baf
TUAB,train/abnormal/01_tcp_ar/aaaaaedq_s006_t000.edf,17557710,855af55bba5538b0916d60b0c32f6bafe1048158e99c3a786958b20583a65a07
TUAB,train/abnormal/01_tcp_ar/aaaaaedq_s007_t000.edf,16988130,d6d199100b59f07cbf714d7dce8e4442cab422c123757410eaf2e024e3820597
TUAB,train/abnormal/01_tcp_ar/aaaaaeeq_s009_t000.edf,19915708,e9cf03ccb0c0962147622773ded7e0b43a413ef035206a1a452e3624423bf610
TUAB,train/abnormal/01_tcp_ar/aaaaaeer_s002_t000.edf,22127512,b62b6720e25678889f3a946a29460c0a81b8ffc64b1a39e953102736837ed16a
TUAB,train/abnormal/01_tcp_ar/aaaaaees_s003_t000.edf,21266380,2a22d8d17a3adc71e42993ed5b4daa4e62446d65fc913d7aeeaf979e2ce73b54
TUAB,train/abnormal/01_tcp_ar/aaaaaefp_s002_t001.edf,20212816,eeab095479b938fc5b31b2b1b28b8bdc51b0b99de041a23fefb680a9247876fb
TUAB,train/abnormal/01_tcp_ar/aaaaaefp_s003_t000.edf,20361370,79f11b903fff286391a8157f43a25b7270bf1f779ac024b60fead16e245b0aae
TUAB,train/abnormal/01_tcp_ar/aaaaaegi_s003_t000.edf,19294504,45dd70ab6145f8a7fabb1074f982ba9e508df78ee9ab37e8dc1f847eb679b63f
TUAB,train/abnormal/01_tcp_ar/aaaaaegy_s002_t000.edf,16417726,70ee27214673d0157d3e6566363efc4ade771e058e90891cc8463667c948e0e6
TUAB,train/abnormal/01_tcp_ar/aaaaaehn_s002_t000.edf,24141244,ac0c51ac7a96f8d8c266eba221d159738c77acdd610ca8bbbcdc68beea2d221b
TUAB,train/abnormal/01_tcp_ar/aaaaaehr_s002_t001.edf,21632332,1fa5889f19be91ddbc44182ebee13acccc85d2ea41aca784e15d419a41624f35
TUAB,train/abnormal/01_tcp_ar/aaaaaejm_s008_t000.edf,21879922,b939f187fee3333443efe14ac51cae47c921c0e204a6e8fddf8061ed85ae3855
TUAB,train/abnormal/01_tcp_ar/aaaaaelo_s002_t000.edf,20400928,3d159b3dcbc694eb5d6b310a293d258c00268d88b0d777590f90ff7a7a940a2d
TUAB,train/abnormal/01_tcp_ar/aaaaaelp_s002_t000.edf,19866190,a30d4b30a40f35241ef37d7a481ac6c510283c695d938ea0c6825093afa938f7
TUAB,train/abnormal/01_tcp_ar/aaaaaelp_s005_t000.edf,19866190,33b4e6c59ef740c5fb20194837edc29dd906b9b9c71a02a18cf7cb26964dff69
TUAB,train/abnormal/01_tcp_ar/aaaaaelp_s006_t000.edf,20014744,8aefa0c481b59b00270941e24b445ea72cb96d82d4e7ac35111f8e3ff9cbc669
TUAB,train/abnormal/01_tcp_ar/aaaaaelp_s007_t000.edf,16336690,1df43e0b80ae216ff090a88bb595a89f573c590cbadb84d9103f79ebc5316107
TUAB,train/abnormal/01_tcp_ar/aaaaaeog_s003_t000.edf,20361370,0de4c81f6fcdea504769fb071c9477620d25e59dcd66a879dba360b978cc1391
TUAB,train/abnormal/01_tcp_ar/aaaaaeqd_s010_t000.edf,19998238,1933cc60e11564e36d5d098d1921ca5815836849ce89bb8c4e05c0f32a84a015
TUAB,train/abnormal/01_tcp_ar/aaaaaeuh_s003_t000.edf,16390714,ca986a838d5be79868a027784aae917213c211060ab952be4b725bd61e5f6626
TUAB,train/abnormal/01_tcp_ar/aaaaaewf_s002_t000.edf,19686178,da8adc3ad9c816237638c9582e3315f39282220768c5513b670cc72e21a4d323
TUAB,train/abnormal/01_tcp_ar/aaaaaewg_s006_t000.edf,19915708,d50068b9f58ee50810a75196b57eb02fda1fe44abd334df30e877e496b9d6a5d
TUAB,train/abnormal/01_tcp_ar/aaaaaeyq_s003_t000.edf,19849684,edb6a1e6ba209fd67bf8be194b4c9d85632f18c92069208ca9564af9a440243b
TUAB,train/abnormal/01_tcp_ar/aaaaaezj_s002_t000.edf,18605698,be81d61f0d9f50987539369315c27b6de0954e7db47579b3b1bd06031b4fac23
TUAB,train/abnormal/01_tcp_ar/aaaaaezj_s003_t000.edf,16336690,99d4a50d406f130eb467a78a861bf94a2256741ecb94a9a204da51ca9bef703c
TUAB,train/abnormal/01_tcp_ar/aaaaafaf_s004_t002.edf,19420528,6213ea019a558f733a806c7b754002d662a68072e35b5037bd9089636394d399
TUAB,train/abnormal/01_tcp_ar/aaaaaffn_s003_t000.edf,16282666,314ace2b9bc232a9bb2428fbaea2c4410a5d9c2dfc12d5da7ae086c26aefb96e
TUAB,train/abnormal/01_tcp_ar/aaaaafge_s003_t000.edf,23679076,f8211ed53237702f19610226f7639c67278208c196734e82508b04c8b1ee7ef4
TUAB,train/abnormal/01_tcp_ar/aaaaafgz_s002_t000.edf,19866190,25484875fa57da2fbb94450488732ef16eac3ea398a8929afa4d821b74f1ecac
TUAB,train/abnormal/01_tcp_ar/aaaaafhi_s002_t000.edf,21995464,feac9896fa77b54b99d451969267a0126f1c868d16e734a5e5d93d0b89c71eb0
TUAB,train/abnormal/01_tcp_ar/aaaaafhi_s003_t003.edf,22725028,97619e658243ed5b395dbd5c1c1b1dc5226cd5e5bf64202bd47f017d6409a42d
TUAB,train/abnormal/01_tcp_ar/aaaaafif_s004_t000.edf,17525218,d729775541cbaf39eac69768cfa02a9c1be79e0e2974cc733eb3a7ede4cb3975
TUAB,train/abnormal/01_tcp_ar/aaaaafiy_s002_t001.edf,19618600,146ec075104f78eb6d4d3602e43270a1c0b163c74ed9a51e4f32d393b7cd2869
TUAB,train/abnormal/01_tcp_ar/aaaaafjj_s005_t000.edf,19981732,d1a3fd202d438557621e4207686e854f43042698b6d670ff9f55abdd53536507
TUAB,train/abnormal/01_tcp_ar/aaaaafkd_s003_t000.edf,27590998,d05b6e69d44dda391290d5fde3ff24e4fecb30d17d86a09a614ec7d6b3a9ccd4
TUAB,train/abnormal/01_tcp_ar/aaaaaflq_s004_t000.edf,16863424,0d731f76538761f6c8b5443aae5e5f9acd1165365fe049b2ec37603fb5cd79f7
TUAB,train/abnormal/01_tcp_ar/aaaaafmg_s002_t000.edf,16366918,ec6ad7c2bb7b70704c655d1df930247af07f8884d5a4d7b1933946ceafb9326f
TUAB,train/abnormal/01_tcp_ar/aaaaafpj_s002_t000.edf,17268604,88ea4187832fbd56462c7fd6797fc920b9fd20ad37a2078462781d55c3bd729c
TUAB,train/abnormal/01_tcp_ar/aaaaafpj_s003_t000.edf,17282110,43e8f009feb6ceb4e773fd60ebff9e34dc31bb88dd9f6694a6b5d80cf4895b61
TUAB,train/abnormal/01_tcp_ar/aaaaafpj_s004_t000.edf,16593304,66135252791997a1adc541c5a3f0738bb7edd9fcaef2f4bcfa77a65935bb8713
TUAB,train/abnormal/01_tcp_ar/aaaaafpj_s005_t000.edf,30410230,cb4b2f0d9495871b5c1961cf5c416121587a19219e8136b00394a862f3751d8b
TUAB,train/abnormal/01_tcp_ar/aaaaafps_s002_t001.edf,20955586,15051cd0bae963518c3c7a6fbf8acad362e6e78fa30354d71b4ff21352779826
TUAB,train/abnormal/01_tcp_ar/aaaaafqu_s002_t000.edf,27673528,cc702c61ae9bcd5b85f105a4fee854a06c63bb612d496e379f6e8014fe3d8b81
TUAB,train/abnormal/01_tcp_ar/aaaaafra_s002_t000.edf,25395700,2376b41f2e9d5f78930fd641bb1666b62fded8c3b6db37ce67e2546ea486edcd
TUAB,train/abnormal/01_tcp_ar/aaaaaftk_s007_t000.edf,19849684,462b0b0af1b090bfccd55544c0a6bc628e02a827d454a27c65210f29d1a53fc8
TUAB,train/abnormal/01_tcp_ar/aaaaaftk_s008_t002.edf,19123420,b77ccb61da4b4880ea798dbdc70c3462fb854e27ce2e3ec6adfa1be841145632
TUAB,train/abnormal/01_tcp_ar/aaaaaftm_s002_t000.edf,23959678,d2d66f7848a310630c2a413f93f4df0fc68e1d82b45432a5e70f20c14c6c85fb
TUAB,train/abnormal/01_tcp_ar/aaaaafxq_s003_t001.edf,16539280,7965ea5a4da795579717a3c794128b7185c829708ce4e7ad545275ed82c88690
TUAB,train/abnormal/01_tcp_ar/aaaaafxx_s003_t000.edf,53653972,acac245d6117aacdcb12a2da22b4e344f22b0e3617b43468d6ce7850a7cdba52
TUAB,train/abnormal/01_tcp_ar/aaaaafxx_s005_t000.edf,20526430,7585a24601971c9ea6007cf84f6ebd1ee468c53f72479cd34b1556d2682c0862
TUAB,train/abnormal/01_tcp_ar/aaaaagbi_s002_t000.edf,20344864,e2e0944cb2cafcda07a3fee9d9d1b8a5c4602887fd87774de60456ef967cf7c5
TUAB,train/abnormal/01_tcp_ar/aaaaagdc_s003_t000.edf,18566142,30ec7717aa07cd9d020dce63a906ae9a197d1075f3b0e3653d6ec48249e2d135
TUAB,train/abnormal/01_tcp_ar/aaaaagdd_s003_t001.edf,15580354,5be17944981d04627c5ebf93ced672eaa2e7e66a51985fb79a8e973ba1a066ea
TUAB,train/abnormal/01_tcp_ar/aaaaaggf_s002_t000.edf,23101366,0f8ad96cd97dacb41777c788b16a0267c716a025bca4ac1a8e9565735b04666a
TUAB,train/abnormal/01_tcp_ar/aaaaaggf_s003_t000.edf,21170164,c09b4b1d14939b2d0416d0fa13e59ae89a9ef0f91b19885c7f3391213efe5668
TUAB,train/abnormal/01_tcp_ar/aaaaagit_s003_t001.edf,19585588,695b4885bd114663261ae58727fa98899c57f21ba3aaba8d3cc962c01eb3427d
TUAB,train/abnormal/01_tcp_ar/aaaaagjc_s004_t001.edf,21467272,49ec73fb4df2b9d529f079c2f46f41a74ed5e8caa1538eb19aa958496096f5d1
TUAB,train/abnormal/01_tcp_ar/aaaaagjc_s005_t001.edf,59133964,7a130b5e617a6cfda4e88a5ab6e24ec63eb3c7f9aedf17a26a9b45fc9bab5cf1
TUAB,train/abnormal/01_tcp_ar/aaaaagmy_s003_t000.edf,19866190,cf80b53438eb016797eeca29e60a45c852beab1cd36fcdd49366c8bdb4ec57c7
TUAB,train/abnormal/01_tcp_ar/aaaaagmy_s004_t000.edf,25775338,ef4fbb8dee3524de0a48f439126eba2a80477cb850faa75355b8f2ea748776d6
TUAB,train/abnormal/01_tcp_ar/aaaaagnh_s002_t000.edf,23157220,1a007ceee09977712e15667b8ef666aa3697d167b31de45f84d686a744346f05
TUAB,train/abnormal/01_tcp_ar/aaaaagpk_s006_t001.edf,20361370,b904d7ac402841de23e0b05cc40a8fbd89561fbd00d50ffb71d49fd48460933b
TUAB,train/abnormal/01_tcp_ar/aaaaagpk_s011_t000.edf,19866190,3f5e148350e5eeb44aef4c08787b732381e11d7556483f1098ef5f49bacde723
TUAB,train/abnormal/01_tcp_ar/aaaaaguy_s002_t000.edf,20031250,aa0d3fc02b630e1fe1ee4c02cf8269806feef3b55eb6a242e33d490244af6b33
TUAB,train/abnormal/01_tcp_ar/aaaaaguy_s004_t000.edf,20410888,5fd175e3134fb653343677a9178e49dc2cb8c93c1182b22e3d426d76e6858f62
TUAB,train/abnormal/01_tcp_ar/aaaaaguy_s005_t001.edf,21731368,c2de430d130917f0d13d51b7050417ad0938a1de521fb3829503c40be567d072
TUAB,train/abnormal/01_tcp_ar/aaaaagvm_s003_t000.edf,16431232,77c727128dbc762fd8cb42622b4f724212413f0eb3d2cc60f2fd8fce468a983f
TUAB,train/abnormal/01_tcp_ar/aaaaagvr_s005_t000.edf,16809400,c757cfee6a52af7eb3fce5e61c5bb316c2e88ada1fa69adf9513c49fa4e75296
TUAB,train/abnormal/01_tcp_ar/aaaaagxr_s007_t000.edf,23734588,baa7fbe9f783321cf962a32fff9d9af3ec8aad4fbf3f03068a82345fce77de42
TUAB,train/abnormal/01_tcp_ar/aaaaagxr_s009_t001.edf,14600146,70eb97ea215d402b2f59008e00067be04d397fff99663b3f77fee1b1d1f92d29
TUAB,train/abnormal/01_tcp_ar/aaaaagzh_s003_t000.edf,19948720,5b74f731c06598d021f16e5203a131dedc4bd112b744e6304fa9b99820f07834
TUAB,train/abnormal/01_tcp_ar/aaaaahbm_s003_t000.edf,21863416,6abe5039c092dc7c662830d0e559b39535525a498014da5f6999cf15528aee4d
TUAB,train/abnormal/01_tcp_ar/aaaaahce_s002_t000.edf,20509924,1ae45676a14c934ea14bb5303c41c2a599c189829e6536e96711ba5b4305ad9a
TUAB,train/abnormal/01_tcp_ar/aaaaahcw_s002_t000.edf,20014744,3c40c85833a8c84dd8e8ed8dac8419d029ce3de2874c74480227956d454cc74b
TUAB,train/abnormal/01_tcp_ar/aaaaahfx_s002_t000.edf,20130286,8973b2b888f522310ea2bafc2e694fc4bbe54feab7acecf5b80dfc30e0aa570b
TUAB,train/abnormal/01_tcp_ar/aaaaahjt_s002_t000.edf,16350196,d0aa96f0241db7677d4e82e999ecd8fdf5a369a4b8cb1ccbac020f4cc0f5b964
TUAB,train/abnormal/01_tcp_ar/aaaaahlk_s002_t000.edf,20293948,0602cb240169daae010bd5ba87619bc86a09f6a13fe5e44198046f0e0b0c0f39
TUAB,train/abnormal/01_tcp_ar/aaaaahmd_s002_t000.edf,20179804,8a254e195f6cef2d18397b95e1a51e43435ef8cbcc8d75165d1de3d97de737a7
TUAB,train/abnormal/01_tcp_ar/aaaaahnb_s003_t001.edf,19453540,b5178ed0123d1b9d9fd34c632017f02b34ea51c35814145afa9ed8c15320ad53
TUAB,train/abnormal/01_tcp_ar/aaaaahoh_s003_t000.edf,19866190,80163fa8d0f9624bf16941014e4f3c350694c47bd233bebcb9808e57cbe6f5f8
TUAB,train/abnormal/01_tcp_ar/aaaaahov_s003_t000.edf,19882696,3b18406223e9985835522754fdddc107e627e0f4d04bef6104e35899b5bab4b5
TUAB,train/abnormal/01_tcp_ar/aaaaahql_s002_t000.edf,20163298,ff9563190b6a6567449b5b962dfb2ea8d07e716c8fb17b2aa603cf395776a815
TUAB,train/abnormal/01_tcp_ar/aaaaahrs_s002_t001.edf,19618600,60fdf32190cf5d388e23f50400f780b3615d8401bf8f9858992d15f47aec7bc2
TUAB,train/abnormal/01_tcp_ar/aaaaahuc_s006_t001.edf,19701130,4f983f24d2d257cd868aa1913d39aae00dce63140c139be13e225f4b41414299
TUAB,train/abnormal/01_tcp_ar/aaaaahuc_s007_t000.edf,21036778,d8901c13bad3b4b9f8eea373bb56de2b4d27f6198ad0fe029b9962cb687ef70b
TUAB,train/abnormal/01_tcp_ar/aaaaahuc_s008_t000.edf,22053636,c0390c9e1c6444e29bf3f922aa46dc918f6d2801d1be43b349ab6ea646307cc1
TUAB,train/abnormal/01_tcp_ar/aaaaahul_s003_t000.edf,16899428,324d787e788e1c786504255846417536d4f3fb4b78f62aaac8ff0b8ded76bad1
TUAB,train/abnormal/01_tcp_ar/aaaaahun_s013_t001.edf,20278840,68c8d0e97f495fb217e75010325c5e2abc0be2a61902d551686a93f59c4e87b6
TUAB,train/abnormal/01_tcp_ar/aaaaahun_s014_t000.edf,22903294,21710a6268a9f29cea465992227a96034fe732cd73b06cb20cf288bef0d27595
TUAB,train/abnormal/01_tcp_ar/aaaaahun_s016_t000.edf,17106532,e1e63121dcb942c7ebca0d9b165122b9d4a3619a3a57d675d96e023e140ab293
TUAB,train/abnormal/01_tcp_ar/aaaaahvc_s002_t000.edf,19566922,33287a5f4a3e3a03d911a8542a90f3b36ff6e81f16b1b3555ee8a12d60523fea
TUAB,train/abnormal/01_tcp_ar/aaaaahwd_s003_t001.edf,19684624,7532fa891808c42f539eb3295bd09d493d031a221a2a4e01ae549b109f2c5fc6
TUAB,train/abnormal/01_tcp_ar/aaaaahwd_s004_t001.edf,22144018,42e6cd40f74f954d97943265f694062dacf782187c6d23a6f8959dd030635c4a
TUAB,train/abnormal/01_tcp_ar/aaaaahyq_s001_t001.edf,19800166,0f1558d716060479b390801df855de482198cd9af745017a8737c94322bd43e1
TUAB,train/abnormal/01_tcp_ar/aaaaahyq_s002_t000.edf,50385784,90cfb02991be8370285a967a6178f756781af68b6e9c0893053c7c037f000549
TUAB,train/abnormal/01_tcp_ar/aaaaahzn_s001_t000.edf,20972092,e475996ba48c1e9cff2290509de0fba0398cad0b1b9c0aee176165a0fb23f55b
TUAB,train/abnormal/01_tcp_ar/aaaaahzn_s002_t000.edf,21747874,a55e5261655eba562916cfd14e03d936e57289ab67f0841fde3855d76967cee8
TUAB,train/abnormal/01_tcp_ar/aaaaahzo_s002_t001.edf,20146792,cf55807d840dae3b7771f49c0c77ccc2d2999012f98b0b474fc9a3acbf5a63bb
TUAB,train/abnormal/01_tcp_ar/aaaaaiat_s003_t000.edf,20575948,3251f9f142f56b061a4332fb7aa7c10c96c0b2668025bccd646af5342c501c45
TUAB,train/abnormal/01_tcp_ar/aaaaaiat_s004_t000.edf,17903386,e7069167ba120a3d31cc00df0d3ddb89ca7b67d745ee7ed1fc286c5579532937
TUAB,train/abnormal/01_tcp_ar/aaaaaiat_s005_t003.edf,19395998,cbb16a60197a0cf1f2a0546d67a5e77d0ae0c3dab5bd29655f268dbd3c6e0c10
TUAB,train/abnormal/01_tcp_ar/aaaaaiat_s006_t005.edf,15617034,8c1a93afea3c14fd72cf36995bfb90891ebb54cf4c48691d67e24122b6f9dfd6
TUAB,train/abnormal/01_tcp_ar/aaaaaiat_s010_t000.edf,16768882,c90d5b656f0b5c77a68eb21e737c4c47597ad7c020f713b4a3c6e55a277aa279
TUAB,train/abnormal/01_tcp_ar/aaaaaiat_s011_t004.edf,23635424,55d5d09138836cd391e7ba095e75631999a59c7e6899a05b899c5c765459720a
TUAB,train/abnormal/01_tcp_ar/aaaaaibl_s003_t000.edf,19411876,5a08cf61592f5b5a0b800b3f3431e4e042019806777c935abf7817d5a5c70a04
TUAB,train/abnormal/01_tcp_ar/aaaaaibr_s007_t000.edf,22259560,2c58a16799cc074a5e0623d99459d9ee19e78c1e2f4fd949978bc170da3fbce5
TUAB,train/abnormal/01_tcp_ar/aaaaaibz_s001_t000.edf,19110194,e01603b8310c5efeb93e8e940f1bff0f0d415dde857aa44412e5a2e8cc80d262
TUAB,train/abnormal/01_tcp_ar/aaaaaicb_s001_t000.edf,23811124,ed6cfa8001e80bc145248da4a2aaf137e5cddd6eef3f2fee3b2c67aede120f3a
TUAB,train/abnormal/01_tcp_ar/aaaaaicl_s001_t000.edf,19899202,8f227b41009eceeb0cb383c8cca5df54441454db562c8457c640b5a68f8ecfb7
TUAB,train/abnormal/01_tcp_ar/aaaaaicl_s003_t000.edf,19932214,d7bd4938b456ff4c8b5519b49092e46b0da337c5ff443f159f9ff11dad6106f4
TUAB,train/abnormal/01_tcp_ar/aaaaaicm_s001_t000.edf,19371010,93fccbcb5febe1027f2a7a8a053b11b18de892e9794a4271f7962dbe03f2c0fb
TUAB,train/abnormal/01_tcp_ar/aaaaaict_s003_t000.edf,20278840,e833bab6b2ad718922347123bf1e536215d03390f294ebff339f1fdff4e6dc3a
TUAB,train/abnormal/01_tcp_ar/aaaaaict_s004_t000.edf,53554936,71992196fd231d21234ea464c613c21eaf7f81fd496e9759c74247537c39094b
TUAB,train/abnormal/01_tcp_ar/aaaaaict_s007_t000.edf,19915708,bfbfe316e67b2d1dc5ece7e79784b7b31a39b33cb151a37aa0d403b5cf448c93
TUAB,train/abnormal/01_tcp_ar/aaaaaieb_s003_t000.edf,16997470,f72312406876a363ebed6406a820a1dab9cc750c9dfe005861e6751c42f25c98
TUAB,train/abnormal/01_tcp_ar/aaaaaieb_s004_t003.edf,17254490,31687c71ebd55590cd91bae53f438c6686487e1d1d9d1c968df7f71cb365ea9d
TUAB,train/abnormal/01_tcp_ar/aaaaaiev_s003_t000.edf,16917448,19588d8ecaad95757161b4efcf2a57a262edfe382ea113d853996d5db1c6667a
TUAB,train/abnormal/01_tcp_ar/aaaaaiev_s007_t000.edf,16857410,bd485e47a2eb5286ef56138af80213543bd6e5f3dd762bddd94b156aeefc9559
TUAB,train/abnormal/01_tcp_ar/aaaaaiey_s002_t000.edf,20328358,f939ee97c89d8c4995eb81cd27747a811559fa112ade22e4e3851c4d48330ddd
TUAB,train/abnormal/01_tcp_ar/aaaaaiey_s003_t000.edf,19899202,4f790936663cc32fa3abeeee36973d6785d6630ecc4fd62512d71e0f95f3cb09
TUAB,train/abnormal/01_tcp_ar/aaaaaifo_s002_t000.edf,20526430,af71cb3e2de8853a3f214cc625bc6af085842800361842ebcfda899ac101c37d
TUAB,train/abnormal/01_tcp_ar/aaaaaifo_s003_t001.edf,19734142,27ab4071c1e711b492eac0f083702b7ec11389e4e12aed2a6bc440877b99b1ab
TUAB,train/abnormal/01_tcp_ar/aaaaaifo_s004_t001.edf,19519564,3c47cbb6bd2d389e8e90163fde3c3f5c61823a0c86c0991232c6db8a144cab48
TUAB,train/abnormal/01_tcp_ar/aaaaaifp_s002_t000.edf,20262334,07ddc7b96531bf6cf0976fa25f986d292175a40dacb76a3874424f1a3ae08762
TUAB,train/abnormal/01_tcp_ar/aaaaaifp_s004_t000.edf,20672116,f38785453e7642a8206f82a6f1dc9ebe3f53736550bb848e19ceda2687a58f8a
TUAB,train/abnormal/01_tcp_ar/aaaaaigj_s003_t000.edf,17133544,aac9605a1bfa06c834a37a719e12d80cfd5e32473f390ab2bdf546abe4156921
TUAB,train/abnormal/01_tcp_ar/aaaaaiia_s004_t000.edf,16566292,8d2c407d190cfdb991df7e737ed3312c01c3bdcacc6b3a3d0b344801162b1d20
TUAB,train/abnormal/01_tcp_ar/aaaaaijg_s002_t000.edf,23381968,d4499a600aeb74022ef726f9fd9c31742fe8172a65c8c3d962f3266b10e3a932
TUAB,train/abnormal/01_tcp_ar/aaaaaikw_s002_t001.edf,19602094,f24e2336a2665167caef5e58003c8d60cdaddab401746e77be691b1693ef95fd
TUAB,train/abnormal/01_tcp_ar/aaaaainj_s002_t000.edf,17692510,62caa9f43cfe0f4a6c4ecb33657806d409090a853e093b5099fdd88845352753
TUAB,train/abnormal/01_tcp_ar/aaaaaint_s005_t000.edf,20295346,095f9fd973fdffd5afbe6cdb7641d887595e7a2d81e7af22d6428ed4c7ecf4d9
TUAB,train/abnormal/01_tcp_ar/aaaaairs_s002_t000.edf,23216908,ae9c14c1f09bad1c70accbdc03575f944d063244cd08d6768bad5ad94b21f289
TUAB,train/abnormal/01_tcp_ar/aaaaaisv_s002_t001.edf,21203176,e25f98fb1cbbf96c3e7e962f4e7e65eb23ea02f73eeb8f46630f9d76e8e09f06
TUAB,train/abnormal/01_tcp_ar/aaaaaiua_s001_t000.edf,20608960,db7e76b0f61be38f24e8a750a654f3172b79078bdef197793946c8b498d984bc
TUAB,train/abnormal/01_tcp_ar/aaaaaiua_s002_t000.edf,20840044,a151e20d089f786d372254c333308de9e76dabd731b9945ce5365c1531583c34
TUAB,train/abnormal/01_tcp_ar/aaaaaiud_s001_t001.edf,19849684,ec896f8234f96a896cbff3f84d30e300cd6afe92b3e2f273897f3cdf47bbed25
TUAB,train/abnormal/01_tcp_ar/aaaaaiud_s002_t001.edf,19602094,88ce1fb07c31521d35b2d7372fa7c01264d629d67c89d32d0922055875a63c23
TUAB,train/abnormal/01_tcp_ar/aaaaaiud_s003_t000.edf,20031250,4a943ea73486ad6b6f9da66bf1c96a97794aada4bcb9a524b8d7599c7165b83c
TUAB,train/abnormal/01_tcp_ar/aaaaaivl_s002_t001.edf,20592454,3970f17d013e79e50d82b606cb9284990a2730bd1099dd88baac4f7fa3282f80
TUAB,train/abnormal/01_tcp_ar/aaaaaiwo_s002_t000.edf,19849684,256d3d90f32597ac2614fb0975cefe8c8808dec5e3a246524f028b81030d9482
TUAB,train/abnormal/01_tcp_ar/aaaaaiwo_s003_t001.edf,18809806,672c43b106fc2628f097f21cb389310b329717ab6b84bbe532ea82c161596ae3
TUAB,train/abnormal/01_tcp_ar/aaaaaiwo_s004_t002.edf,15431788,298a45af756d2336205b7ce5a706e98b4cfd38313c78710c24a1fb641143e512
TUAB,train/abnormal/01_tcp_ar/aaaaaiwr_s002_t000.edf,20344864,c9e21cac141710cd7590b95c2137b4a1465f86d5b4d17a356536ba2bad91b457
TUAB,train/abnormal/01_tcp_ar/aaaaaiwr_s004_t000.edf,20939080,9f44a269d3926e6082d1ae691c3b332c4c6f7bce4568389e185bb746e2304fb4
TUAB,train/abnormal/01_tcp_ar/aaaaaiwr_s005_t000.edf,19915708,08f60a18595c31fe9ad9f6eb6860c8bd89d8025d1dfbf73d7b5ccfcf900dd187
TUAB,train/abnormal/01_tcp_ar/aaaaaiwr_s006_t000.edf,19998238,0c97cb69c8544841e755e50a8c547e8f2a959d972f7aafe053574f76db29f7ed
TUAB,train/abnormal/01_tcp_ar/aaaaaixl_s003_t000.edf,23051848,9f9c382ab7c2850ef0f5f123a3175b24ee70813b2ec3079b9b055d5008d06eb0
TUAB,train/abnormal/01_tcp_ar/aaaaaiye_s002_t001.edf,21599320,e380551c1e713f7d62273f2d10f930376e6e545b06ce7418dbd8430492bc740f
TUAB,train/abnormal/01_tcp_ar/aaaaaiyg_s001_t000.edf,19882696,c99272ef5dd5db67107d29bea62a624f6093039de8b9a68d2c8f6e01d482b1c9
TUAB,train/abnormal/01_tcp_ar/aaaaaiym_s002_t000.edf,20394382,9095317be0d3edc832a22b0ff94f6d8c0ed41dda879f51c389db488747192baa
TUAB,train/abnormal/01_tcp_ar/aaaaaiyr_s002_t000.edf,20278840,dc5cca653ae708eb0e9395799456accb913baa12d792ffc51a9c8d928f7782cc
TUAB,train/abnormal/01_tcp_ar/aaaaaiyr_s004_t000.edf,17066014,cc6d552fc6677b860367cd4a42689c274748863db25292dc115cc1ae109dc303
TUAB,train/abnormal/01_tcp_ar/aaaaaiyr_s005_t001.edf,18119482,e80d5ed3e855a0caa5af53f78a9107e496d88d3702d2d88887a198126bd4f0ae
TUAB,train/abnormal/01_tcp_ar/aaaaaiyt_s002_t000.edf,16863424,8b6ec880f260fac475787cefee8f4380a9a3d4fce8b572ec0ca438d7eb040719
TUAB,train/abnormal/01_tcp_ar/aaaaaizb_s004_t000.edf,17552230,5d60409bf3a55708985d81f9d4114774a54d25fdea237b9b62232baee36995cd
TUAB,train/abnormal/01_tcp_ar/aaaaaizb_s005_t000.edf,19849684,ae725ce9b5c1fc1003a59e0026935236f4b14fc0724babfd1b572fd220872c44
TUAB,train/abnormal/01_tcp_ar/aaaaaizb_s006_t000.edf,15715414,2eb95b745e0bf0084ddebe847004211a504ef1973acc2d0deab35368562e0957
TUAB,train/abnormal/01_tcp_ar/aaaaaizb_s007_t000.edf,18160000,aaf7d41fbfda873b01e883cc50cd0d3ba49545a5bc00dd5b12d2146a06b98cc3
TUAB,train/abnormal/01_tcp_ar/aaaaaizb_s008_t000.edf,16768882,2f0b2792f2eff9e00d3945e0ec7694bbf7a2b5c600fb88be3589a2c5ca532351
TUAB,train/abnormal/01_tcp_ar/aaaaaizf_s004_t000.edf,18794782,3a69c7f8fd12c3b4e0a64325286d70de01edca9dbb5967f8bb8e5e4b54506e2f
TUAB,train/abnormal/01_tcp_ar/aaaaaizl_s003_t000.edf,23728594,23ab68ed04e5552ef5410af1cfaa8f3870058575ea27e4a4551b1070a77e9186
TUAB,train/abnormal/01_tcp_ar/aaaaaizl_s004_t000.edf,23794618,aacb9148b69aa21dc2b32c8f741cf9f07fa8cb9a2b5d5e49250f9a3bbdfeaf77
TUAB,train/abnormal/01_tcp_ar/aaaaaizw_s003_t000.edf,20542936,0e74d90a01b4548f3617ba9a4cff889cd475ba8189c67552bca4a51b60a485d6
TUAB,train/abnormal/01_tcp_ar/aaaaaizz_s011_t000.edf,21483778,6918fbd7fc822db6793945ff44a29a657f2f4eaa867b27724bf4ea09733c974e
TUAB,train/abnormal/01_tcp_ar/aaaaaizz_s012_t001.edf,19816672,8e7347439d0faf4aad2489d7f71850b5a06b16bcb67c96f74d05317c9f36fe04
TUAB,train/abnormal/01_tcp_ar/aaaaajap_s002_t002.edf,50567350,06f6b04288f61782125b537cf5db9a0cd9de018aa2cb05ee0c91e3bd269ff694
TUAB,train/abnormal/01_tcp_ar/aaaaajat_s003_t001.edf,20707996,d8daeda6c6c56512b80293cf495fd04cd6df6db0eb1d6ea92d70a20c862c327d
TUAB,train/abnormal/01_tcp_ar/aaaaajat_s004_t000.edf,19849684,333c3033f34ed64ce440561022e45562e0892f55fb0acd30bf30840a87e6b3d1
TUAB,train/abnormal/01_tcp_ar/aaaaajat_s005_t001.edf,20476912,913bd5dc38c9e58b2514e5f6f7815e85f572514afa0948faa4050b1c64f12321
TUAB,train/abnormal/01_tcp_ar/aaaaajat_s007_t000.edf,19882696,e5aa49fbd4231e2b4849229443a583605c143d4d6f1391842c9675efa9ab839b
TUAB,train/abnormal/01_tcp_ar/aaaaajat_s008_t000.edf,19882696,fdbff45280ced6004ee01d59275de088685265224b04a861fe268867f29ad165
TUAB,train/abnormal/01_tcp_ar/aaaaajat_s009_t000.edf,19650046,2d4a6211106f66a435d9f254b25717ea5c8f081468e4e40bd587283394b922f2
TUAB,train/abnormal/01_tcp_ar/aaaaajat_s016_t000.edf,21110822,117169e46aced10c28af087aed20a7f1635ab9facedc4c27bab0e498500ce577
TUAB,train/abnormal/01_tcp_ar/aaaaajat_s017_t000.edf,21087634,6b8c22b9509c4120df697616dc3e10886653db2d36602e911eed8d181c74e2ff
TUAB,train/abnormal/01_tcp_ar/aaaaajat_s018_t000.edf,19578130,4029a2dab7dd8b3223aaeaddf3b47f97647ce1d107cccb3f61c7f849baeede24
TUAB,train/abnormal/01_tcp_ar/aaaaajbd_s001_t000.edf,23381968,4c18b8e81acb7aceac7eea79b0e785651684e95bab4b5e6fe2608a6363d6a86c
TUAB,train/abnormal/01_tcp_ar/aaaaajbn_s002_t001.edf,20691490,d63ceb611e6cfb820e46f7f25432ef10ffedc3b94b1c2efee64aec9e5a6a715d
TUAB,train/abnormal/01_tcp_ar/aaaaajdj_s002_t000.edf,17174062,4eac97404eda171ac9f62ea5acd79c826c27a789e645141298b8bb8e3197624e
TUAB,train/abnormal/01_tcp_ar/aaaaajdn_s002_t000.edf,19948720,50484e0afdc4c351ebe0596a1271e2c73ee3a0d7286ca54e67a42091c6535cf0
TUAB,train/abnormal/01_tcp_ar/aaaaajdn_s013_t000.edf,19981732,a750d485f017ee6af609113ad6825a2493dfc96497aa5c07cbd3872adf29342e
TUAB,train/abnormal/01_tcp_ar/aaaaajdn_s014_t001.edf,19767154,1b276076c3d302b5abe43eaf08b39bb61ab310f11af46690a6b28f366b4892d7
TUAB,train/abnormal/01_tcp_ar/aaaaajee_s003_t001.edf,19651612,41b7e7aa7805b9747259a7c8c4b4f9032b0f126caf1356d427ad7ebabbdebb79
TUAB,train/abnormal/01_tcp_ar/aaaaajee_s004_t000.edf,20080768,cfc7f2bacdc51a0177149ce54b5211a25119ba71677154961da72fdd21cc05cb
TUAB,train/abnormal/01_tcp_ar/aaaaajez_s001_t001.edf,20906068,f828eb30aabd94334bcc7e1b1e7ae992c135231a5a7c1341ae66e7d515170472
TUAB,train/abnormal/01_tcp_ar/aaaaajez_s003_t000.edf,18268048,98f34031690bcd59379249101e214aafdb7d22ede37bad14d833ef3d34825ded
TUAB,train/abnormal/01_tcp_ar/aaaaajez_s004_t000.edf,19915708,9ddcfdf6bb585beba2c39abc25e848a431867014b50f832a8f48fdd51c193a1b
TUAB,train/abnormal/01_tcp_ar/aaaaajfq_s002_t001.edf,19569082,6e10fd2e2a9fcca41d03b46fd33f91555ead20c8ec6da09e86d836bb50591007
TUAB,train/abnormal/01_tcp_ar/aaaaajfq_s003_t000.edf,19948720,9f479c1919d9fbefa6ca197dc665cfef9c05da6acb5add956f1fa52a85af331e
TUAB,train/abnormal/01_tcp_ar/aaaaajfq_s015_t001.edf,19701130,d57fb2a2be773ced5bff0f843bb4d100e1951112fff6ff71b4ce1112e023f341
TUAB,train/abnormal/01_tcp_ar/aaaaajfw_s001_t000.edf,20229322,87088f96a4564c8647d5e71efe816523ca6de726283d46611ef8bbd05dbd0d06
TUAB,train/abnormal/01_tcp_ar/aaaaajfw_s002_t000.edf,19981732,6c999e884f8b890ac2cafc0579b753f813641e4082cc5e4e3021c29fb0cb9153
TUAB,train/abnormal/01_tcp_ar/aaaaajgb_s003_t000.edf,26897746,c750649c89cfd04211b0f0559ca05a002a0c9c81d95e3d41870080157f9f348d
TUAB,train/abnormal/01_tcp_ar/aaaaajgj_s004_t000.edf,22738534,237cd46b70a8839ac03aa43ee08a0ea48ca165b9bca5d7320fcf3bf172724936
TUAB,train/abnormal/01_tcp_ar/aaaaajhh_s002_t001.edf,19569082,c6beea9e72acfcb7f585c2c5af725bf88cf628db2201e09e1b038cc2fdd54ae8
TUAB,train/abnormal/01_tcp_ar/aaaaajhh_s003_t001.edf,15782944,284512068d2ebe1e6f27187d3c6d81495d62478a29635f8645742ba04a9dc11d
TUAB,train/abnormal/01_tcp_ar/aaaaajhk_s007_t001.edf,19618600,650ed0906921d1e238d15c5e0104bfbcdedd012b2ea142f99e2fef1d8c9df53e
TUAB,train/abnormal/01_tcp_ar/aaaaajih_s002_t000.edf,22886788,b8289c3e2e14d33f7eaf15585e42606695ef4d3306e944cf43aa0b3dc85353c2
TUAB,train/abnormal/01_tcp_ar/aaaaajik_s003_t000.edf,21846910,0d27a4ecc6737ab214e4abeae95a8aa894f819ddb24322f5a4e9463dcc292db7
TUAB,train/abnormal/01_tcp_ar/aaaaajil_s002_t001.edf,19585588,f72e165d4c20e65211e1ad51b8daffa43c8de80dabb4e0465c179e3b05c3641a
TUAB,train/abnormal/01_tcp_ar/aaaaajil_s003_t000.edf,19915780,d92366fa69bdbba658d0104863dd205762ec46a210c4d8eef38f18a0867cf296
TUAB,train/abnormal/01_tcp_ar/aaaaajkp_s002_t000.edf,19159444,346eebf3c70da577bc6d144f7f1a71a03e9cd26c521e149fb2483721dd249844
TUAB,train/abnormal/01_tcp_ar/aaaaajkv_s003_t000.edf,16941446,4c9870313cad97e216c7b2b018e2f08b1edbb586aae758d1f6bd008f6e9f5b45
TUAB,train/abnormal/01_tcp_ar/aaaaajlr_s003_t000.edf,20245828,8873aa6fc2c4a56826afb8909eab621ff93b0f5e54f2aba3c21ad417bb34599d
TUAB,train/abnormal/01_tcp_ar/aaaaajmq_s003_t000.edf,21104140,c1973a1d5025825b3e3cd7b8b90ae05aa3af7dc8b6878083b4bd174166f95ce4
TUAB,train/abnormal/01_tcp_ar/aaaaajmr_s010_t002.edf,19404022,7e1ed8f158839fe21eaaa0ba5c25fb4e142e67eef2468297c8aedc1a7f8d3ecc
TUAB,train/abnormal/01_tcp_ar/aaaaajnr_s001_t001.edf,30297982,286c5b0c4fa0fb8acbf961956dca819611807553e815adeab329da044c6404e6
TUAB,train/abnormal/01_tcp_ar/aaaaajnr_s005_t000.edf,19866190,2ce03878e3b92603dd248b8d60c6f6547ee11ba132a986d123e515077423dd9b
TUAB,train/abnormal/01_tcp_ar/aaaaajns_s001_t001.edf,28416298,020ed303e56bf1bdd08bada5c57add83905056fba6f3cf82773c3b3a4998850c
TUAB,train/abnormal/01_tcp_ar/aaaaajnv_s001_t000.edf,19882696,aae6cd1020f206304c791fe0d67a4a13ebbf8b1a53cf98ce15b23e4965e39008
TUAB,train/abnormal/01_tcp_ar/aaaaajob_s001_t001.edf,20906068,e28ca9511e5497f7c4aa63bb2bdb8ab04c392bf1a0b1aebd62a71c120ff77b82
TUAB,train/abnormal/01_tcp_ar/aaaaajoc_s001_t001.edf,21186670,b4cd627d8c7a258c6d0ce3a809f06740b2915cb15f5a7b6cf8dff35e558cdb1c
TUAB,train/abnormal/01_tcp_ar/aaaaajog_s001_t001.edf,21153658,990dfca991ba9993f51c38bd6c7a3bd1c207d98e19e962be802262eb2aaf2262
TUAB,train/abnormal/01_tcp_ar/aaaaajox_s001_t001.edf,21714862,dfea8feaa9915965ccfa68278411e0197eddc186708520ab03b2e3b86d3a0d2f
TUAB,train/abnormal/01_tcp_ar/aaaaajoz_s001_t000.edf,20328358,c50bd30814587e4f45959bf6c6f07391d7ecfc09917ae922dd18ff2d724919a3
TUAB,train/abnormal/01_tcp_ar/aaaaajpc_s001_t000.edf,20064262,e2458b8b4d4d231999e25c85a21bb8a062fbb662e8a24daff338b52996839b5f
TUAB,train/abnormal/01_tcp_ar/aaaaajpf_s002_t001.edf,19684624,bece95c04ae43603009c108783c095e3a9979ad608fb65c750105e4d0a531a17
TUAB,train/abnormal/01_tcp_ar/aaaaajpi_s002_t000.edf,18659722,fdc640797156f4a79fa304dd263243e29aa81e1d32f5f2a6af5133921d15a2e7
TUAB,train/abnormal/01_tcp_ar/aaaaajpy_s002_t000.edf,19866190,397f4b29ad1b83a0768d622cfedca2d12cd56309cb5c4b94186beb367a77c71f
TUAB,train/abnormal/01_tcp_ar/aaaaajpy_s003_t001.edf,59133964,351d8b58559c97a5da7191b967aad5a921ffe7e3be2676448c89fd851a055897
TUAB,train/abnormal/01_tcp_ar/aaaaajqf_s002_t001.edf,21351730,8f5521464770c2f98e7772ba276e67bc4f0f8384bfe50c569fce8855954e0aab
TUAB,train/abnormal/01_tcp_ar/aaaaajqf_s006_t000.edf,19948720,5d24883b02840e508143f26e19efad8e770cb4527d2be4576499655bbfe9d7d6
TUAB,train/abnormal/01_tcp_ar/aaaaajqg_s001_t001.edf,18941854,83a3a67cf97bbf149f8b0317704546d7b40a4aca0a8149bd471bad6a2ff99a0e
TUAB,train/abnormal/01_tcp_ar/aaaaajqm_s001_t000.edf,21467272,df8ee603cbc46ad9006f5a6e87941252f587930bd8431a48879d711aca3d1ba6
TUAB,train/abnormal/01_tcp_ar/aaaaajqo_s001_t000.edf,20823538,94933a0caefb1a363c7e190ba90e142e31d6895161009264c449c32d6e3304f4
TUAB,train/abnormal/01_tcp_ar/aaaaajqo_s026_t000.edf,20476912,a0d0dd814e76bd4895e2913633fe64d702c5debcf2811c189430da12bd095ad7
TUAB,train/abnormal/01_tcp_ar/aaaaajqo_s027_t000.edf,19866190,68b25c8c3445d8452c684f1be3fcceecc17d5f266e0bc527e64140b73e0a1305
TUAB,train/abnormal/01_tcp_ar/aaaaajqo_s028_t000.edf,20245828,8b7a145ef047fddf7a19da6639827611784d43362a9ba070f4b326b950f6d15a
TUAB,train/abnormal/01_tcp_ar/aaaaajqo_s031_t001.edf,19536070,a93e54cca41f3d155b7c0904a65cede033460c43fba04b0025576a507f9fb8f2
TUAB,train/abnormal/01_tcp_ar/aaaaajqo_s032_t001.edf,19569082,f9956c8b61a15a61470cbba3b8adfe5aea28823e2c2eb26dd82401d496bc89cc
TUAB,train/abnormal/01_tcp_ar/aaaaajqo_s033_t000.edf,20163298,48059b4aa1355d428576f8ae1b61851c9594399188e6f52c793d2a685c5e9dfa
TUAB,train/abnormal/01_tcp_ar/aaaaajqp_s003_t000.edf,20196310,2042d2dddedfcafa02bab64339b63db8cc17d46143b8b352217c695785c0a59f
TUAB,train/abnormal/01_tcp_ar/aaaaajqp_s006_t002.edf,14607922,4abb8275020183a851a43a51c840a37c53fdb971328d9373693e4ce088679275
TUAB,train/abnormal/01_tcp_ar/aaaaajqu_s001_t001.edf,23613052,334cdaddec5148eefbf3321e1ddb3bc016714d2f69fb92729e10c4d078e3fd9f
TUAB,train/abnormal/01_tcp_ar/aaaaajqu_s002_t000.edf,23398474,1795d5c5b56feb0785a5713491a8ca5d315da3a1087177476e6839a7f8937886
TUAB,train/abnormal/01_tcp_ar/aaaaajqu_s009_t000.edf,18848806,a2eb775f69bd59e4272d47733f9cb562d3fadabfebdbf12ab310d3ab71cadf0b
TUAB,train/abnormal/01_tcp_ar/aaaaajqu_s011_t002.edf,17744686,b45caf41cab218ece6bb8115c93da9f081e568eadeaaf2c632da74a0ce12bd23
TUAB,train/abnormal/01_tcp_ar/aaaaajqu_s013_t016.edf,26366440,a56078962275af473303cbb04de61066a42845c3be671a2c9e9b67b1c037b3e3
TUAB,train/abnormal/01_tcp_ar/aaaaajra_s002_t002.edf,18578722,11a8555faba2a8de8d0e99256a6a1c0a97fef9eef6ef43f532e48f4c7ec927b9
TUAB,train/abnormal/01_tcp_ar/aaaaajra_s003_t000.edf,20691490,60e48096b6f529533101505528ccac8a7014e4cff5e49e3b6fbe1067f5ffe974
TUAB,train/abnormal/01_tcp_ar/aaaaajrg_s005_t001.edf,19767154,e8ac885dd8abb4dd06a594b6ce9ed6205653a9711d7850a1f9608a59c44ab740
TUAB,train/abnormal/01_tcp_ar/aaaaajrj_s005_t007.edf,19110194,10fd1a47fcb7abd14e5544b3aa95db0a420f29c36147bdf896b707a4b1ff3390
TUAB,train/abnormal/01_tcp_ar/aaaaajrj_s006_t006.edf,37941502,1f1e0597c6ed6c22865310080efd1fa34e7b545978f8b107c028b460656f6576
TUAB,train/abnormal/01_tcp_ar/aaaaajrt_s001_t000.edf,20245828,e4fc4f50f8b1ee6474f59f914376bcabdd64aab7333d727101d6292eb16c867e
TUAB,train/abnormal/01_tcp_ar/aaaaajrt_s002_t000.edf,21731368,e959fa1178fccb2abad518683452e329a60751d3703a2f1c7ba90924ff028025
TUAB,train/abnormal/01_tcp_ar/aaaaajru_s001_t000.edf,19899202,798cd9163c30e32da164258d45c978e4d3f87c86204a71a6372374334baf88cc
TUAB,train/abnormal/01_tcp_ar/aaaaajru_s009_t000.edf,20939080,dcc711a8a9610d1fd009b9a6ede68b05a868601d524c129a7001e3f8c938f691
TUAB,train/abnormal/01_tcp_ar/aaaaajru_s014_t000.edf,25643290,625f26d6c1431bb448ab45ff4f62758d0e880b44a00bb0cfa05d2d3604371da8
TUAB,train/abnormal/01_tcp_ar/aaaaajru_s018_t000.edf,19882696,a809bfb75808947f601cf3872ce4931a801737321c8cf2b13e5bc0d467a29df3
TUAB,train/abnormal/01_tcp_ar/aaaaajrz_s001_t001.edf,19816672,157811bea4ff40ead9af21a3a4e0fba57ff48a334ece7da6856b08d3cd5fd073
TUAB,train/abnormal/01_tcp_ar/aaaaajsl_s010_t000.edf,15573832,1c7d38f8556e78ebfed5656ccefdd714930c56225f78d3640f3ee9d603494ae4
TUAB,train/abnormal/01_tcp_ar/aaaaajsu_s001_t001.edf,19734142,29ee47ae4ad6e9eb23c1de2039067f140db53499573d4fe6769757ed32c9764e
TUAB,train/abnormal/01_tcp_ar/aaaaajte_s001_t003.edf,20064262,adfc3b493f056e788635806d95cbe049ce14f7d0ba747da9966b132709950ab8
TUAB,train/abnormal/01_tcp_ar/aaaaajtk_s001_t001.edf,38550982,4a83f675706dc14a992c733bb526cbdfab22412a6fb625fbd65fba3caefb034c
TUAB,train/abnormal/01_tcp_ar/aaaaajtl_s001_t000.edf,19948720,1b2182524f95345ab133fbca8b5cdc309efb50ba58b33a3349a165c3d4bf561c
TUAB,train/abnormal/01_tcp_ar/aaaaajtl_s002_t000.edf,49775062,5f6b36e468a21ad6b5e437c332580b16d7465d6e1b9d3b37fa009ccca2466102
TUAB,train/abnormal/01_tcp_ar/aaaaajtl_s003_t001.edf,19668118,c800f70527de3901d25f077f2f143d22bab57caf102d43415b0de9eb8f36f67c
TUAB,train/abnormal/01_tcp_ar/aaaaajtt_s001_t000.edf,21797392,9a6682891ee4d458e54d16aa2ad6b860907688ff17eabaf74a3bee109853a5dc
TUAB,train/abnormal/01_tcp_ar/aaaaajtx_s001_t001.edf,19618600,4acd4e9d1f8f465f3d7d9c92da0ec3f948214776bb31fc9ea2633f95259c35cf
TUAB,train/abnormal/01_tcp_ar/aaaaajtx_s002_t001.edf,19635106,809b7dd301a1ceaed8721f43bc3c357477ce0a2d25128f9f65d9c884d5cf4847
TUAB,train/abnormal/01_tcp_ar/aaaaajtx_s003_t000.edf,19866190,9c2e4060d19cd71d4d8643ac254479ce2e64f35e5fa8a1134f1f95b7aa3cc8dc
TUAB,train/abnormal/01_tcp_ar/aaaaajuc_s001_t001.edf,19354504,69ab872018e417adbeaf09fb566c78c7da615b4bdb1b642725ec239dc7604a60
TUAB,train/abnormal/01_tcp_ar/aaaaajuc_s002_t000.edf,21153658,131e23ad985c6bb75f1ad5b5ace57f31aceaea2b0d63c42bcac64d631a0a99d3
TUAB,train/abnormal/01_tcp_ar/aaaaajud_s001_t000.edf,35167252,60cd2b86bbdac345df31adec5ab426636b9f4330a13af8ae48fd400c1e15cad5
TUAB,train/abnormal/01_tcp_ar/aaaaajud_s005_t000.edf,19866190,9c25ca4d9a8ce4d7ce3a65f70671f503e0f777a1861e3777522c34c2e7dbb90c
TUAB,train/abnormal/01_tcp_ar/aaaaajuo_s001_t000.edf,19882696,7ecf43cbb709d1be75dbddcc1f055d7bd27fb275c21ef8488d4bb1db10b4c4ac
TUAB,train/abnormal/01_tcp_ar/aaaaajve_s001_t000.edf,22721728,128a8939a27070108b727ea139cba97a4ba8cddc508a3c0bc2229916c9374b4b
TUAB,train/abnormal/01_tcp_ar/aaaaajvs_s001_t000.edf,19866190,a31b0b469cc627b1b86d917ea9c6bc7b36ca26b2b61a3efb5df350aae0028529
TUAB,train/abnormal/01_tcp_ar/aaaaajvt_s001_t000.edf,22853776,576c9a4773996d02d20984212321cd9f643506c8b4be750242d5981c6e1e9f57
TUAB,train/abnormal/01_tcp_ar/aaaaajvt_s002_t001.edf,19668118,68c6fb85d1eef2c83dff9537a70e81d9105f8eec14922638dafd6d9478d4e8a6
TUAB,train/abnormal/01_tcp_ar/aaaaajvt_s003_t000.edf,20245828,0d1951b5682d0e49e2edded0232dad289f761c98a14280f86044195395625d59
TUAB,train/abnormal/01_tcp_ar/aaaaajwa_s001_t000.edf,19948720,86e98801669e8b3e075e403cdec05e0d41b3852c83c35055b96ccb7c19345770
TUAB,train/abnormal/01_tcp_ar/aaaaajwa_s002_t001.edf,19767154,c50d8464c751d514e6ddff0378955601c7c6b6d513d4b5e954092ab419220978
TUAB,train/abnormal/01_tcp_ar/aaaaajwp_s001_t000.edf,19849684,edd1e5caa07992710bdb122ebafff29b3058d720cb3b70e5d30dea9870a09382
TUAB,train/abnormal/01_tcp_ar/aaaaajwv_s001_t000.edf,20707996,f9c201adf57da5b24fe160af671ab66782ac650e0cfcf2985ed22d1de55191c5
TUAB,train/abnormal/01_tcp_ar/aaaaajwv_s002_t001.edf,19635106,0dc65d913c59c61c9d735e156dac73bba88e0544891a1a0c4a68d6cb3ff556c3
TUAB,train/abnormal/01_tcp_ar/aaaaajww_s002_t000.edf,19866190,bdadb88526d59887bc4dc9cfe545ee1e5e65bf103b2806e7319540e3965940a5
TUAB,train/abnormal/01_tcp_ar/aaaaajww_s004_t000.edf,19866190,a3bb12b64af4596678e07a7ddb21a107760a203f8d6bf6ae99b5b04fbdf63c5d
TUAB,train/abnormal/01_tcp_ar/aaaaajxf_s001_t000.edf,19866190,c72ba9d631ef3e37448ea3b16203184e0320bc50fce57fe14a4bbdfb8732339a
TUAB,train/abnormal/01_tcp_ar/aaaaajxh_s001_t000.edf,20542936,52043b8dbdf19d25d15e630a33e6791cdae425c54602cd396f04bf20db73ae2f
TUAB,train/abnormal/01_tcp_ar/aaaaajxi_s001_t000.edf,23216908,74345f0118c1640b9ba63e60cb783ae711a793a0e31baaa295d98894f47b340a
TUAB,train/abnormal/01_tcp_ar/aaaaajxi_s002_t000.edf,24900520,1d36b926e1b4c42de9e4cbefd3badba18388f840c329b6f1e2397ae52b96375d
TUAB,train/abnormal/01_tcp_ar/aaaaajxi_s003_t001.edf,20790526,c87e7d7a334c0f54c42fd98682138241addfb9097fb32c701bee3ae5041fb03e
TUAB,train/abnormal/01_tcp_ar/aaaaajxi_s004_t000.edf,22556668,2f8147b4230723ac7bca8291e81c779bff55a70406ffec5b6a66d99f1ac91a55
TUAB,train/abnormal/01_tcp_ar/aaaaajxm_s001_t001.edf,20130286,d58aad6f6bf279cdb19de0201a55d6c7878a0d46095d1a8c73bedd041e6babb1
TUAB,train/abnormal/01_tcp_ar/aaaaajye_s001_t001.edf,32757376,692179ecf0f369cb127243329530119217ac871535e5baf9e4780af2adc5f0bd
TUAB,train/abnormal/01_tcp_ar/aaaaajyl_s001_t000.edf,53521924,c57b148c5a7a7be3ac8be8606dc37506cad871f9152b7cade4f59f7dbba74aa2
TUAB,train/abnormal/01_tcp_ar/aaaaajyp_s002_t000.edf,20064262,18237dd74ab5e1e9286b270ab44df0b78c876c0881f57749c84acb349d4c4182
TUAB,train/abnormal/01_tcp_ar/aaaaajyp_s006_t000.edf,16296172,244838f46bb3c5f653ba4d0857761694964443557c65c4cf180ebd109ad1a150
TUAB,train/abnormal/01_tcp_ar/aaaaajyp_s007_t001.edf,14864536,a798032c3d5a9d2ebcf533eb808d0f99ee84b739f2244f381ddc3c5c503db0e0
TUAB,train/abnormal/01_tcp_ar/aaaaajzc_s008_t000.edf,21714862,19c76123606863774a1f24f63d4e9b7ab6bc2321385185707d8d0843ad2f2213
TUAB,train/abnormal/01_tcp_ar/aaaaajzc_s009_t000.edf,48074944,7279d8fcdda4d3d5b8d8e9498e89a05f4ed1733dce540ddd4493518bbd27feb2
TUAB,train/abnormal/01_tcp_ar/aaaaajzk_s001_t000.edf,20229322,81b325f9495836cfcbc9fcb46a525477de464c1f04f359d40995d05badc44873
TUAB,train/abnormal/01_tcp_ar/aaaaajzt_s001_t001.edf,19536070,40289a66d6181f86fd8f4878cbf4543b461ea4697a755bb36f285add6c7e83b1
TUAB,train/abnormal/01_tcp_ar/aaaaajzt_s003_t000.edf,23811124,6f6f123b988d3b4cc6de7cec3e5fc7f13a12aab6fb6d24bf5f1f384e90b2ba74
TUAB,train/abnormal/01_tcp_ar/aaaaajzx_s001_t000.edf,20130286,8970e3eb5406ef723706b0198d25dd380917ec9d578989c3888162014f4cf3d8
TUAB,train/abnormal/01_tcp_ar/aaaaakac_s001_t000.edf,20080768,6a7c1efca50bcd731c60f4a79d352b59c3a5a355123668a39e80cdfb4eca79de
TUAB,train/abnormal/01_tcp_ar/aaaaakad_s001_t001.edf,20130286,e8ebbeec5dae0c8065c786e7896b837be28a7bdfcf31a60f505315bac09c3b6f
TUAB,train/abnormal/01_tcp_ar/aaaaakan_s004_t000.edf,20691490,5990f93b8876c1b2e1d2d4c203a7a1bbb4ef9335ae0f8db5df022790d0f03017
TUAB,train/abnormal/01_tcp_ar/aaaaakan_s007_t000.edf,16255654,c04856893f98d17dad2fe791662e4209b201259c1fca6fa484c622c36eb4a444
TUAB,train/abnormal/01_tcp_ar/aaaaakan_s009_t000.edf,20429008,fe17107d8cd8e96a83e31f1b36c230df998e5f03d9b8fb1b2cdacf2ba93d2152
TUAB,train/abnormal/01_tcp_ar/aaaaakao_s002_t000.edf,19280998,787f3dc9f7093e6183e4ececdfdf5ba54cabacb838d4ffe3f72341a9a793be88
TUAB,train/abnormal/01_tcp_ar/aaaaakaz_s002_t000.edf,17349640,42f01bee13c92ce6f3d6592650f910fd4eb9054553b767b6e3419629bc5d40ed
TUAB,train/abnormal/01_tcp_ar/aaaaakaz_s003_t001.edf,16066570,8abb93f4c3d2597852ca652dc74d2837ba189c7955a7e1d51b56bd201f90d19d
TUAB,train/abnormal/01_tcp_ar/aaaaakbm_s001_t001.edf,20741008,048776a659815022201e9bb4a98c4414be3cda72abf6cb9009f697df4cf8a81e
TUAB,train/abnormal/01_tcp_ar/aaaaakbm_s002_t000.edf,20064262,03be5a1b3b6b982137dcee5459fcf76e0d0477edf1dc0f1e0d3894cf72dc1cce
TUAB,train/abnormal/01_tcp_ar/aaaaakbr_s001_t000.edf,19932214,0ec1aa948151f15abdea33d47844569f3042407e1684da1c61cbc8cbc25c6016
TUAB,train/abnormal/01_tcp_ar/aaaaakbt_s001_t001.edf,19948720,9ae6114ad6daeeca9d6ee5751234e2e72241109c1df0dfae90aeba2ecbda5a2a
TUAB,train/abnormal/01_tcp_ar/aaaaakbz_s001_t000.edf,23811124,b102cf8fbe5405379b4036c96170e5ca40f32409edfb2832ac6bec6eb721addf
TUAB,train/abnormal/01_tcp_ar/aaaaakbz_s002_t000.edf,34242916,49b19b871914568a22eec63f35a0ec504586f8a52322be4c89e646ffb134a26d
TUAB,train/abnormal/01_tcp_ar/aaaaakbz_s005_t000.edf,20031250,e5c6dec93ee5697289eea5c7e9fb7a18feead66a6ca0c82da61be018b12d17ab
TUAB,train/abnormal/01_tcp_ar/aaaaakbz_s006_t000.edf,16269160,4f00be2c00c8871119916bb7cc66aac89cb5a38d16afac6cf4feaffd9b2bd9cb
TUAB,train/abnormal/01_tcp_ar/aaaaakcc_s001_t000.edf,19981732,ea8feb98039cf5287c787116d3f3bffc2a66e713f72945e1137d83faf290abef
TUAB,train/abnormal/01_tcp_ar/aaaaakcf_s003_t000.edf,22160524,4ed7c4b773fa39d36aa73f9afd0756f8bb0e6c0640e22f36dc0dece2d60045bb
TUAB,train/abnormal/01_tcp_ar/aaaaakcv_s001_t001.edf,19337998,2fcc7f3fa0800aaf35d0dc3f9a5b8f5a26a48a73ed272cc38f22b1800a0510bc
TUAB,train/abnormal/01_tcp_ar/aaaaakcv_s002_t000.edf,21681850,354cb064076dd3b41c8c7528acebdb4dba6b8b5e99532a3d80c8abb5cbcb2106
TUAB,train/abnormal/01_tcp_ar/aaaaakdh_s001_t000.edf,23134378,0b0ece91942ad3a91c3eb8a6fcdb02639cd53129c48fa82d4cc5ac5670b03dee
TUAB,train/abnormal/01_tcp_ar/aaaaakdw_s001_t000.edf,19849684,aac823fd6c7ce077097f210f5e7e77424f581fe3ad6edab86b3422ebc92532b7
TUAB,train/abnormal/01_tcp_ar/aaaaakea_s001_t001.edf,19536070,d2f8c09bfc916ba74ba695efca867550119879af3dd09a1f33b6b3cc9b2330bf
TUAB,train/abnormal/01_tcp_ar/aaaaakea_s005_t000.edf,20113780,ee2cf3436f44633d1576b66885a24980b0f01896de1c97ed5601a32c9c7b5e6f
TUAB,train/abnormal/01_tcp_ar/aaaaakef_s001_t000.edf,19948720,868b6100b58e7f43d3aa8a74c9d8053f3fc9985dc34da90c6cf3832cb234cf90
TUAB,train/abnormal/01_tcp_ar/aaaaakem_s001_t000.edf,20179804,df1a210b78eb845ff935dd8b40b77b6e49fc2596a9e5dc9a4c5975856048cca8
TUAB,train/abnormal/01_tcp_ar/aaaaakep_s001_t000.edf,19849684,742b3ae02ed16872599e522eefe3250678d1f1ab119502c61b01118b511f70ef
TUAB,train/abnormal/01_tcp_ar/aaaaaker_s002_t001.edf,21830404,89803b44024fd523c8707cf52885e043ffb2804e8b976eee6e5a8f154104cb2b
TUAB,train/abnormal/01_tcp_ar/aaaaakfc_s001_t001.edf,19437034,8732f6ca4eb783d900264416646275b0cb65ecaf53bd608cbcbd404cf22dc1a0
TUAB,train/abnormal/01_tcp_ar/aaaaakfc_s002_t000.edf,19899202,398669d941fc3cfac9b4c2ce707570b2863adbf9f4e516562f31bd392bd368a1
TUAB,train/abnormal/01_tcp_ar/aaaaakfe_s001_t000.edf,20080768,5f62214078d315e83effe9dab25f528929246b5b673662d96f48f04486e05957
TUAB,train/abnormal/01_tcp_ar/aaaaakfe_s003_t000.edf,19948720,246eaf0ac3e48334d5f6660dbe11ba21da66bd8323c64f886ea35234c7751de0
TUAB,train/abnormal/01_tcp_ar/aaaaakfj_s001_t000.edf,20691490,97b574e8f43b6acef6e332f197cc65d97bfce0536e4cdcc5fac87e5ceca6ab1b
TUAB,train/abnormal/01_tcp_ar/aaaaakfj_s002_t000.edf,20559442,ebd06f0fe5e4fcfe80f7e58fc97d7fe253e1764922d45c924834259d0c5cdd36
TUAB,train/abnormal/01_tcp_ar/aaaaakfk_s001_t001.edf,22919800,0e375ee25704e8ad2987c830fe1cd342dcbb4e1162ef6b4cc60aa945761996be
TUAB,train/abnormal/01_tcp_ar/aaaaakfo_s004_t000.edf,14147968,9d7bcba2d07637097228a3e7a8e125becdc93761e1083721a73bb947bf29314e
TUAB,train/abnormal/01_tcp_ar/aaaaakfo_s005_t000.edf,14147968,a142940a0d68e2805b39962a4e0552869fe72003e3566ac611b4424d455102cc
TUAB,train/abnormal/01_tcp_ar/aaaaakfo_s009_t002.edf,16598002,d88b05364b9b4d03fe5e1610f1ab005621b5dd50684a03a1eacbdedd583815bf
TUAB,train/abnormal/01_tcp_ar/aaaaakfp_s002_t000.edf,20608960,33417c97f68e99146c7f174156d954b94f98fce8dee5bd83223eb12ff078be1e
TUAB,train/abnormal/01_tcp_ar/aaaaakgc_s002_t000.edf,17894938,3b66fef318352e457e46577a9ceaadfb53b6d6919e7f2ac8e10a57e2b9171b4c
TUAB,train/abnormal/01_tcp_ar/aaaaakgj_s001_t003.edf,35068216,fa45ba7fd59c877f1ffbe286e252336262d1c1313b141b27811abf9dd065c156
TUAB,train/abnormal/01_tcp_ar/aaaaakgl_s001_t001.edf,19767154,c57b5e50de7b563ae41b4f299ffebb1a8dc8af3057d86e84112fb1f4e85a1026
TUAB,train/abnormal/01_tcp_ar/aaaaakgl_s002_t000.edf,22903294,da93a60a20d7c7a86af12cfb84b73f7ad464a24c893847ca392e21ba889c0e48
TUAB,train/abnormal/01_tcp_ar/aaaaakgn_s001_t001.edf,59216494,405fe1890311780cf8bb8f654248d866db49d041fa0d1f744f76fe873981b51c
TUAB,train/abnormal/01_tcp_ar/aaaaakho_s002_t001.edf,14878042,4c8928319e009928f9c6567662b77127a8fa3c1b8c3d885138e8ab2be27c0e12
TUAB,train/abnormal/01_tcp_ar/aaaaakhw_s001_t001.edf,19899202,c4f2f89a780ab79a6186a87cc332d2358351c46a1de1d08dd5c616b2013e4c32
TUAB,train/abnormal/01_tcp_ar/aaaaakic_s001_t000.edf,19948720,7fd4fe62c888e7f831ef0855c309a123119d888b447249aeec2c29c86e49cb53
TUAB,train/abnormal/01_tcp_ar/aaaaakie_s001_t001.edf,19651612,44f595366b781a859eeae49eea58b35b88d2093f08a2f4deb177bd4bdfcb66e3
TUAB,train/abnormal/01_tcp_ar/aaaaakis_s001_t001.edf,19750648,df164510dcbf8c3dc39308ec5287b077b0c46d5fabd4719e525f7e1f52549748
TUAB,train/abnormal/01_tcp_ar/aaaaakiu_s001_t001.edf,19503058,57693de7ce7898ea728871af2dd9265065ce17194504b5cf4081ed86321001f1
TUAB,train/abnormal/01_tcp_ar/aaaaakix_s005_t001.edf,23811124,a1a826984f19dab82edcae41138383b227e7f8cf038610259d0654789b9c7475
TUAB,train/abnormal/01_tcp_ar/aaaaakix_s006_t000.edf,20097274,7208020f9fc894a6209481756d6bbf1a53da33f7dd2495ac407b8364af634e94
TUAB,train/abnormal/01_tcp_ar/aaaaakiy_s001_t000.edf,31965088,cc39ed9181740c2d35652c275af7a7621ab201e7a74d4ebbb82e392bf759ab73
TUAB,train/abnormal/01_tcp_ar/aaaaakjj_s001_t001.edf,23728594,f54cb6719210a4bc324feebb9c529f75ef17fcb42e9bce7feab0de3dae6dd52c
TUAB,train/abnormal/01_tcp_ar/aaaaakjn_s002_t000.edf,20130286,3baf190cfd43cd8c25681c1b409c97fb2ef70d627d4c2a6f6c531c6599d91a5c
TUAB,train/abnormal/01_tcp_ar/aaaaakjo_s001_t000.edf,19849684,83d1168755a7f7b7c3ae24ac69cf90c0735f6fcecd24bb94f438f5f2d319128b
TUAB,train/abnormal/01_tcp_ar/aaaaakjw_s002_t000.edf,19932214,2bb10595ca048e0498136acd54e43f7a36ce186ef5b1c05b2a7b79a4c37d10e6
TUAB,train/abnormal/01_tcp_ar/aaaaakjw_s003_t001.edf,15141082,4c6da02ce96e49af55ac8034a08bd3895177403ea2fed35c5cf6f7ac420a0362
TUAB,train/abnormal/01_tcp_ar/aaaaakjw_s004_t000.edf,17984422,f13c271f28d879eb9d54a67173541857bc988c6342dc67dedc4190264ca2ee2b
TUAB,train/abnormal/01_tcp_ar/aaaaakkb_s001_t000.edf,22309078,53b3acecb517a8a39e4a65a2986b56188761c4d5bb39489a7ad494eb756154af
TUAB,train/abnormal/01_tcp_ar/aaaaakkg_s001_t000.edf,20196310,56ab605f8ab9e17724b139d360462c792cf17091b14a522f64cd0bd0eecacefb
TUAB,train/abnormal/01_tcp_ar/aaaaakkg_s002_t001.edf,14081188,9a38fafee72df0a5d2f5534791c3e7d4ff5bdb75dd0fdad2c56705d950564f1b
TUAB,train/abnormal/01_tcp_ar/aaaaakkh_s001_t000.edf,24025702,57e7908d1dbba81c4ccb42f4c530af620b6c21f47f02ff62942f8278ae8ec992
TUAB,train/abnormal/01_tcp_ar/aaaaakkm_s008_t000.edf,40449172,6c097048935b4944bb56b4df129888702e0b6014a2fab8b4699f024a35dfe79f
TUAB,train/abnormal/01_tcp_ar/aaaaakkm_s009_t000.edf,21681850,e6541b38d480bc37f8de584b405812a7cf80092f05e510c8d2cd3b9884fda6bd
TUAB,train/abnormal/01_tcp_ar/aaaaakkm_s010_t000.edf,19948720,88c37b3421f265f4b1d85317e64efeb174681e524c4a3c4a97e9177b84c14b66
TUAB,train/abnormal/01_tcp_ar/aaaaakks_s001_t000.edf,52779154,de28283f0f14948f869c050f3a8ebc460bd335bdc2e26ce8fa9b11e2500b768a
TUAB,train/abnormal/01_tcp_ar/aaaaakks_s002_t001.edf,19948720,a3aa042fb912de50b805e9d7626bf1ac8ab4663728cc1e24c09a1f9fbeae1481
TUAB,train/abnormal/01_tcp_ar/aaaaaklt_s002_t000.edf,21302212,49755b1eb355100c41e8efaed1e32937be349a68527a37f775dd4739390cb6a7
TUAB,train/abnormal/01_tcp_ar/aaaaaklt_s003_t000.edf,22952812,f8d3b5342b95fbf32e5050715e2270f49123f888b1cf0b4f59bc85c3cbb1db73
TUAB,train/abnormal/01_tcp_ar/aaaaaklv_s003_t001.edf,19750648,f341a854fa1214c6090fedd59d95e7fd7af36fd726af2f623989e0916d90b467
TUAB,train/abnormal/01_tcp_ar/aaaaakme_s002_t000.edf,23134378,d1eea00e5149ecb3b2d5f8cd11d29bb8897887536de0ab9e1cc2b8934b8a3508
TUAB,train/abnormal/01_tcp_ar/aaaaakml_s001_t000.edf,24322810,d31b1afde3b44e6ad03f4b9629c1ecec8931259f9573f1eaac7d731f2a95cd9f
TUAB,train/abnormal/01_tcp_ar/aaaaakmn_s002_t001.edf,19899202,28786bae7f90cb8b9205ca397e2ff18ce79173dbaec6533998ab2be52e2c4445
TUAB,train/abnormal/01_tcp_ar/aaaaakmp_s001_t001.edf,19800166,ae7984201e287bcc1c9feac48fb93fe088561e7ee3928e59100b94b3f8fb5c7b
TUAB,train/abnormal/01_tcp_ar/aaaaakmp_s002_t002.edf,19519564,a7165c212d0ba759d0ec058b80d34ddaac4638e41bb15b34b55019cc7ccc766b
TUAB,train/abnormal/01_tcp_ar/aaaaakms_s003_t001.edf,18908842,9d509801f0c2c15f634185df8cf19fa73cf7304b744ae70e80f7d3db9f0505ec
TUAB,train/abnormal/01_tcp_ar/aaaaakms_s006_t000.edf,19866190,10674d9fb56f6e8b17d2ae95bdb5a17538fc6a6daaa045bee2a924a2cd411467
TUAB,train/abnormal/01_tcp_ar/aaaaakmw_s008_t002.edf,18941854,d6d898536eeddc340dd16d80082c379634b5618d263a2f73345aeb39f17220a6
TUAB,train/abnormal/01_tcp_ar/aaaaakmw_s009_t001.edf,19651612,e06bcb72a4eb067e59ec78b531e6f7eb64ba188827371f79717a591cd7f2720b
TUAB,train/abnormal/01_tcp_ar/aaaaaknc_s001_t000.edf,24108232,5b108fb54631f4c1b6d5da5465818c046d14e4b8a7b9a9524b6f76fe16c0d97d
TUAB,train/abnormal/01_tcp_ar/aaaaaknu_s001_t000.edf,22804258,7327b43b835f21426d0cfcab5e0fe86efc744038b893cec867127492eee6ee82
TUAB,train/abnormal/01_tcp_ar/aaaaakny_s002_t000.edf,22441126,c201547eae07e16bc9ed464eb92138eb798f5fdc8e1151e7ae0679e438e178d1
TUAB,train/abnormal/01_tcp_ar/aaaaakny_s003_t000.edf,19375540,5a945b89a528073de76fde8cf4be41d49d4db4f5cd0e55becb06e5fd4c563f46
TUAB,train/abnormal/01_tcp_ar/aaaaaknz_s001_t000.edf,19899202,0cecd650dcaf9f6dfada3a1c300298556a9e66067b48a3d5f12990351fb66062
TUAB,train/abnormal/01_tcp_ar/aaaaakob_s001_t001.edf,19750648,306a5434474ac5730e25b68b275abf5ee9dcc35a28521134a8e0ccb919188dcb
TUAB,train/abnormal/01_tcp_ar/aaaaakoq_s004_t000.edf,22903294,ae624eb1218f4240203720bf1454748da50452b5de110f123f2bd3aecd8b2fea
TUAB,train/abnormal/01_tcp_ar/aaaaakoq_s005_t000.edf,25989916,609991c666d26be9f97532faff527bd8335ac126df911d90101bef696e7f71b6
TUAB,train/abnormal/01_tcp_ar/aaaaakoq_s007_t005.edf,37211114,5fe542147f04a969893e13027b83211a4c5b142d64bf29e651714e851cbba5f3
TUAB,train/abnormal/01_tcp_ar/aaaaakoq_s010_t001.edf,21417754,f2d182d901fa0eaaf9b4aa38a7df82a11ed1335107b1c573a82e24d55b921f60
TUAB,train/abnormal/01_tcp_ar/aaaaakoq_s011_t000.edf,18555466,944d0a16c917f7840ad83315a592e0922ff09928efa62d65229a4e75c6cfd963
TUAB,train/abnormal/01_tcp_ar/aaaaakoy_s001_t000.edf,19915708,5ebbbef998ef76609d2abb68297575b6531bbab1ee8b01a50ff2afb5423e05cc
TUAB,train/abnormal/01_tcp_ar/aaaaakpo_s001_t000.edf,19882696,f194da390b1794d198f9cff9e80798de4ecaf9c68a6fcfe6b58dd44cc96196bf
TUAB,train/abnormal/01_tcp_ar/aaaaakpq_s001_t000.edf,20262334,467b20370fef1e323a0094d00b9493e8ae85660b8ddbeb137d4d69d53a057178
TUAB,train/abnormal/01_tcp_ar/aaaaakpu_s001_t000.edf,37131466,ffc029d8f4ded49bcb73465ab0c2ddd97e1b5f7f34a739ada14d1675c15ab874
TUAB,train/abnormal/01_tcp_ar/aaaaakpu_s004_t000.edf,19888768,9343554dc197726782877781c4db9fcf3f67d32cbf2545556aa1a24132f501e1
TUAB,train/abnormal/01_tcp_ar/aaaaakpw_s001_t000.edf,19866190,d5d7d2efc1182a388ec390d7f80ed0bcf470ce0dc70f00a12a0fd5c0a88ca397
TUAB,train/abnormal/01_tcp_ar/aaaaakpy_s001_t000.edf,19849684,291605948e7b4d164b0ebd79a6440c13d1373d73ab492a2d8313be3fd72a6e6d
TUAB,train/abnormal/01_tcp_ar/aaaaakqa_s002_t000.edf,19948720,c1b1e657028055db1b9d5075603fa11879c2c44bea3304975ed6fc0dea7c3f10
TUAB,train/abnormal/01_tcp_ar/aaaaakqa_s003_t000.edf,19616592,4ee38dddb89bc0151e3b8c3590c268b958932e502e0ebc957902d431e612f522
TUAB,train/abnormal/01_tcp_ar/aaaaakqm_s002_t000.edf,19700628,594d9dd3c3b2468e8ffc626c9e5275596ba47958712721217c9c176bf5d94ee3
TUAB,train/abnormal/01_tcp_ar/aaaaakqo_s004_t000.edf,19229230,90e847dd5c05995cb7092d1a12c7a3117743ca3db759d8a72522c26436ce5c20
TUAB,train/abnormal/01_tcp_ar/aaaaakqq_s001_t001.edf,24058714,cc397d051383b90ed97e98d22d38d0d38203b5594a3c588beee48968a8187fa5
TUAB,train/abnormal/01_tcp_ar/aaaaakqq_s002_t000.edf,19882696,575d8b0db318a75f8e9c8594a152e3a865a84fc93781d0458bc63d382ca572d6
TUAB,train/abnormal/01_tcp_ar/aaaaakqq_s003_t000.edf,23629558,6a94dc302e59eeb61cfbd27312a2287555ff507fc144f64cf85ce2e719840033
TUAB,train/abnormal/01_tcp_ar/aaaaakqt_s004_t000.edf,19866190,f8fb9404b2adf0ecf0e6055fe39ad7429c4c1ca97bd3da6599b520f6afac8d5c
TUAB,train/abnormal/01_tcp_ar/aaaaakqu_s003_t000.edf,24867508,339019a6cd1f895185d9922fa2d3a36998797b3b2de92c8f5572569da8a68bd7
TUAB,train/abnormal/01_tcp_ar/aaaaakqw_s001_t000.edf,20031250,d3bbd25bdd64dd34eaf5590ca09003bb9ebb7e7fc781244ff89960c8077eb5cd
TUAB,train/abnormal/01_tcp_ar/aaaaakqw_s002_t000.edf,22193536,80df85736ccf5a46408ea70eab52abff5d2de36ee08fea2b7f724af0a0e8830e
TUAB,train/abnormal/01_tcp_ar/aaaaakrm_s003_t001.edf,19585588,0b581a7e4c856bc0c239aff6157e2c21090fcc36565fa285ff345f2cb2b69b6a
TUAB,train/abnormal/01_tcp_ar/aaaaakro_s001_t000.edf,28218226,f21e3bd9dd0e9284488bf578b02380e0369abe162729f53f2ceab4b612b7bc2a
TUAB,train/abnormal/01_tcp_ar/aaaaakro_s005_t000.edf,20064262,b87b46a4ac13c60d35762cb0278e09bf396804d5cb2804e73a4ee6af5db1170a
TUAB,train/abnormal/01_tcp_ar/aaaaakro_s007_t000.edf,24487870,1ae6d3b6f53ba0a72f26cda738b87fefc0f0fb264cef779b562efac9358443dc
TUAB,train/abnormal/01_tcp_ar/aaaaakro_s008_t000.edf,18335578,79d3dba91e82e7138fbcd7377f14f4243c9d6a1e669f9e47134a2804c1539e43
TUAB,train/abnormal/01_tcp_ar/aaaaakrq_s001_t000.edf,19899202,4d2b6ff45e9772f84b8e3ddcfd194caf44e572715b7eac6b7b58ac58f486f228
TUAB,train/abnormal/01_tcp_ar/aaaaakru_s003_t001.edf,19470046,b89c10b51b4c26a7b66d369a4387367910eb117b688d4011160d06c6b23b7592
TUAB,train/abnormal/01_tcp_ar/aaaaakrx_s001_t000.edf,23299438,6e73de5dd6aad050cf0a330b4bef88083a653f7a6b42017b5b6253e879c68c01
TUAB,train/abnormal/01_tcp_ar/aaaaaksa_s001_t001.edf,20509924,ffbda8d9c92dd393fce11ab3cd57fa078fa0956dff9615d1c60131903f87efe4
TUAB,train/abnormal/01_tcp_ar/aaaaaksq_s001_t002.edf,27194854,a22fe376a899139811bb122d8043bd8b2d85818dd7c32d2c25c4e5832c9bae9f
TUAB,train/abnormal/01_tcp_ar/aaaaaksq_s002_t001.edf,21516790,93c0ea191594dcbd0a6feb5933d5786efc7de15a8b9b2b07a9f5a775e41219d3
TUAB,train/abnormal/01_tcp_ar/aaaaaksw_s002_t000.edf,20774020,1bc9109b5e296b5327ce7400b102d3fc25dec11b43b463de20a6c9d7c2428295
TUAB,train/abnormal/01_tcp_ar/aaaaaksw_s003_t000.edf,20080768,48dd7795f33595311865343c67d321ee72de0b1d0b426894825d61f1d694cc1d
TUAB,train/abnormal/01_tcp_ar/aaaaaksx_s001_t000.edf,20229322,8cd0e8b0ba9fdb49bde643a62ebb691e1f113e7e0020a79ffe7481902e4e76c3
TUAB,train/abnormal/01_tcp_ar/aaaaakte_s002_t000.edf,20278840,d43846fc6e5cabffdc36626c056979e7b883e6dfca3fef5249496cec80262836
TUAB,train/abnormal/01_tcp_ar/aaaaaktk_s006_t000.edf,24339316,59dbcd2ee1aa24b031899e4f03c71d5dc5adeac2d14461eb4d3ec08d7349f2b0
TUAB,train/abnormal/01_tcp_ar/aaaaaktl_s001_t000.edf,20262334,a40719b427f847f16bef06e7348c5d4ae8f814a8353fa35f62267cf233c5a8b1
TUAB,train/abnormal/01_tcp_ar/aaaaaktn_s001_t001.edf,20691490,0c8165ee665e504132daa5ad0041c6fbd858d3e899e3dc256f1ba9f8e1ec8e6a
TUAB,train/abnormal/01_tcp_ar/aaaaaktn_s002_t000.edf,19226974,f9e2c4ab53638761a685ca0a400d4d8c73fa05bde097812c6ff9803c09444e92
TUAB,train/abnormal/01_tcp_ar/aaaaakui_s002_t000.edf,20509924,ea8c3809e3f6672c30159c384b5c17b036c2b95fcb8d55495b698e449b0155e4
TUAB,train/abnormal/01_tcp_ar/aaaaakul_s001_t000.edf,19849684,006656744709fc37d8db002413ce70f9e269a20512c7daa6701b51b4e0d1d31d
TUAB,train/abnormal/01_tcp_ar/aaaaakux_s001_t000.edf,20988598,58e92799186b047a40ae934d23441a4f59c1320f90fa4bfb8353ceff654f54a7
TUAB,train/abnormal/01_tcp_ar/aaaaakuy_s002_t002.edf,43915432,1172df4dc67c184b1e4830cdee4cb4b6901d6cc0e1cfd7f441a98979d7a58feb
TUAB,train/abnormal/01_tcp_ar/aaaaakvi_s001_t000.edf,21153658,1dd61adecda168b3efa94a2c3ec8eb3f3b83268e6ab26dfaed8c4c428437adc9
TUAB,train/abnormal/01_tcp_ar/aaaaakvp_s001_t001.edf,19139926,f31925cb4316edd4468c7659fcdc22884948c064b50c1595b4b0289f7418a0c8
TUAB,train/abnormal/01_tcp_ar/aaaaakvp_s003_t000.edf,20328358,4f27ad1908899fddad3e23ea88bafa88e51b8c313efb527803847d8b62d6c18b
TUAB,train/abnormal/01_tcp_ar/aaaaakvq_s001_t001.edf,19536070,0b49931f6ed43eb15c1c06b0b44b62748a36cb2a70ce92cf378ec63a46c22b81
TUAB,train/abnormal/01_tcp_ar/aaaaakvy_s002_t000.edf,16539280,58edde2b6f420d9d2ebd75b831624a7a349b83452c3c3c8d01a84e0fe1a7f4dc
TUAB,train/abnormal/01_tcp_ar/aaaaakvy_s003_t000.edf,18740758,27fe18d569920aa98800bd87ece6a7dc9049a255fe2294de4cddf762ad3d24e9
TUAB,train/abnormal/01_tcp_ar/aaaaakxq_s002_t001.edf,19503058,fe38747fc0b70c210184f1bb5f98d6c4a54ec77cfb293a70ef2de64aea6c99ba
TUAB,train/abnormal/01_tcp_ar/aaaaakxq_s003_t000.edf,20641972,f6db56ab867d6edd3392a2f44090dc8025d70119ba7ff0fb3a8570ce5ec75840
TUAB,train/abnormal/01_tcp_ar/aaaaakxq_s004_t000.edf,28605238,9ee7aa1b9497d4dd887e1ead7bf1b6695e7dfce09a5f37025b8e522ce47368ac
TUAB,train/abnormal/01_tcp_ar/aaaaakxq_s006_t000.edf,16917448,7f083d84b3bea73053968b2103c058020eae554b0ee4178282002dc3cb72fffb
TUAB,train/abnormal/01_tcp_ar/aaaaakxw_s001_t001.edf,23976184,eb18378d0d42852c7c2f3f84411a9f4616f675d2dc293996fd39a439f4712044
TUAB,train/abnormal/01_tcp_ar/aaaaakxy_s001_t000.edf,20031250,651ccd2c1d2a70a09327f2e266c209ba5e8f68b3b1a9ce203445ae4e482cd4d2
TUAB,train/abnormal/01_tcp_ar/aaaaakyc_s001_t001.edf,21335224,85792a91d6d9e49208b36704b1d1109c0039d93acde19d267f7db763276b1641
TUAB,train/abnormal/01_tcp_ar/aaaaakym_s001_t000.edf,20328358,a1c3ad435db7729ab5531a97955ef2d1e9666ac546bd35286b7e7b36edd2101c
TUAB,train/abnormal/01_tcp_ar/aaaaakyz_s001_t001.edf,20146792,562e9832c4cfb816010425d2a26b94118faa13287f4c56f20284a3a7a03031c1
TUAB,train/abnormal/01_tcp_ar/aaaaakyz_s002_t000.edf,16404220,0a4ec862a562a49a240f8789f2510955dcbc18d012f41038de5f9bd0172d1f3a
TUAB,train/abnormal/01_tcp_ar/aaaaakza_s001_t001.edf,20262334,7ac44e965bad111ab8104294b3e968de7f5e9e497aab1e2b193a2dfaf1115636
TUAB,train/abnormal/01_tcp_ar/aaaaakza_s002_t001.edf,21500284,11ebb33014a9b0add08cbf204cce4c9b521d71a46f145c8d1f001462ed515d68
TUAB,train/abnormal/01_tcp_ar/aaaaakzv_s004_t003.edf,25131604,07af4fe80fc7ef35ce102b3b6c531a8421d4516934a7556c2e33aa807ed267e4
TUAB,train/abnormal/01_tcp_ar/aaaaakzv_s005_t001.edf,21170164,4990da828241cb5143010afa4987c83b0e3c68927efc285fb503fda1f0b15f24
TUAB,train/abnormal/01_tcp_ar/aaaaakzv_s006_t000.edf,19497094,8908e0d6317b457b83d4eb2ae336be2fddb042c5dc43562c7a99a0a902e9e190
TUAB,train/abnormal/01_tcp_ar/aaaaalal_s001_t000.edf,21252694,7444ad21e8790d099df3ade61c07708ed75f2101b1df6e606e03ce7eca99c550
TUAB,train/abnormal/01_tcp_ar/aaaaalao_s001_t000.edf,19849684,63f67747ffc67bd469cea1288e6c1426586a045ad094acfa84a4da92c1d691a7
TUAB,train/abnormal/01_tcp_ar/aaaaalat_s001_t000.edf,19981732,0075b6a8d3b13cc455f7be07af21a27597ebd6f6883b8e76636309b7418c7c67
TUAB,train/abnormal/01_tcp_ar/aaaaalax_s001_t000.edf,20939080,0673cb276b34bfcba1fef529e143cd98a609fabeda1dc0cce53b7532655f69d9
TUAB,train/abnormal/01_tcp_ar/aaaaalax_s003_t001.edf,20988598,fd28e3f519b3de038546638ed90425bd5883267779621a2a4e7c6219d4bec46f
TUAB,train/abnormal/01_tcp_ar/aaaaalbi_s001_t000.edf,19981732,1be89513ee0f10cb1e2effd3cc02c8d035f1f25e2bbf1e31fa7f31cf99a17e8d
TUAB,train/abnormal/01_tcp_ar/aaaaalcc_s001_t001.edf,19486552,62b0b1114fdca3502956bb708141217197a3818e00d85f30b08e1c648b8ad265
TUAB,train/abnormal/01_tcp_ar/aaaaalcl_s001_t001.edf,19750648,f0b9d0ecc84a32857a51bc7a6e1886d075c683444e9b7d63779b1da2c3b19d39
TUAB,train/abnormal/01_tcp_ar/aaaaalcq_s001_t000.edf,23844136,01624eafec7ef188e55806d39121bbf0f62a8c0f8299dde5fb329ad873fa2d75
TUAB,train/abnormal/01_tcp_ar/aaaaalcu_s001_t000.edf,19998238,44d0ef7a284c9d9df84f9884b1b64c3535bb8cdfbaba9d4145112c72ad7faf4c
TUAB,train/abnormal/01_tcp_ar/aaaaalcu_s005_t000.edf,21021610,fdac81afa9e2660011623a3d4277d68efff68963f3b4f62f3f04e29a317d2adb
TUAB,train/abnormal/01_tcp_ar/aaaaaldl_s006_t000.edf,20212816,a911f719127e0001a60764795ceb0ab36ec86c1b2b16b24fa2118c5fd65edbd7
TUAB,train/abnormal/01_tcp_ar/aaaaalei_s004_t000.edf,16323184,31a85de4414265850e1b8f6764bd72e1751418680cc7d462bd8963a2c357f302
TUAB,train/abnormal/01_tcp_ar/aaaaalei_s005_t000.edf,21374428,160a4599f83bc14a614be4f255df6aa3aeafe25632b2d0b5b6d02f8ee8523d62
TUAB,train/abnormal/01_tcp_ar/aaaaaler_s002_t001.edf,21005104,05a5b29d85c0fcbaedc64de55683235005021ecfaa789d4213b64231118c139d
TUAB,train/abnormal/01_tcp_ar/aaaaalfg_s007_t000.edf,21846910,c27a351958466687b8a4146bb9a68784585635c5682ca661e02585253693323e
TUAB,train/abnormal/01_tcp_ar/aaaaalfi_s002_t001.edf,19635106,defaa45640afad5d49a95fa0787dc571320dc2b38168131e395ad4f3a8d9be2e
TUAB,train/abnormal/01_tcp_ar/aaaaalfl_s001_t000.edf,19932214,fce1d378ca21a4feb0593a271b70f9aa66706b61e41d181cdf9d83a5d7998304
TUAB,train/abnormal/01_tcp_ar/aaaaalfm_s001_t000.edf,20212816,78f7f8f22a40e1542dcfe272bcb8f77faa90e9df581c48cc3f8d7702f689b981
TUAB,train/abnormal/01_tcp_ar/aaaaalfp_s001_t001.edf,20163298,426193520c58476e4aa7d94f14e4b440d2462a88b6618c8d07ebd89ef1f77838
TUAB,train/abnormal/01_tcp_ar/aaaaalfp_s002_t000.edf,20922574,6cacacbd12434dde42ee4196da06805f4f23f40779afab99aaa440212e46e14a
TUAB,train/abnormal/01_tcp_ar/aaaaalfp_s003_t000.edf,17862868,21d0f95149ae1ae89169ecca848788f2a132d5ab9ddc6ad8c84889a076c4d3a4
TUAB,train/abnormal/01_tcp_ar/aaaaalfp_s004_t000.edf,18497650,5aac1b71d4b7272dc112597c5da32810d383758907aa3c2f80030d169e218004
TUAB,train/abnormal/01_tcp_ar/aaaaalfs_s003_t002.edf,17456314,0ae094e4644af5e5b3bb0e244b5fdadd5d387e92cbf4f7677b2cb7f306cc6ba6
TUAB,train/abnormal/01_tcp_ar/aaaaalfs_s004_t000.edf,23910160,7d2fb9474c04fc122044709757011eee83e98f2fd3de14d794de4d8cad92aae9
TUAB,train/abnormal/01_tcp_ar/aaaaalfs_s011_t000.edf,19932214,0a8c841dd1590e5589b89afc55dd3611688ff78e69ca34a30a92e817f43f9814
TUAB,train/abnormal/01_tcp_ar/aaaaalfx_s001_t000.edf,21566308,ed9e43eda72d4c3e14fbef9481f37cde2bf55aeb77bc14b302c56dc9ce4a6f44
TUAB,train/abnormal/01_tcp_ar/aaaaalgi_s001_t001.edf,24157750,102b38209efadb027498bdff058e0b74ac4a7c60f2ad89cd51c9633b4071d652
TUAB,train/abnormal/01_tcp_ar/aaaaalgj_s001_t001.edf,20509924,5205a07067ef0a5a0f1864f9937378afa1db87b95aa4e49ddfa1e736dd0cd0c7
TUAB,train/abnormal/01_tcp_ar/aaaaalgj_s002_t001.edf,19618600,d7bd58c27a0e0aa9396d59c3aa3b1946cc837ac2ceb21d8bb81e3c08bf4cef57
TUAB,train/abnormal/01_tcp_ar/aaaaalgr_s001_t000.edf,20608960,b4bc20e7323a7b78cc8cc85ba4504115437cc6802d4d86aa3c6190cd472ad9e0
TUAB,train/abnormal/01_tcp_ar/aaaaalgw_s001_t001.edf,19618600,c1120fd50efe191d16aff4e05f3cdd395e5b0a0dd550ed517a49ed510ce31415
TUAB,train/abnormal/01_tcp_ar/aaaaalgz_s003_t000.edf,19816672,00800a9352efa6520695d7dab38f6b383040b379c6119e7e7e95c58f66fed0b5
TUAB,train/abnormal/01_tcp_ar/aaaaalhh_s001_t000.edf,23596546,3317ef20c17d54ddde1e30dcd2812c97518f1c1afd9ffcf847855574684cf25e
TUAB,train/abnormal/01_tcp_ar/aaaaalhh_s003_t000.edf,20442514,157b674e2d8fcc53b69dac06f634cda570744f969c28d7876d1c7e7e0f3feba7
TUAB,train/abnormal/01_tcp_ar/aaaaalhp_s001_t000.edf,20724502,4cf4c526ca2181dfaffd18283faa72570fad76034bf638b21d7df317c1e63694
TUAB,train/abnormal/01_tcp_ar/aaaaalhp_s002_t001.edf,20537056,37ee0ace8a7e16524be37f1ba778f8657aff378b552d0e4da5df0b9fa3f50a68
TUAB,train/abnormal/01_tcp_ar/aaaaalhp_s003_t009.edf,17741068,cd9becd6d95b0e94114f4b2cefdca996fc32f9d20348bd898fa6ee1cf10b13da
TUAB,train/abnormal/01_tcp_ar/aaaaalhr_s001_t000.edf,21120646,c0086f78b87f190aa38b1824ec37e7a58f1ef1391959b96bbfbbac7320afa92a
TUAB,train/abnormal/01_tcp_ar/aaaaalhy_s001_t001.edf,19420528,7d08cebebd51a5bab8df80f81368f59c6cabf03218e4fe0ef85b0c676ed910df
TUAB,train/abnormal/01_tcp_ar/aaaaalib_s001_t000.edf,20493418,1106abb9248710d3b811385922bce493704243162c23a118a5ef6a157e2a0aaa
TUAB,train/abnormal/01_tcp_ar/aaaaalim_s011_t000.edf,19965226,574a544f6d064b96148c6a984b2a5ca3a19948138a6fcd080ef531ab4173b5c6
TUAB,train/abnormal/01_tcp_ar/aaaaaliz_s001_t000.edf,19915708,89ce8c65c9e151b6dfa777a0acc7b8f1ede4e15ee1a33917472ce6de36a1e7ce
TUAB,train/abnormal/01_tcp_ar/aaaaaliz_s002_t000.edf,17430676,f51692f51114b1650411e6ff15022ffe3a4c12f639af973d554dcad2f0abac44
TUAB,train/abnormal/01_tcp_ar/aaaaaljb_s001_t000.edf,21252694,1ba1cf27418e19005cfeb78fe0580a0ec00aec025a158ec0613d3ba38746174a
TUAB,train/abnormal/01_tcp_ar/aaaaaljc_s001_t000.edf,23860642,06267abbf0456b6f73d15b9dc2b918de7494b6a453b69d43155d0f6f01d8f974
TUAB,train/abnormal/01_tcp_ar/aaaaaljg_s002_t000.edf,23943172,173a041798f5397bf2c84cd59188901a0249a7622d2845ad1bcc35facfd9af78
TUAB,train/abnormal/01_tcp_ar/aaaaaljo_s002_t001.edf,15647884,37fb12f9fbf6d6a60cb485a156514f88090bb4fdf6874fe53fb943046dcb51b6
TUAB,train/abnormal/01_tcp_ar/aaaaalkr_s001_t000.edf,19866190,e7242d8ff42e8a8e914203505caaa3701b8ee6071350176b0cdfa3e012bfa32d
TUAB,train/abnormal/01_tcp_ar/aaaaalkw_s001_t000.edf,23068354,2d4d6777face62d3362ff2a26b91ba394b3b32ba04a99e732abf7d1cfb3c0e90
TUAB,train/abnormal/01_tcp_ar/aaaaallf_s002_t001.edf,16377208,bec45b3f0975ccee292d03c26e9c6430bec1d556e73e9a4b6b936dde08dbf70c
TUAB,train/abnormal/01_tcp_ar/aaaaallk_s001_t000.edf,21087634,7f7c5eb767bc7a7a23cd4a6adf7e49674508911400a32fab72eaca68b6c44756
TUAB,train/abnormal/01_tcp_ar/aaaaalln_s001_t000.edf,21021610,3f8906b9952effe2282895534f1c2236406cb94a99223cc4c165125a4eb36505
TUAB,train/abnormal/01_tcp_ar/aaaaalls_s001_t000.edf,19932214,93bce53962b758772498e15358a27bb06484f280ca4094cdc3d8dae87d0159b1
TUAB,train/abnormal/01_tcp_ar/aaaaallt_s001_t000.edf,22226548,7964788d70b4c5197a27d2651e6a2727a5f951f273888438c3f950fc50581a1d
TUAB,train/abnormal/01_tcp_ar/aaaaallt_s002_t002.edf,14297284,2b575422ee9d887d5adbb0d38525a23002e5d81befc3e9f38c3fa44d64249013
TUAB,train/abnormal/01_tcp_ar/aaaaallt_s003_t000.edf,24784978,ef4ff6279a634be8c77c1a7a63d2fdcf6ab89a98aa6402a252ad383dd9ffe570
TUAB,train/abnormal/01_tcp_ar/aaaaallw_s001_t001.edf,24421846,3a0a63f794e1264af743994e9ffdd9e17494c2f9e4c1bfebf93ab262d7edd539
TUAB,train/abnormal/01_tcp_ar/aaaaallw_s004_t000.edf,16255654,f372f81db98681612a5e037214f6810258e9a000cf97089396168f7b35fa1b3a
TUAB,train/abnormal/01_tcp_ar/aaaaallw_s005_t000.edf,16871416,e4ef6373a7fa819448b8d09f7ca86e4866cf7d620d97eb5ca5a4e08705307b84
TUAB,train/abnormal/01_tcp_ar/aaaaalmh_s001_t000.edf,21203176,6fd16b0cdf883fd78ecbe3f3d542669d40a56f47356f27db0de6e5f3c7597d04
TUAB,train/abnormal/01_tcp_ar/aaaaalmx_s006_t000.edf,18754264,644fa435842f08b656dc72904b7e476e9eff8d8428d89165eddb28c9879fa2c1
TUAB,train/abnormal/01_tcp_ar/aaaaalmz_s001_t001.edf,19635106,6ef23e0dd054223ee34e7916b37d415feb583df532eb561ab19d63702c2d870f
TUAB,train/abnormal/01_tcp_ar/aaaaalmz_s002_t000.edf,30132922,1ce4b4d10b02de37d5a6c48ad3926761368ec66978eca68e44d16b0c40b0f673
TUAB,train/abnormal/01_tcp_ar/aaaaalmz_s004_t001.edf,27244372,07e59b5c9bd3bc36cf0bcd6a7eee3103fb48043f63779de923222653c132e0e8
TUAB,train/abnormal/01_tcp_ar/aaaaalmz_s008_t001.edf,17252468,5ad9c5de663d9500dbddf7fd104743888493665c625f4769a0e6e0f3d7ccc7b7
TUAB,train/abnormal/01_tcp_ar/aaaaalmz_s012_t000.edf,19866190,4a02edac931f1c1430c604415e72f84beed063371ef674b7debb25c3e9416e1f
TUAB,train/abnormal/01_tcp_ar/aaaaalno_s001_t001.edf,20080768,303a3c1c3bf65a9c0218e489a8d891893c470cb6627d5a9ac46f1527517130db
TUAB,train/abnormal/01_tcp_ar/aaaaalno_s002_t000.edf,22603474,05b6f5d364f242473879cb2802a433cbcc0d774eac49c1f677d18ca4cbd58f55
TUAB,train/abnormal/01_tcp_ar/aaaaalns_s001_t001.edf,16845592,5bd9c9ca15127908a0aa4c33000f5e6be8ed104e03f496dc044a2cced659a722
TUAB,train/abnormal/01_tcp_ar/aaaaalnt_s001_t001.edf,22639198,730f28ec8ba9a91b78de25ae047179356068fb321d17af52c7909f14e44f753c
TUAB,train/abnormal/01_tcp_ar/aaaaalny_s002_t000.edf,19899202,ab011300150af035864194b7095dea765fa447a693884546a1334fc4c0c5ff1c
TUAB,train/abnormal/01_tcp_ar/aaaaalof_s001_t000.edf,19915708,2efc996b8619543f1e21a16cf42bd8c959ef1ef5e38cdfb2a547797b65b812d8
TUAB,train/abnormal/01_tcp_ar/aaaaalog_s001_t000.edf,21846910,9a97d29320e195ed522a100874c5fbd0841eded456c416774e88537194f8c738
TUAB,train/abnormal/01_tcp_ar/aaaaalop_s001_t001.edf,19849684,2fd62f501c9610f1e01d8654a4d9973dcc2c741994db6a3d7ae12cd6e63e5b60
TUAB,train/abnormal/01_tcp_ar/aaaaaloy_s001_t001.edf,19519564,0c26fc373116b13587817dbd61ab8abff6af2b94357ea78a8bcd44a41a6f7214
TUAB,train/abnormal/01_tcp_ar/aaaaaloy_s002_t000.edf,19932214,4a113118db701e2e3bda72300116734197f0b6889f55775deb9de7db3f2a501f
TUAB,train/abnormal/01_tcp_ar/aaaaalpr_s001_t001.edf,20229322,4497197d025e026aa5bf0a60160a04c8687d9754af90054ba901a96056797c2d
TUAB,train/abnormal/01_tcp_ar/aaaaalpt_s002_t000.edf,21945946,36916dde1a6da9424263c4c7345e42572510e7dbb89352250264bdd7d2ef922f
TUAB,train/abnormal/01_tcp_ar/aaaaalqe_s001_t000.edf,23348956,f7e0e9dbce6b2c6ad286075eca521e036e08256d05861145ea33c865e28b454b
TUAB,train/abnormal/01_tcp_ar/aaaaalqe_s004_t000.edf,20278840,a75c8113dedb3fab043ec751be51bba5eef83ef8495a6677372013a55c2f36bd
TUAB,train/abnormal/01_tcp_ar/aaaaalqf_s001_t000.edf,20179804,3b5ff41274a87bcbabd6fd9cabc14a1462dee648e0fdc02e74a6b417b2140bc5
TUAB,train/abnormal/01_tcp_ar/aaaaalqf_s002_t001.edf,20394382,c4cc2ac73e0dddb83d798c8402587c5515b34a5d47496d80f5ce55eb4fce22bd
TUAB,train/abnormal/01_tcp_ar/aaaaalqm_s001_t000.edf,23860642,fba4a316e9b40b98c2c374fb183bf68d8900bbbdac7de1fdb281c148596ef72a
TUAB,train/abnormal/01_tcp_ar/aaaaalqq_s001_t002.edf,21879922,70420e0a753c32005d9b0dcefe757cf897c95d4e3801cec88939039ff7d06320
TUAB,train/abnormal/01_tcp_ar/aaaaalqq_s003_t000.edf,16871396,6e24f57631c148d0f3b39176aaa888e038f8d2f75d8cde11b511d31f64bfbf86
TUAB,train/abnormal/01_tcp_ar/aaaaalqq_s004_t000.edf,30033886,fbf675ddc519dc18e9d5fddedf1f88559bd16ab106852e18235598b6ec60359d
TUAB,train/abnormal/01_tcp_ar/aaaaalsp_s001_t001.edf,19783660,c7aaa7aebe10c231a0e5dba48d04c6c82cf9edfbce9c04cd49eec927c7003ac4
TUAB,train/abnormal/01_tcp_ar/aaaaalsr_s001_t000.edf,19866190,c478fb3e84b2c28dfbc49aeb0ae7d62ca27a4de490134d176c36ab455627d881
TUAB,train/abnormal/01_tcp_ar/aaaaalto_s001_t001.edf,19552576,d5a6442e81c454c210e2d4b51fa74e969ccf750ee8e680c7de1bc5cb0e67685e
TUAB,train/abnormal/01_tcp_ar/aaaaalto_s002_t000.edf,19709996,b12a151d3289bedb19a4e4e3f700f91a8de344bd8fcabd63f0f974bff1fce14f
TUAB,train/abnormal/01_tcp_ar/aaaaalto_s004_t000.edf,14796850,d19c6c5628786402d59b289d08f181502f7e6cdd31213d742cdbeb9cfe7557a9
TUAB,train/abnormal/01_tcp_ar/aaaaaltq_s003_t000.edf,25230640,8e5dd2879a4dd0244c2e638b6ac9c2ef4469401f50839c67c44d14afaad87d8a
TUAB,train/abnormal/01_tcp_ar/aaaaalug_s002_t001.edf,18659722,83b413e37ab8c40e56dae319c21d19b1966c6d60f5b17fd71703002283069da3
TUAB,train/abnormal/01_tcp_ar/aaaaaluq_s002_t000.edf,17039488,eafe13577c6caf028f4aeab838b61aad78cf786501c0c0a35a213010ee6cbdb7
TUAB,train/abnormal/01_tcp_ar/aaaaaluy_s001_t001.edf,19503058,61d15c1f31065c91c3a2bef15f27392363f368e3bd01df7b717337e9c193e908
TUAB,train/abnormal/01_tcp_ar/aaaaalve_s001_t000.edf,20097274,d520906a9717681a28d08fe901979a6e52120235e46fbaab589f1050a8228ad8
TUAB,train/abnormal/01_tcp_ar/aaaaalvf_s001_t001.edf,19635106,ddf8f5c697ae6e11c403cbcdbb78bd3b8bb4d964c82a6e77c0c256d531abc13b
TUAB,train/abnormal/01_tcp_ar/aaaaalvi_s001_t000.edf,24058714,1ba1e51527a88e15066cb07b56e8063de308089b254639cbe3d4c7c42ef034c2
TUAB,train/abnormal/01_tcp_ar/aaaaalvm_s001_t000.edf,19932214,aaf9281641872f3d22501920a0d252a00d855bfa70fbe90157257bb64031fa70
TUAB,train/abnormal/01_tcp_ar/aaaaalvm_s002_t001.edf,21714862,e6b49b36baac61895874dfa35ab8308f8fd6b5b86c5f86b43d6716662a29c120
TUAB,train/abnormal/01_tcp_ar/aaaaalvp_s001_t001.edf,19734142,3f5a64fa654d9b5bb9a0f089995470bd8cbc5cbaa63d71379c310b742bea896a
TUAB,train/abnormal/01_tcp_ar/aaaaalvr_s002_t001.edf,26320036,1c4f29267ab4d0a5bfff8fc3ce43782b7da070b80812da6d538373064bf2abad
TUAB,train/abnormal/01_tcp_ar/aaaaalwg_s001_t001.edf,19304986,1b65e16c09524ae52c202ab1d28fbf88fee0729e6c52e8277f3f0a4affa50fba
TUAB,train/abnormal/01_tcp_ar/aaaaalwk_s001_t001.edf,19750648,6dcab933d196182d93726b58bacd402e2b857c1694b391c268b9848e70b05ed0
TUAB,train/abnormal/01_tcp_ar/aaaaalwk_s002_t000.edf,23348956,f2a5a5a611e741d888658905b24479cb08cd83df256854302f71b02910187d09
TUAB,train/abnormal/01_tcp_ar/aaaaalwk_s005_t001.edf,21104140,00411145ef07c3b92e1cd7cdd2d70c0e50a5b953ffbca031588b1593dd385fff
TUAB,train/abnormal/01_tcp_ar/aaaaalxb_s001_t000.edf,20443900,8f528fc5caccd506381155c392cb09d26179f7049fdb078fa08fcd9ea4b277f0
TUAB,train/abnormal/01_tcp_ar/aaaaalxb_s002_t000.edf,20014744,226c97032d93785f1e2527c0d5b89e7204d155c3ca86df5ec2bef33dcc0edb8d
TUAB,train/abnormal/01_tcp_ar/aaaaalxb_s003_t000.edf,19849684,9ccda54fb2bc35d505429a18477a3a32ac342e9e5c69fd105a9c4b8635953835
TUAB,train/abnormal/01_tcp_ar/aaaaalxi_s001_t000.edf,20047756,7481142fb742e7e669ba75733d220315abb4fe6bc6752f38b9ef85712dc30ca0
TUAB,train/abnormal/01_tcp_ar/aaaaalxi_s003_t000.edf,19866190,76b1bb5f85572658365ecb959bc0ffea12c19c7c40c1edc8678e3c99714c6b1c
TUAB,train/abnormal/01_tcp_ar/aaaaalxp_s001_t001.edf,20344864,e9e99ed92f0363b3017856cddfc6502cc1c820c54f6b3f53bbefccb86b160c6a
TUAB,train/abnormal/01_tcp_ar/aaaaalxt_s004_t000.edf,20047756,97996f11c3424f76dca937aca303cefb1a1db580a4a7ca399549c4076ad1b7bf
TUAB,train/abnormal/01_tcp_ar/aaaaalye_s001_t000.edf,20311852,d48717a24f981a5bdc3bf3592e50b1b935a3482cd580381bb33da94267bb1871
TUAB,train/abnormal/01_tcp_ar/aaaaalym_s001_t001.edf,19750648,66021ea2ca83d5362352011c3f6750800e8f1a1bccd29b8c30cad77a1258e14e
TUAB,train/abnormal/01_tcp_ar/aaaaalym_s002_t000.edf,24834496,90c549ac447225be817817d993fd2bc32021b3b5bfb0481d911d3a1f39d3d3e9
TUAB,train/abnormal/01_tcp_ar/aaaaalzd_s001_t000.edf,20212816,0e34a8f208d64b4f5cf96bd45f1b58dc133ba047f8d880c56ca2a10dfef180c5
TUAB,train/abnormal/01_tcp_ar/aaaaalzg_s005_t000.edf,20493418,b61cb19035ffe3b5006a66cd32fee23809f4619fa6f525b802204951734b2a74
TUAB,train/abnormal/01_tcp_ar/aaaaalzg_s008_t000.edf,15810028,5fd4c1e1849426a8fb953df4c164356a0288126238b9d5602d0709fea665dafc
TUAB,train/abnormal/01_tcp_ar/aaaaalzi_s001_t000.edf,22985824,575f3ed4ab6fee37e00cf0e50905859d181d6c276d3733a14aff988993c4be96
TUAB,train/abnormal/01_tcp_ar/aaaaalzq_s002_t000.edf,20014744,ec86eb246a4ceea03913943db1eb1b14add6c41a1371be0e56fdbac02bc2dbcb
TUAB,train/abnormal/01_tcp_ar/aaaaalzw_s002_t000.edf,16431232,5eb6f3be7e9369212a3c535fb137db388f91063a40b1568aa5e4858809613c0b
TUAB,train/abnormal/01_tcp_ar/aaaaalzw_s003_t000.edf,16255654,7199e1bc02c8cc66d04fa3e01530cfe4e72c7f5c8395f0fae6bf586324704e78
TUAB,train/abnormal/01_tcp_ar/aaaaamad_s002_t000.edf,20823538,fd12fec8a856962b300da2439e0adfe02f8ab45e1737ba3a7947f8143e572411
TUAB,train/abnormal/01_tcp_ar/aaaaamad_s005_t003.edf,20064784,61e19870c914cc773ab2d75b8d7cc6bd96a74de191337e4cea105b39b7052f1a
TUAB,train/abnormal/01_tcp_ar/aaaaamad_s008_t000.edf,22226548,bdc0e557dab8c3d997765ed1a6e952dc5d1cb10d3bd4054f4b7c8c2a6b193196
TUAB,train/abnormal/01_tcp_ar/aaaaambf_s003_t001.edf,16569714,d31723132a3e7d1cc75fb02db19ec5d071e90c298ba53a731af673843bf15cea
TUAB,train/abnormal/01_tcp_ar/aaaaambf_s005_t000.edf,19866190,89274e3526bec2c171f857118761c094479d71705b61a909053123e7741c935c
TUAB,train/abnormal/01_tcp_ar/aaaaambf_s006_t000.edf,36372190,334512aac32c0d4ee81c3c7db6dafa386f6d26412cf9a928536b714825d0efb3
TUAB,train/abnormal/01_tcp_ar/aaaaambn_s002_t000.edf,16674340,2fd9813590272a3c9c40d83b81dbb0b434137e09acbd4958706d3c6fe693b1c7
TUAB,train/abnormal/01_tcp_ar/aaaaambr_s003_t005.edf,20253410,52f1ed20af7681ffaebf1e5abd6291f28714e3d4c9e1fd345abefe9352ec4467
TUAB,train/abnormal/01_tcp_ar/aaaaambs_s002_t000.edf,21648838,7604a1ee0591c41c443a69f5224d2a83c86fe3486685ea0c41db10c3928141a7
TUAB,train/abnormal/01_tcp_ar/aaaaamca_s001_t000.edf,20229322,a6db46086f50d9d209a3dbed611f465dfc5c02b8cf6dd163d07edc078a03c74b
TUAB,train/abnormal/01_tcp_ar/aaaaamca_s003_t000.edf,17065016,65a1da1ba621dae475fb86889bf94ce2af52467598741fa11c3bff48f9bc6294
TUAB,train/abnormal/01_tcp_ar/aaaaamca_s004_t003.edf,35702704,6fcff6e6c63f73363a545d9f18b50a7ea8f1b1ced3ce4a1aa4143ff3265ce720
TUAB,train/abnormal/01_tcp_ar/aaaaamcc_s001_t000.edf,20361370,494bf0a9582690596b9c95e758bd170f1ef34c0ded881fbf787920ad2cf314c8
TUAB,train/abnormal/01_tcp_ar/aaaaamcn_s001_t000.edf,19948720,5f275a0966ebe6ae3d0d1fa32ec4d34a4063801368956c16a1eedf0474afeb46
TUAB,train/abnormal/01_tcp_ar/aaaaamcn_s002_t007.edf,20221654,d25cc0f14f2dfb3a3e12d412d36103820df4260f4cd3a46ce30cfe15c403ea03
TUAB,train/abnormal/01_tcp_ar/aaaaamcn_s003_t001.edf,19701130,317b128f09a6636b905313f8e9feba96cd1e1ada236449f63360642b69dd2666
TUAB,train/abnormal/01_tcp_ar/aaaaamcp_s001_t001.edf,45252418,3c23f84107f06e91c739d1d13d33fbfebf14b6e51969228dceb59b725da92543
TUAB,train/abnormal/01_tcp_ar/aaaaamcp_s002_t001.edf,20196310,354dea388f09a53393502e87bddd7e42af9957aa927c38f14429a4c13050cda4
TUAB,train/abnormal/01_tcp_ar/aaaaamcp_s003_t001.edf,20080768,aeff1f858c5a6c960c77a082adf93a41a02130b82d187e467f05048b5333cab4
TUAB,train/abnormal/01_tcp_ar/aaaaamcp_s004_t000.edf,20807032,bbe3a7af5eff5a3522cc8b96cc131823be667ea5c5497895a7a46fdb42ff9c65
TUAB,train/abnormal/01_tcp_ar/aaaaamcr_s001_t000.edf,26255294,9aced5c8bc8766742e8b1a96d7a8bfb2c908d8eeff81d6940ede057c9f2aaf0e
TUAB,train/abnormal/01_tcp_ar/aaaaamcs_s001_t000.edf,20031250,108a59698aec0033fd25ea59c011af7c64b5b903741b08add908b99f207494de
TUAB,train/abnormal/01_tcp_ar/aaaaamct_s003_t000.edf,22358596,116139eb215c262afd6a474185435bf158cfc10d0e6069f62f0643b218c0b1e7
TUAB,train/abnormal/01_tcp_ar/aaaaamcu_s001_t001.edf,20428068,375edbb603ea9208db1bcc552b5e9577286a83b6abdbe418401f3df8ef8889f3
TUAB,train/abnormal/01_tcp_ar/aaaaamcu_s002_t001.edf,19717636,e2070ac5a07791ddcc5fc76e03d380fe9880eabe649a219f47ae6f4bd90a89a9
TUAB,train/abnormal/01_tcp_ar/aaaaamcw_s001_t000.edf,20196310,486c61dd2896b40ecba055218942fc3437d0813f3b9b42a58ba3b15364da176c
TUAB,train/abnormal/01_tcp_ar/aaaaamcy_s001_t000.edf,24174256,80c4c7a2a1b8476a907676b258a9464c5d1fa300c2476a50e0abc0d4bbc7ea7e
TUAB,train/abnormal/01_tcp_ar/aaaaamcy_s002_t000.edf,22738534,77daf428deb5b7965e439dd841ddcd7c2e261ebb3fbf65b83236165cc8c3e236
TUAB,train/abnormal/01_tcp_ar/aaaaamdc_s001_t000.edf,16548484,30ae72be226c3c5fed75df4f8392c327414759514ebd616d029a1a2527db437d
TUAB,train/abnormal/01_tcp_ar/aaaaamdc_s002_t000.edf,24917026,bd51accbe76ce5dec06c4ced463f6ad91d2e5e50c34b3c2b448710143feed640
TUAB,train/abnormal/01_tcp_ar/aaaaamde_s001_t001.edf,20972092,125ffd60857bba920094a3bea2c81bd4e37185f2b16c0298603128edecf89990
TUAB,train/abnormal/01_tcp_ar/aaaaamde_s002_t001.edf,22738234,09326ace4616435c73b1bb0203b5663f95e1cc6c53673ea0023192eb9eee16c8
TUAB,train/abnormal/01_tcp_ar/aaaaamde_s003_t000.edf,24025702,c73591923aff0c6c1638b0fb901da8107949bed2d55c71a45825617ebc12d8d6
TUAB,train/abnormal/01_tcp_ar/aaaaamde_s004_t000.edf,24900520,4c9cdf16d8736aa843f1bf3fa31d51916f67bc7671729780a2451b2a3d2e3186
TUAB,train/abnormal/01_tcp_ar/aaaaamde_s005_t001.edf,21968692,fed0749f818b1f5e49209755dfd40c09a7e4b09385600f54412e32d4b1fecad5
TUAB,train/abnormal/01_tcp_ar/aaaaamdj_s002_t000.edf,17552230,08cfcbafb2742bf5da4b4a7ebe2a2643f978733468f4e0c35ca723d138fcf7a2
TUAB,train/abnormal/01_tcp_ar/aaaaamdu_s002_t001.edf,15337246,326b621e2b8c3afd0bcfe83eefddcc88e4441229efd65bf65617e1c96c697e33
TUAB,train/abnormal/01_tcp_ar/aaaaamdu_s003_t000.edf,19875262,82cc6cb2dede1d8f07bea5400ba4254b3d20f12ce666116cd9911337c4856f08
TUAB,train/abnormal/01_tcp_ar/aaaaamej_s001_t000.edf,20014744,fd03b14ee08eada15fb289ee140aab0d15ddcbc9b762f9b9726988bbc8aaf6ee
TUAB,train/abnormal/01_tcp_ar/aaaaameu_s001_t001.edf,16036798,90b46ee52f352388abe8559c0dfc1d4c63013bb7e03437fc757dcaf54bf2f570
TUAB,train/abnormal/01_tcp_ar/aaaaamfd_s001_t001.edf,19635106,666f234d93203b1f857e8a2f517e104cbadf25f5709bf87753133cc17c5ed3a3
TUAB,train/abnormal/01_tcp_ar/aaaaamff_s001_t001.edf,18958360,04c3c4b9ee9087c0cf92b022a5c0037ad96eb586b778103ffd13d13cdcff91d1
TUAB,train/abnormal/01_tcp_ar/aaaaamff_s002_t001.edf,19833178,72222961c90baf4e90c886f979c2491024f747d1378f7e8cc5fb94c7a8824041
TUAB,train/abnormal/01_tcp_ar/aaaaamfg_s002_t000.edf,21978958,8d05a8f6f74acbac36d185a2acad3de9ab222f269fdab9abc35e9147e57f1eac
TUAB,train/abnormal/01_tcp_ar/aaaaamfj_s001_t000.edf,19866190,475fbb12ff5129342a5b0142f6ccc4407c228f5788c6813c4459f0a5addd4803
TUAB,train/abnormal/01_tcp_ar/aaaaamfx_s001_t000.edf,17901976,17fc486e4f5320be89fb19cd614db8fbd8aee6ccda2d8caa20493b2e571bc8b4
TUAB,train/abnormal/01_tcp_ar/aaaaamfx_s003_t000.edf,21137152,1752b470ee9235f0eb68f0d8582d16322e05554915f31abbc8aeb068af136e53
TUAB,train/abnormal/01_tcp_ar/aaaaamfx_s005_t000.edf,19882696,ecc6334c3ff14a778403d080eca100175eee90b2e3f1f4bdb1c23a477450871c
TUAB,train/abnormal/01_tcp_ar/aaaaamga_s001_t000.edf,19024384,aceebd3ad18c8006e467e5e9e291915c5979435ec04d30bf9ccddbcdd86c0e9e
TUAB,train/abnormal/01_tcp_ar/aaaaamgc_s001_t001.edf,19833178,0715f06c9b3eaf2424737a5f1724360cbf62d82a33de6abc5e64fd75d68801cc
TUAB,train/abnormal/01_tcp_ar/aaaaamgc_s002_t000.edf,19672672,802c57e7944b03da0a7b9b482dfd4f5ef704c819af453230761f0517616b8c7c
TUAB,train/abnormal/01_tcp_ar/aaaaamge_s001_t001.edf,19271974,16ed5459055248c515b405f7e855cc9eddfd8f402b17a851e3e3c0988c0e0ff7
TUAB,train/abnormal/01_tcp_ar/aaaaamgf_s001_t000.edf,19882696,7bb88e30978a6a10a975beda50acf52666d46cf352df2decfc7b578034d1538d
TUAB,train/abnormal/01_tcp_ar/aaaaamgi_s001_t000.edf,42710494,e01f2c7e9a9c44383b9a31bbb89e96c382f046c48d875421c43705dfcaf3081b
TUAB,train/abnormal/01_tcp_ar/aaaaamgt_s001_t001.edf,23249920,ba06d9357066a45518995c1b9463585136c44837c8694bd1ca2e260440b2a727
TUAB,train/abnormal/01_tcp_ar/aaaaamgt_s002_t001.edf,19602094,587f64d6108bd38aa74d46b6f214d542d393e49616a286e240d95831c6b678c8
TUAB,train/abnormal/01_tcp_ar/aaaaamhb_s001_t000.edf,31469908,b2bc76f4b7f4802048867f87a6897a2cd7e701fc51967bc88e95179816529fb1
TUAB,train/abnormal/01_tcp_ar/aaaaamhb_s003_t000.edf,21153658,1c98db8112cf84ddca7c17b40896506dcfa26752dcca90dabafc7eb56d805733
TUAB,train/abnormal/01_tcp_ar/aaaaamhb_s005_t000.edf,16255654,3cb010854ac4b98d10ffe7699d682da1703cee18cd007e49d96a171a6fc22e88
TUAB,train/abnormal/01_tcp_ar/aaaaamhb_s006_t001.edf,35600710,00a2deef7348265fc67a505e8e7d81ae4cf3da7f731bc205958e7e4646ab8830
TUAB,train/abnormal/01_tcp_ar/aaaaamhd_s001_t000.edf,21219682,72ed4efdaf3d927e543cb7df99509da516803e036e20cc7a66cf96e14daf1197
TUAB,train/abnormal/01_tcp_ar/aaaaamhd_s002_t000.edf,22391608,cec6c2f236ca641cc159775eb2d2136a7a81eddc88b3e482edbacce481d7dcf9
TUAB,train/abnormal/01_tcp_ar/aaaaamhj_s001_t000.edf,25763076,8438529a2a1634606aaa6aa7e827b5057596f79b66b1a565fbd31f002a3a0079
TUAB,train/abnormal/01_tcp_ar/aaaaamhm_s001_t000.edf,21467272,97a4c808dfa3fb689e05f46a22a4b1348d8c205f1d495768c1846aacc1f45732
TUAB,train/abnormal/01_tcp_ar/aaaaamhz_s001_t000.edf,19866190,3719df61dcfe95da541d356d3a7eb504a3788def3a808ac56e15a5648438ceda
TUAB,train/abnormal/01_tcp_ar/aaaaamic_s001_t001.edf,15888244,7a3fae35a69282227658d1dd261ba6a53673864b4d2d0ae449337b4072a2d5fc
TUAB,train/abnormal/01_tcp_ar/aaaaamic_s002_t000.edf,19948720,4b49953779fd2d9e1bd290c727a289cf5d77a98d80d7ce5929c5c5678751b070
TUAB,train/abnormal/01_tcp_ar/aaaaamiv_s001_t000.edf,20509924,98ac48ac17e16df47e9b50e8355f6b89b86aa4311de2715d8573d32575333f08
TUAB,train/abnormal/01_tcp_ar/aaaaamjh_s001_t000.edf,20658478,0a46c68227160b019baf1359c4a0554e24b3a304248efaef96bfea0d3592aa06
TUAB,train/abnormal/01_tcp_ar/aaaaamjh_s002_t000.edf,16606810,6c6f6eb42783abfa1fc55f577ac1ee61fc0b3736ea65b02433677c3b335c2ae9
TUAB,train/abnormal/01_tcp_ar/aaaaamjn_s001_t000.edf,21780886,61c361026aa117d4031837e7442fe42f74942ff28af97b03813f535fc24f0742
TUAB,train/abnormal/01_tcp_ar/aaaaamjo_s001_t000.edf,20873056,11eb6ea63aef4f0384585b69d88fa95623a89b722b3b377b477248554a6de3c7
TUAB,train/abnormal/01_tcp_ar/aaaaamjx_s001_t000.edf,19915708,28af9764159c0de3c3b31b78580474b5526a8f97a3ec6c2fa3115212cf76ae32
TUAB,train/abnormal/01_tcp_ar/aaaaamjx_s002_t001.edf,14797006,821976670787e8933fa6ae53cb4502e147481b0d13b0cce24e45cee1d915111f
TUAB,train/abnormal/01_tcp_ar/aaaaamjx_s003_t001.edf,15661390,b73702562afa0b576609df37b93c2f09154c45a182c3aab82d9e6aea53226fda
TUAB,train/abnormal/01_tcp_ar/aaaaamka_s001_t000.edf,19882696,f01bd8984a2517096440a9422a9be212bff376aec5846b06f675b0f72b6b4788
TUAB,train/abnormal/01_tcp_ar/aaaaamke_s001_t000.edf,19141950,f7c52b21fc22247de81f1759ad4559937eaefd421ac2f537578ceffe24b0c4c8
TUAB,train/abnormal/01_tcp_ar/aaaaamki_s001_t001.edf,20047756,25371b5bba54cd993a8b8fa7c6fbdfa216e13cd93b97e7846f290712f5fe6da5
TUAB,train/abnormal/01_tcp_ar/aaaaamki_s002_t000.edf,20856550,6b8810b1252d46bd54dd531de31238b1a13fde2479a56135ee681b5ba6cef33c
TUAB,train/abnormal/01_tcp_ar/aaaaamki_s003_t000.edf,16296172,092222107e8cb3fa3bc45512ec2eaceaa8c6b8b8f7b300966905b155745d47a3
TUAB,train/abnormal/01_tcp_ar/aaaaamkt_s001_t000.edf,24207268,3876b75d1ca7dba683c2ef6bf671a007f7e87700b891d9a1fb51c0ce6e7d007b
TUAB,train/abnormal/01_tcp_ar/aaaaamkv_s001_t000.edf,23381968,546409b7d374c781b4c87fd2f4f62ee614f2fc17fe6fa28b099c6c04a9a07d7e
TUAB,train/abnormal/01_tcp_ar/aaaaamkv_s002_t000.edf,19470082,02edeb16c098e66f3ac0da0778f8783ad47724c01d8b69e7018e0c7a92d00d42
TUAB,train/abnormal/01_tcp_ar/aaaaamlc_s001_t000.edf,19602412,36baf9aac6d8cc78fe34b14df359ba49744303cc25a250202cf1d4cc6d1cb98a
TUAB,train/abnormal/01_tcp_ar/aaaaamlc_s002_t000.edf,16822906,5b209d41eccf906723094a18f88a90aa5af1bd129c9283698521c7b2a2aef945
TUAB,train/abnormal/01_tcp_ar/aaaaamlk_s001_t001.edf,19750648,cb55f165a8b11a12a08cfe99d74becb40b9eff315a0a3f63ebdd01d9fc484974
TUAB,train/abnormal/01_tcp_ar/aaaaamlt_s001_t001.edf,20542936,4ac18d111f636c93624f4645573b5fdee751ddfd968d4aa4aeb79ceea4589ee1
TUAB,train/abnormal/01_tcp_ar/aaaaamlt_s003_t001.edf,20278840,d81bc756def422b26760fa52d2f3158848db932d5ba5fa217ffc66d04874f53b
TUAB,train/abnormal/01_tcp_ar/aaaaamlu_s001_t002.edf,19602094,2c4d23b427ac2afaecbfad3be4c6e079e09f41769bf5e22f3a491e03ec91ab27
TUAB,train/abnormal/01_tcp_ar/aaaaammb_s002_t000.edf,16458244,e12e397a5d157f93861ea0aeeac28161ab40b278694735c032e2e8c0a15a8c0a
TUAB,train/abnormal/01_tcp_ar/aaaaammf_s001_t000.edf,20427394,88e619d78fd18dd97db7c665786a8c5ae8ff4dea8a17f917880acfef362c1b1c
TUAB,train/abnormal/01_tcp_ar/aaaaammr_s001_t000.edf,19882696,e163c3005e83c97bee70b4714e44352e1add9bbcf4804644b2f6809549dea172
TUAB,train/abnormal/01_tcp_ar/aaaaammr_s002_t000.edf,19932214,7c4528e4a5195a6a59686d1c42de9f10fb7fa3b6587b096263f788405070e1ad
TUAB,train/abnormal/01_tcp_ar/aaaaammt_s001_t001.edf,19321492,23530a5f37a4d5fea9c889ff4d9d6b2f827ddbaf8ea243ca387dad579c95c78c
TUAB,train/abnormal/01_tcp_ar/aaaaammv_s001_t001.edf,16862098,a6e7fc09fda54a053901bece746ad5ad4b18956e9cb59796254a8966105aab86
TUAB,train/abnormal/01_tcp_ar/aaaaammw_s001_t000.edf,20262334,142af704a99d54089586f8876694534d65b2e847103d10c4cffbf0f73ee8821b
TUAB,train/abnormal/01_tcp_ar/aaaaamnd_s001_t000.edf,20212816,f804fbb129387173c675e3766b569484ee2251cf039b7a151aa30333747353ad
TUAB,train/abnormal/01_tcp_ar/aaaaamnd_s002_t000.edf,19866190,a47d76b79af6041ff75577fa64ac48ea3b58b1c086a61b2974d85e94c78f1f91
TUAB,train/abnormal/01_tcp_ar/aaaaamnd_s003_t000.edf,20113780,7666ac95dad06b164eb1a1e699fa88dd8008824067db5cfe57268162463c987d
TUAB,train/abnormal/01_tcp_ar/aaaaamni_s002_t000.edf,16417726,1caf4fd4d3b895fe7b332d6000541c587e1270fa25ffb34b5c765979d894702c
TUAB,train/abnormal/01_tcp_ar/aaaaamnk_s001_t000.edf,22515834,8e036481e638d69c5256725696a747806744bfbdedb351b53e8b9ba62e97d217
TUAB,train/abnormal/01_tcp_ar/aaaaamnm_s001_t001.edf,17918482,a25e87a938adb63ee9814c6e616eed8b70dc8f39c21b34e441436322cde788bd
TUAB,train/abnormal/01_tcp_ar/aaaaamnr_s001_t000.edf,24768472,fe6f518e6071779c12864ec2040a19d030d3170277a6f2924555bf079c96dfd7
TUAB,train/abnormal/01_tcp_ar/aaaaamnr_s002_t001.edf,18054606,6e6b74b20c588228843126af3c788ef85917bbd456ca98a7ab781c233a485ded
TUAB,train/abnormal/01_tcp_ar/aaaaamns_s001_t000.edf,16849918,d54f05c4f1bfb888976eca4d36c60fd9dc08fa462dbc7f9987ae4f5402aefacf
TUAB,train/abnormal/01_tcp_ar/aaaaamnt_s001_t000.edf,16296172,68c5b6e611f3f9bfa43e89a196dcc2a5f75a4206b8d8097a0da1c493cd706a2c
TUAB,train/abnormal/01_tcp_ar/aaaaamnv_s001_t000.edf,19507144,39d8ede1bc872712a1ec96cb5b513eab3b549afbd2188ffaa2d9da195fb6defb
TUAB,train/abnormal/01_tcp_ar/aaaaamoa_s001_t000.edf,17052508,34c538d66f0599d3da0c52eca52706d8da584a7d422f0ecbd4400dd84812ba6a
TUAB,train/abnormal/01_tcp_ar/aaaaamoa_s002_t000.edf,12965044,b1dca25672fa2d1bed3fd8170f4e6cedf4ca5d84f70284b9e8ca4d2e0b228e23
TUAB,train/abnormal/01_tcp_ar/aaaaamoa_s008_t000.edf,19497094,8f4db6699da8c3473a38c3dabf4cefa3e17fc9f4f820f9927c81c15d28579320
TUAB,train/abnormal/01_tcp_ar/aaaaamof_s004_t000.edf,17201074,c1642232b270b7e80df1287c8a723ec9d8d7d453af883d437a955ff699d8343b
TUAB,train/abnormal/01_tcp_ar/aaaaamos_s001_t000.edf,19899202,cbf4f3e6bd8cc013ac42abd1a62c59a824b5147637c6d308b9cd4bf5d68b651e
TUAB,train/abnormal/01_tcp_ar/aaaaamow_s001_t000.edf,17123524,08d51a68819870b8515c6105c0607ccec0f10daad4900d08d19a76b838530583
TUAB,train/abnormal/01_tcp_ar/aaaaampf_s001_t000.edf,16255654,6a052ab7ffa3418a74264d0ced00fabc19f5549ffafd040289c5dfaccd71df56
TUAB,train/abnormal/01_tcp_ar/aaaaampk_s001_t000.edf,43546436,04d6c995f91c87a3458529d521aad214b83cb3c77e2b10bf22ec83a470d3e09a
TUAB,train/abnormal/01_tcp_ar/aaaaampk_s005_t000.edf,16903942,b8415ee77fde70173ce19a9e22cafaa2d4080c6072cfff0fdffc97ae99582bd9
TUAB,train/abnormal/01_tcp_ar/aaaaampk_s006_t001.edf,16998484,4fd0f8065fcd907ce0515431cd9b323bee3f1bfb50696c4da32911f0cbf859c5
TUAB,train/abnormal/01_tcp_ar/aaaaampk_s007_t001.edf,18745000,9ad2d1de7aa65d95be23f85b0445e980d4531232f17e0e399ccbefa80d6600d5
TUAB,train/abnormal/01_tcp_ar/aaaaampk_s008_t000.edf,20106802,3ca3bcb5bcc3d6c5131e3ef79c8bd302fab64b9f8329a402b2a48138c1f99fc6
TUAB,train/abnormal/01_tcp_ar/aaaaampo_s001_t000.edf,24223774,9f3af77be761c3bce87c9a77c6e9dcd1680fc25c0263d5b6a9917ebd861906c8
TUAB,train/abnormal/01_tcp_ar/aaaaampq_s002_t000.edf,16471750,d8667830eeca570d96dfe4baa6a1509ea353bf03b946f1b6f0db9bf2664ae0b2
TUAB,train/abnormal/01_tcp_ar/aaaaampq_s003_t001.edf,14594416,7be7a18946b08300fb97e5cea9dd1759f52db68e608fcec90bf7c3d43aa9604f
TUAB,train/abnormal/01_tcp_ar/aaaaamps_s001_t000.edf,34110868,6d84d291fa24c5926625447df9aad2a1bb772d6c35625b87c9f22ec0a62a67db
TUAB,train/abnormal/01_tcp_ar/aaaaamqi_s001_t000.edf,19866190,75061b97cb6c9339f58eb663b95f63c663cab018149387c26918d4629f11288e
TUAB,train/abnormal/01_tcp_ar/aaaaamqi_s002_t000.edf,19280998,0461d048021e6218ac275f583877f5ac71ba83434a585229d5c5b5ea96692e33
TUAB,train/abnormal/01_tcp_ar/aaaaamqn_s001_t000.edf,24801484,5259c290b0f4093d473767ee5c1825af4ca57a2868d4eab75d8c51783bbb81ad
TUAB,train/abnormal/01_tcp_ar/aaaaamqo_s001_t000.edf,23943172,b05e6c01966bdb88fbec34771de75593a6eb820269aa94c2d9be2ee9e820ff1a
TUAB,train/abnormal/01_tcp_ar/aaaaamqq_s002_t005.edf,49548320,d3ac2e0c34eb1144e6adc3df80b8b9fdaf65c6be0d1ee997d604b392c8aed323
TUAB,train/abnormal/01_tcp_ar/aaaaamqq_s007_t000.edf,17966978,474c94443ff31b99d8da371b0f607dbc4e693a626129eeeb970f75d9d22b7f42
TUAB,train/abnormal/01_tcp_ar/aaaaamqy_s001_t000.edf,20427394,b9daa0f6fece59563b2704f85c46975eee7e8e106f024a557003d91211af1ecf
TUAB,train/abnormal/01_tcp_ar/aaaaamqy_s002_t000.edf,18727252,0cc198afbd5da16b211ebabba9bdd1beb20b97a363bd06a8bf70e666892412a6
TUAB,train/abnormal/01_tcp_ar/aaaaamqy_s003_t001.edf,17282110,8cecb811fbea3e25bf217ddea2f15b396bf8d450214dfff9ed41f43ceae90e07
TUAB,train/abnormal/01_tcp_ar/aaaaamqy_s005_t001.edf,102821890,a00a2a8e3e3e704058f891ac322bcacfcf6a5acfe434a765ad1dfecf48cb6a38
TUAB,train/abnormal/01_tcp_ar/aaaaamrb_s001_t000.edf,25466746,885b3d24533724d29c382c588ea690fa41eaf3bd70fe221e9112846e5a45d8c7
TUAB,train/abnormal/01_tcp_ar/aaaaamrd_s001_t000.edf,19866190,95d3c3d8538cf5abe2cf04768a23ea9945eefc73060706a230f548ef49d7f6c8
TUAB,train/abnormal/01_tcp_ar/aaaaamrd_s003_t001.edf,11944642,4465422ec92680ce652580a97a9a100436e0753d881e3080d4ef63db5e2d4ca1
TUAB,train/abnormal/01_tcp_ar/aaaaamrd_s004_t000.edf,21252874,d84d042bbfcbaa5d282c5d92b81c5ab012d0eefb594224f93462300d4403bec7
TUAB,train/abnormal/01_tcp_ar/aaaaamri_s001_t000.edf,21104140,6067af00f66e2816dcdae0c909f6136d8208c75b0af852ee802badadda10c35d
TUAB,train/abnormal/01_tcp_ar/aaaaamrl_s002_t000.edf,19672672,957468ddb0a2cce977af8097d386833a7c62105b137d1480e5de201f7e7f51ae
TUAB,train/abnormal/01_tcp_ar/aaaaamrp_s002_t000.edf,16857410,3387fa38c12dbde3acfd39b358206dba66c0593051f080b75bb8e5db1c5211a0
TUAB,train/abnormal/01_tcp_ar/aaaaamrq_s001_t000.edf,20064262,919c5ac25a61c76e9dfd6726ee2775ca778ebf52534fcfead3304537395a92cc
TUAB,train/abnormal/01_tcp_ar/aaaaamrr_s001_t000.edf,20014744,59ad0f8ed496d52662b358ee6d6651762b9b4d396013fb790b8884ce08534cea
TUAB,train/abnormal/01_tcp_ar/aaaaamrs_s001_t000.edf,16255654,faa1feb758de76cd2b49630f58c38038197eec98d44d24204f0768c512b437d1
TUAB,train/abnormal/01_tcp_ar/aaaaamrw_s001_t000.edf,20097274,a8ff363c689eff8cc5974761001a5a512eede57a315b4ac36cabe66b7b543a2f
TUAB,train/abnormal/01_tcp_ar/aaaaamrz_s001_t000.edf,19866190,87d8f399a781c34446232544e1a0ef13c9acf0574d8cf8d184946526bfdbed17
TUAB,train/abnormal/01_tcp_ar/aaaaamrz_s002_t000.edf,20097274,f7221cbc4e69d58e3906a33321de92dcf1588387cf640c1d82a64e8331613c27
TUAB,train/abnormal/01_tcp_ar/aaaaamsh_s002_t015.edf,26938900,f54d4ddbb063181c2c1ca3138ce56abd7a0718be8e6be6869ba8d6af997e712f
TUAB,train/abnormal/01_tcp_ar/aaaaamsh_s003_t000.edf,16323184,e946285a5e9748aa0bbf12d89cdc4dee0ec50e98abed2e078a2eeea0ff1e8964
TUAB,train/abnormal/01_tcp_ar/aaaaamsh_s004_t000.edf,20218086,4bbb17517434825962567b138ca167f982b0741dc072c46ab15edb4295f8a16f
TUAB,train/abnormal/01_tcp_ar/aaaaamsh_s006_t000.edf,17079520,47e3649baa953511886353632d1af51d77c16d6475cff56dee6fda2a31a12a74
TUAB,train/abnormal/01_tcp_ar/aaaaamso_s001_t000.edf,16269160,aa1c6e2150cf9d5e5daf1500ac93aaffb1eaa13617fe10827d0fbc9b9b5aa3a5
TUAB,train/abnormal/01_tcp_ar/aaaaamsw_s001_t001.edf,19701130,af2779aeed693e94a888667ad5fbb3ef6f05edd080b82987e7f6e9ce7f765521
TUAB,train/abnormal/01_tcp_ar/aaaaamsz_s001_t001.edf,19783660,b33c8e166a0c90b2f475b5d87773f870f9a11bc8ead7a0bc086c2e2bcf0584ea
TUAB,train/abnormal/01_tcp_ar/aaaaamtc_s001_t000.edf,25280158,42823ea1490145bf80fb5e9c06b26bed5019a577a2259edfaac430616d58f2df
TUAB,train/abnormal/01_tcp_ar/aaaaamtk_s001_t000.edf,45077458,01990ba2d7e427aaee78edd086a39ff662bec0cc0ce2a1c0061bacbcd9d70368
TUAB,train/abnormal/01_tcp_ar/aaaaamtl_s001_t000.edf,16444738,4ba376e87bbd5fceb84bef6e3f3e4c4c4a0bcf97979d360794e092304f4b0977
TUAB,train/abnormal/01_tcp_ar/aaaaamto_s009_t000.edf,17174062,0f1beb6f2cb94e55b0f154000aa82269db3b5533c0d2bee5ec9b77a6a71f0614
TUAB,train/abnormal/01_tcp_ar/aaaaamto_s010_t000.edf,17613734,832795c771a86bb3316e93d6b6c109f7abe1081a9e17404a3252abf7d2b5d2b3
TUAB,train/abnormal/01_tcp_ar/aaaaamto_s011_t000.edf,16282666,1556420ea577ef750c46130642756e0520a5098e1a380722890a1d0281fa74bc
TUAB,train/abnormal/01_tcp_ar/aaaaamto_s013_t000.edf,21929440,d645ec032a239825ba090067cedbb66a661816baa42df22b63c52e2d24ae3b55
TUAB,train/abnormal/01_tcp_ar/aaaaamto_s014_t002.edf,22573174,739ac33306b6ed674f6f7134d1814dd8274b41d9fbbdb8ee50075e391d00fc8a
TUAB,train/abnormal/01_tcp_ar/aaaaamtt_s001_t000.edf,16957966,71737b359483e5de19909f65b76914bc351d352cb26688a503cc547f32b74db9
TUAB,train/abnormal/01_tcp_ar/aaaaamtw_s001_t000.edf,23282932,a0828a50629c63b6c8cb416928af0e567edaf942e8f1e144db5efbc1129b2380
TUAB,train/abnormal/01_tcp_ar/aaaaamtz_s001_t000.edf,19899202,95589ce6a9963f8c0e2e68f1457902eff3a0f829d930e67e0c2ceca5835f5cdf
TUAB,train/abnormal/01_tcp_ar/aaaaamug_s001_t000.edf,21335224,c24ab5aee749dc432048e2adf79e4dd81bfd5feb44af5b5c827e4e4c79c3d821
TUAB,train/abnormal/01_tcp_ar/aaaaamug_s002_t000.edf,31634968,790a17acdaf96535474e828bb50877a8c746d20c38a2e0b55daf8182787999fc
TUAB,train/abnormal/01_tcp_ar/aaaaamug_s003_t000.edf,20427394,c30a7f0b0a269379d74489ec9e49f68341a29e038f4744827acb22452cfdb2c5
TUAB,train/abnormal/01_tcp_ar/aaaaamuh_s001_t000.edf,19932214,ce085d9bb60f952d92b765004b1d1623f262ec6706d9a7e2fcd47fd5cc9c1887
TUAB,train/abnormal/01_tcp_ar/aaaaamuh_s002_t000.edf,22886788,b9ab0b8550475c2c1d67da5aaf19369d124f171a50e370f0608c932aa7a68608
TUAB,train/abnormal/01_tcp_ar/aaaaamul_s001_t000.edf,21110822,ab3c6e6aae6ba0d94cba0674e4496a890122a5d5f6ec7751a06301d1b151cfe2
TUAB,train/abnormal/01_tcp_ar/aaaaamuq_s002_t000.edf,19518550,16480fa96cc5e4a896c990f64b14e91a0d80b1741124b7873a94f223ccb5e767
TUAB,train/abnormal/01_tcp_ar/aaaaamur_s001_t000.edf,16255654,10f4a05a4bdd6e51b9200be34326d535de45e5a1672ea1f009de16cc3320b8d1
TUAB,train/abnormal/01_tcp_ar/aaaaamur_s002_t001.edf,16552786,5fd945d4e622b9c0fad53fb6cd9a83b65d643ff1093b75abde180ea88d5100f0
TUAB,train/abnormal/01_tcp_ar/aaaaamuu_s001_t000.edf,19882696,04183322122293e800a3195c0e9589b9008771cb09fc44efc7982988c6eeefbb
TUAB,train/abnormal/01_tcp_ar/aaaaamuu_s002_t000.edf,20113780,a8c355234b313100fe42b7fc1a5839eaa9386e561556fa3f6fb85243c25cb026
TUAB,train/abnormal/01_tcp_ar/aaaaamuw_s001_t000.edf,20361370,44b13232d95cb426b48f3a864ddd841f6b99bdf6d3a0359710319e046cd72e19
TUAB,train/abnormal/01_tcp_ar/aaaaamuw_s003_t000.edf,15522196,a62edff03c83863e3e67ec1aa5e477de78a44bafd845f6a9b48d3884f10680a1
TUAB,train/abnormal/01_tcp_ar/aaaaamuw_s004_t000.edf,15797222,c7af759de6558541f0abe300cd33b65b76060ff08c1c960175e8d2c59472306f
TUAB,train/abnormal/01_tcp_ar/aaaaamuw_s005_t006.edf,15297788,cdd558e9fda56c759f61fcb8f75c76fdbefd32c14fede6d390910d022a8a9541
TUAB,train/abnormal/01_tcp_ar/aaaaamuw_s007_t002.edf,13162780,6aa106d04f4606805d696d3d4340a253be28f6c4e3cd7aa3c27075e0107f76a7
TUAB,train/abnormal/01_tcp_ar/aaaaamuy_s001_t000.edf,20790526,97f8fa2c1de59bca9ca9fdcc971222bad146a2ad514a27c29bbcf09658cd3912
TUAB,train/abnormal/01_tcp_ar/aaaaamuy_s002_t000.edf,20014744,87cba26853081957fe57846e092427ae9b101e2697a41444e4b7cd33f50850db
TUAB,train/abnormal/01_tcp_ar/aaaaamuy_s003_t000.edf,16323184,07c023d3bd1a9fd3783b732cba5ef9783945698829b9290eaeb2c7b337816f4a
TUAB,train/abnormal/01_tcp_ar/aaaaamuy_s006_t010.edf,27045586,ddf35d56442dec74e53f4ae79b3c4957038cde8dca11f22c3536fd4a2a85669a
TUAB,train/abnormal/01_tcp_ar/aaaaamuy_s008_t000.edf,16539280,467353fea3f7289d9ee19c9ec11d18ee51259c7f8c1c41c206f09ea658c3e4d2
TUAB,train/abnormal/01_tcp_ar/aaaaamuy_s011_t000.edf,16471750,f20a1437d1711fc82dd35b1fac1b5f180b6a3200ef2791fa0bffd63497f45fe2
TUAB,train/abnormal/01_tcp_ar/aaaaamwa_s002_t000.edf,19948720,934301b4a12dcece5dbf6f0452ea184649888574cc2d27c5586417bde36a21df
TUAB,train/abnormal/01_tcp_ar/aaaaamwl_s001_t000.edf,19849684,b63cbbb1242762a4f03a0e53da14ac756d58c2b9ff6cc54164df6534e6b706a9
TUAB,train/abnormal/01_tcp_ar/aaaaamwm_s001_t000.edf,19866190,1bca436fb4ba80063d76c7fcb09cb97305b8840bb6f1dd8e819ff5ca54310029
TUAB,train/abnormal/01_tcp_ar/aaaaamwp_s001_t000.edf,19915708,f172f789a7585c081ea1b475cf73da2826bce5775cddad013cb175e249bfe04d
TUAB,train/abnormal/01_tcp_ar/aaaaamwu_s001_t000.edf,21507772,626d02da41f09145d31713aed37a22f554722381c08e0486f95327f2d63365f7
TUAB,train/abnormal/01_tcp_ar/aaaaamxe_s001_t000.edf,20509924,651bdf43d4910541f81a59766e69520669dabd6d5d2dcee8fa9ec077c96ec01e
TUAB,train/abnormal/01_tcp_ar/aaaaamxj_s001_t000.edf,19981732,47ee51c7767ac9b0f4a5039a264dbf52fc2fa639913dea8ee6fbae3c474c25db
TUAB,train/abnormal/01_tcp_ar/aaaaamxj_s002_t000.edf,16228642,422aa3543fe2e1b6b3345d45688c1bb068d5a4384c1eb7a8cc7042a22d48a071
TUAB,train/abnormal/01_tcp_ar/aaaaamxj_s003_t000.edf,19350478,2e722b48cc6a1621ab7e92e7f8c1bf9726c997b2f2c6bd345a1a85e78e3dbee3
TUAB,train/abnormal/01_tcp_ar/aaaaamxj_s004_t000.edf,21846910,fcafc70a6594e36102d2ced6325fbd7a22dce548f7be11295f5a139c4104e5b8
TUAB,train/abnormal/01_tcp_ar/aaaaamxr_s001_t000.edf,17457688,4b46840e7aa854a1341ef5f938ebeac4098ea83048130c3ecb58967e34162ce1
TUAB,train/abnormal/01_tcp_ar/aaaaamxs_s001_t000.edf,16687846,4dae8a18c9046d17d963f5a4a681be678f17a01026dcac754359a9fd54bec98b
TUAB,train/abnormal/01_tcp_ar/aaaaamxv_s001_t000.edf,16255654,d6a78bf0a40d276eb5e7b8eea03a95d8d01f1c9f2c8ac1e95afed4cc1cbd02cc
TUAB,train/abnormal/01_tcp_ar/aaaaamyc_s004_t001.edf,19631086,87edbd94377f6de0ba73978ef4ca42bf861a6e26c8f440bac250d1301723b48f
TUAB,train/abnormal/01_tcp_ar/aaaaamyk_s001_t000.edf,16255654,7d8cb9b0ccab02eb06665d2ce20b4e1422cf316d58c22b779ffd25a36a376434
TUAB,train/abnormal/01_tcp_ar/aaaaamyn_s001_t001.edf,15809956,be1b2dc50c12ebfc351700df5f2bae6b192a5b1cc71b36864ab3211896614204
TUAB,train/abnormal/01_tcp_ar/aaaaamyv_s001_t000.edf,16755376,9a4d03202d51b476cc0ad46c0fe2f6d5d67561c971a6e4a029544c95121d601d
TUAB,train/abnormal/01_tcp_ar/aaaaamzh_s001_t000.edf,16957966,62fec6c9de6db880f5d5b82fdf8e1bb213e09fbbc8852b1c04eace89ecbbc096
TUAB,train/abnormal/01_tcp_ar/aaaaamzm_s001_t000.edf,16269160,b80055206f3a3eaa6a51bea4434b600435eb3679e6439a1cd70b513ad967e8b1
TUAB,train/abnormal/01_tcp_ar/aaaaanab_s001_t000.edf,16282666,d83e97e009bb7b9da80722d44e9a7d0289508bf8aa41dce731e02b8fa7475274
TUAB,train/abnormal/01_tcp_ar/aaaaanac_s002_t000.edf,16350196,4936fa1db48bc553eb6ffaa52715647776484580d1e12c5c681b311541585c9f
TUAB,train/abnormal/01_tcp_ar/aaaaanac_s003_t000.edf,16309678,d95bff65a0b26ec4b79e64923372c182172f7574d89e6b5d44ca01bbc8f82c84
TUAB,train/abnormal/01_tcp_ar/aaaaanad_s001_t000.edf,19868700,a2687660e5d509b925db9e463e58bacec6327623c743cfb492d63a48a4dc9bcd
TUAB,train/abnormal/01_tcp_ar/aaaaanag_s001_t001.edf,16404220,718a5361b9bf8042f1cae41a4324bef89ec11169f21346619b633e39d6d257dc
TUAB,train/abnormal/01_tcp_ar/aaaaanag_s002_t000.edf,16836412,f300d6ccad34d7eaba98b79e46163cfbe89fd4daa5cb4cb8171ae5df5b799216
TUAB,train/abnormal/01_tcp_ar/aaaaanai_s001_t000.edf,18767770,1b0f3f524450bd4bd50e15f1337713c20ca9c70b076db191a1fde284e08cee80
TUAB,train/abnormal/01_tcp_ar/aaaaanbb_s001_t000.edf,19848250,ba25886e9e558bc55122ad7faaec0531b83ea1f15c866d4a6d452f5e1fba878c
TUAB,train/abnormal/01_tcp_ar/aaaaanbd_s001_t001.edf,14405332,6e43329635b8e7cc3ebdcf235d800b75f4cdcff9840e81a6788e508505ea469c
TUAB,train/abnormal/01_tcp_ar/aaaaanbe_s001_t001.edf,37334182,81bf34f1089b97bda5b4de20f275b1bdfdfd5ce4713b90772333c5c6e5c71c00
TUAB,train/abnormal/01_tcp_ar/aaaaanbj_s002_t000.edf,16955452,c246dda592fa183306ffd52629a5c9f786cc081f8a2337b401c1229ce70fb886
TUAB,train/abnormal/01_tcp_ar/aaaaanbm_s001_t000.edf,16269160,749ac895493d0d1f38c221859d1aba7ef6ffe5c6aa2b6600a2456e9ab26618a3
TUAB,train/abnormal/01_tcp_ar/aaaaanbp_s001_t002.edf,23695582,910fecf576daef53077cd6e4b3d886e03cb7af9fd6382f3215e0fedeef889cd5
TUAB,train/abnormal/01_tcp_ar/aaaaanbp_s002_t000.edf,16269160,773c18071610f443987e403b6986c066aaf663c889da4a7b722dfebc4e0611b2
TUAB,train/abnormal/01_tcp_ar/aaaaanbt_s001_t000.edf,16282666,d6dd120366201629a2f749c1fb07c70b2743aa1a7239629bed9156fe4e4940fd
TUAB,train/abnormal/01_tcp_ar/aaaaanca_s001_t000.edf,16579798,88cb1e7ff3669e1c186d05e89888077685fb50ed2b01e13b8f63e49723408406
TUAB,train/abnormal/01_tcp_ar/aaaaanca_s002_t000.edf,16593304,5dce4c9577af4fd2685e6181560b1c54bade298f1606ba53af307c760dd2fdcd
TUAB,train/abnormal/01_tcp_ar/aaaaancb_s001_t000.edf,16593304,2ef5632059ca24236386330172460a510abbfddb4c6712893cccdda1c85086ad
TUAB,train/abnormal/01_tcp_ar/aaaaancb_s002_t000.edf,17604868,a4b0a9fe7dc24c9f8614a5b3d2daace048b1c39890bdb823d6c6e28caa27bf07
TUAB,train/abnormal/01_tcp_ar/aaaaancc_s001_t000.edf,16404220,7c369f051337e504d579faee7ced4067aba9f8a04e0e97408e43453688b22124
TUAB,train/abnormal/01_tcp_ar/aaaaance_s001_t000.edf,16309678,f66eb4c52fcb4906579513795fe4aab94581510799960e7686a9adfa49cde6a3
TUAB,train/abnormal/01_tcp_ar/aaaaandb_s001_t000.edf,16471750,255db54e985655ed9895bc641d2d0896403e699a71e2dda94b231b281a5c87ce
TUAB,train/abnormal/01_tcp_ar/aaaaandf_s002_t000.edf,18646216,4aaa32a004d76974ede278bfba2029bc2fe529266f906ab786b3088cf71ba9c9
TUAB,train/abnormal/01_tcp_ar/aaaaandj_s001_t000.edf,20334466,d2e1481f9da3e5f0677b20588ea2e9d726beabfa602a6d8047690de5128edb98
TUAB,train/abnormal/01_tcp_ar/aaaaandj_s002_t000.edf,18713746,652e4506421235df2749fca9e12ddbb297adcef0a4cc509493b9ef4140b2f9dc
TUAB,train/abnormal/01_tcp_ar/aaaaando_s001_t001.edf,13757044,e6fef9b83a7ed8b65e2503fde8acd3a31272af9c13020f630a29e9219e5ea995
TUAB,train/abnormal/01_tcp_ar/aaaaandq_s001_t000.edf,16323184,3c27452ee04554755b4d633948dda673821b4520b7efdde807f59e25e1653958
TUAB,train/abnormal/01_tcp_ar/aaaaandx_s001_t001.edf,22011970,eeea79f6c6d45c714dff3d500075120c4a8e4bbe9e8f1e95964b4e2c65316a7e
TUAB,train/abnormal/01_tcp_ar/aaaaandx_s003_t006.edf,15632912,58ba15452a106f8b576496e5e5d7baf195b847a72add75ed389b860a9fe0a109
TUAB,train/abnormal/01_tcp_ar/aaaaandy_s001_t000.edf,16242148,98fbac8606fa6d2e6a44aea97cc22e53c69c1cadbd8d4861c54ee3ab3a0bcf0c
TUAB,train/abnormal/01_tcp_ar/aaaaaneh_s001_t000.edf,20569000,90ad62bef14e878b978e746bc6a58bbf3a21f189fe2173c86966fb58f01aad00
TUAB,train/abnormal/01_tcp_ar/aaaaaneo_s001_t000.edf,17697770,39306cf0cb14010aaccdc05ecd9b81c7fc7dd8ecba917aaaa561b7837dee58e6
TUAB,train/abnormal/01_tcp_ar/aaaaanfi_s002_t001.edf,21320404,61c206d8b8a57b163d24be78a65dd7ba4e2561437f60e181178d39ee7cbbc2a7
TUAB,train/abnormal/01_tcp_ar/aaaaanfl_s001_t000.edf,17241592,2a70211bc2fbc66262b3415801e07cbab416a290b2363671d60d84837b989850
TUAB,train/abnormal/01_tcp_ar/aaaaangs_s001_t001.edf,16815392,09a38b36b706d7d8c4e8f056d4e7d7c5b15e55f842cbbac507a1ec1c6e189427
TUAB,train/abnormal/01_tcp_ar/aaaaanhd_s001_t000.edf,18092470,b5fa041564dbfe249c98b913bcc7de0dc5b575f1a24dab676d78003a3156fe3f
TUAB,train/abnormal/01_tcp_ar/aaaaanhg_s001_t000.edf,16687846,14cb6b8d6ca3f62a7a318aaf8130c64956aff1543ef040c4a9e5a06166374339
TUAB,train/abnormal/01_tcp_ar/aaaaanhm_s001_t004.edf,42768510,1827e81eb3cf163a86923cb5b79af6381260e1171cb881f8831d4cbdf867f0a8
TUAB,train/abnormal/01_tcp_ar/aaaaanie_s001_t000.edf,16255654,bb5a6ad7500220c024d87344b9ce03abfefa3277b069c901d30609675114a8ca
TUAB,train/abnormal/01_tcp_ar/aaaaanie_s003_t000.edf,17336134,696cdacf634a7a3b5930150c739583cfeedb05cf7c8e4a2632410ce26be812a6
TUAB,train/abnormal/01_tcp_ar/aaaaanie_s004_t001.edf,18379806,cf19677b80b7e94a1fb893eb25db218e1962d2360cb128375cb059575ff0d8a9
TUAB,train/abnormal/01_tcp_ar/aaaaanig_s001_t000.edf,17543704,0916f3ce5899d7ff3487ec7d4ac08aa926d8e121703e28119813623c10ab6b08
TUAB,train/abnormal/01_tcp_ar/aaaaanig_s002_t001.edf,14459356,da08b1854cea8c822e1d2a5e15b2f4f7138d0d1c940e9536d0d808c359bd6af4
TUAB,train/abnormal/01_tcp_ar/aaaaanih_s001_t000.edf,16885422,bd90154ffcb71e599a18cc6ffec1f1e5626296c956f8bd4dd0cc35ab48c10b36
TUAB,train/abnormal/01_tcp_ar/aaaaanjc_s001_t002.edf,17060170,39ad1f64d4a7542436e2d1c6ea6f8c9653f615c2181771a6b4a34c9897fc236b
TUAB,train/abnormal/01_tcp_ar/aaaaanjh_s001_t000.edf,14968966,18e5ecdd39fa2152363207df035b4d6b1905e9269aa3adcbd9863488de0db218
TUAB,train/abnormal/01_tcp_ar/aaaaanjh_s003_t000.edf,18551674,2bac85da1dc4281deab4d3dfebf6b157e4f842bd9d149ba31c420f0391f44473
TUAB,train/abnormal/01_tcp_ar/aaaaanji_s002_t000.edf,20106802,17626be80428e8b759ab58ebe80f3c4ac151d8a0a4df062e010a3f4f3b55149f
TUAB,train/abnormal/01_tcp_ar/aaaaanji_s007_t000.edf,42446372,b217de258196fffd4fe449f7c78aa83331ba9afe991a081fe1385e001ff9b219
TUAB,train/abnormal/01_tcp_ar/aaaaanjj_s002_t000.edf,16255654,328190d7798ef196087480d2bc2f98b6e48cc876bf88e4b89f45dd3cdc3ac90f
TUAB,train/abnormal/01_tcp_ar/aaaaanjn_s001_t000.edf,21793114,8d24b8ae6e2c40890441174f34c24995d1f5d22758886f07884e29430f9cc33c
TUAB,train/abnormal/01_tcp_ar/aaaaanjo_s002_t000.edf,39337408,f8674b40a6b1099d349883ed65bbce3bcfedfc40efa679f83dd8c0748a490545
TUAB,train/abnormal/01_tcp_ar/aaaaanjx_s001_t000.edf,21846910,4f5b4bc18f6580a6b9abbe1d748c9ce697e2960c55b06d08297c99dec691e417
TUAB,train/abnormal/01_tcp_ar/aaaaanjz_s001_t000.edf,21846910,8b94d9cf2da974f68a2c5750f447cd9e2b5bbdeb6972f5711b274bf578372c87
TUAB,train/abnormal/01_tcp_ar/aaaaanjz_s002_t001.edf,17808844,db5be15ba1d3dd26e675c8a6b8420ee6ae8140f9821bc5f772a4cebbbee02f6c
TUAB,train/abnormal/01_tcp_ar/aaaaankj_s001_t000.edf,16843404,453549717f1c800a2bdce548cf6592bbb9d1ec1d579662d9a567d0a26552019e
TUAB,train/abnormal/01_tcp_ar/aaaaankt_s001_t002.edf,39196980,d9327cb65c3fb2f91d98dd2796b9659b1b9c3087635975d42fa20a696926c72d
TUAB,train/abnormal/01_tcp_ar/aaaaanky_s001_t003.edf,20064346,576341e5f5981275b37fdd7a3452db40e5abe1b71427e69b717cdebb5592c024
TUAB,train/abnormal/01_tcp_ar/aaaaankz_s001_t000.edf,16255654,99eb151ed85d77140a7e8b0accd02e471017ffe3f4f904f3cf4698309da4809b
TUAB,train/abnormal/01_tcp_ar/aaaaankz_s002_t000.edf,16485256,3867a484cc1ffe6027add6a66407740eec5b13e216545d682321875a69ad44c1
TUAB,train/abnormal/01_tcp_ar/aaaaankz_s004_t000.edf,16228642,8c64827cf451c50043b735cc9593500a271c0cff8c1e17b557966dbc80bee208
TUAB,train/abnormal/01_tcp_ar/aaaaanla_s001_t000.edf,16836412,eb8ba70990c73da8ffca0fec605671f0175be88305d6666f61347b6f1d5a2aa4
TUAB,train/abnormal/01_tcp_ar/aaaaanlm_s001_t000.edf,17903386,8b74fe54380f786a2ab0ce55f439bb2c30e35066d110d1ca11ae48ffeddd9157
TUAB,train/abnormal/01_tcp_ar/aaaaanls_s001_t000.edf,21090802,47ba7babde1d1a93c08ebc92b303829857778e423067fb87cde9a402b518bed2
TUAB,train/abnormal/01_tcp_ar/aaaaanmi_s002_t000.edf,16822906,9a716e5ab8cb6afc39e9ff23f4c3319c002f4bcac0dbda663f64a18390f4bd7b
TUAB,train/abnormal/01_tcp_ar/aaaaanmi_s003_t001.edf,21665344,df2f89d5f697b571a1c5da32aca1374a57a12a0c2165cb65e9826053b8e076f6
TUAB,train/abnormal/01_tcp_ar/aaaaanmi_s004_t004.edf,25654558,131342a155a031cd725854e762f58e2ec100eb08c114c0c8254b252a047cb017
TUAB,train/abnormal/01_tcp_ar/aaaaanmw_s002_t000.edf,22044982,acd805cc6ccafee6f72c3effff7c2ddf39b41ebfff2bdc075d9fa97426a443af
TUAB,train/abnormal/01_tcp_ar/aaaaanmw_s003_t000.edf,20874706,01d10a9ce399b37c9d8702e06e7bb85875e4357d1fd1e537d2d4664eda1eea61
TUAB,train/abnormal/01_tcp_ar/aaaaanne_s001_t002.edf,20975174,8bc907294863f36494517c98bbfed7b84e3dac0f0b55fd7512e54d686263cf30
TUAB,train/abnormal/01_tcp_ar/aaaaanng_s001_t000.edf,21830404,8ac1524fd0ec9fc0c64fdcfce69b0a2b42c8651ddf8df583a11354033d94b5ff
TUAB,train/abnormal/01_tcp_ar/aaaaannh_s001_t000.edf,24851002,e33ecefd21ef035650ff51e1597bb7fbad715c8a080483aab7d6504037af532e
TUAB,train/abnormal/01_tcp_ar/aaaaannh_s002_t001.edf,23365462,959e74ba9583365743f33ff1f475923bdff99764a38b2355d3b449fbbe9f189f
TUAB,train/abnormal/01_tcp_ar/aaaaannj_s001_t000.edf,40172710,d8b4dc128cd61ed3b1b5cda71d3f870087150ac48430dc447b53b7100ff8e824
TUAB,train/abnormal/01_tcp_ar/aaaaannj_s003_t003.edf,36203960,fbf5d8f038080697519c32572440bea23fb98131dad8dacf6103e6d8318c1e73
TUAB,train/abnormal/01_tcp_ar/aaaaannp_s001_t000.edf,21353336,62ddc71df2d6bf33dea41a8d773da902d6c0ef9301653255269f9b87340be907
TUAB,train/abnormal/01_tcp_ar/aaaaannp_s002_t000.edf,15442804,cb6d310e954326501b578806f70ac53f842a62c58c8260a35b5127a80caf1871
TUAB,train/abnormal/01_tcp_ar/aaaaannu_s002_t001.edf,16690126,33d64ca81927409c8d4cd95337ab533f3b5e9ffb3ad8e9bb1fc6b6c03472cf30
TUAB,train/abnormal/01_tcp_ar/aaaaannv_s001_t000.edf,24817990,a26fee05c102768123b83a1fe95d74c3f50b33b235be677a9a05e40901e08fb3
TUAB,train/abnormal/01_tcp_ar/aaaaanny_s001_t000.edf,16871416,08fb4074204878a73c2e83cfe301a652ef6d1650cba329f748566a61cbb74445
TUAB,train/abnormal/01_tcp_ar/aaaaanny_s002_t000.edf,16512268,577d7745b9e984c8d0e6d1bc94bf530f6e8ca2943b0e04c4f5993eb6e8c8b0dd
TUAB,train/abnormal/01_tcp_ar/aaaaanoa_s001_t001.edf,18694264,564e595e2f9713cfd69eb2d87447b2caab29105fc616342459f7b21860340eb2
TUAB,train/abnormal/01_tcp_ar/aaaaanoa_s002_t000.edf,16242148,6a3037c539a00f05ea402c88926763f2d5e6a21810edab5ab33eb662bc2c77e4
TUAB,train/abnormal/01_tcp_ar/aaaaanog_s001_t000.edf,19348528,de3d7c283939104e71d5c8e9687e5747aa47deadb9143660f9952b8deb5f50c5
TUAB,train/abnormal/01_tcp_ar/aaaaanog_s002_t000.edf,16255654,4357b135b546cd1b3e5b20db6fd60b3fdc0d398f65aded5497e5a228a378d2ff
TUAB,train/abnormal/01_tcp_ar/aaaaanog_s003_t000.edf,121545652,f1a5093cec2926a07ff6552edd8418700bef6222653d096c049b9f2cd304e962
TUAB,train/abnormal/01_tcp_ar/aaaaanog_s005_t000.edf,16885422,d02fea803b89bedda40efa5b019c93bb4aeff2005402bf977a8f47425a4f671f
TUAB,train/abnormal/01_tcp_ar/aaaaanog_s006_t000.edf,23002330,978cd6075f41d5130677009ae083a7fc140f825a94b4d04e203763b6bf13138f
TUAB,train/abnormal/01_tcp_ar/aaaaanog_s007_t000.edf,15161668,4844b09d313b0a487fe86f7c25a0368372796cc92f95785af2f80f6b6285e7af
TUAB,train/abnormal/01_tcp_ar/aaaaanog_s008_t000.edf,21791526,059de3555f3f6e03e2058709d6229ef1ce1999e79875d8b4fa2d8ab36820c584
TUAB,train/abnormal/01_tcp_ar/aaaaanog_s010_t000.edf,21896428,def34c5daca09a33ee811e68caae959317385fbacda56f1dba7c41742092a223
TUAB,train/abnormal/01_tcp_ar/aaaaanol_s001_t000.edf,17011990,d532c0a0140ba3281cb66e58f36651c5f82708bcae8cf06dbae0dedd1c4b209c
TUAB,train/abnormal/01_tcp_ar/aaaaanou_s001_t000.edf,16255654,d8aee92aba78be35ba60fea504fbfc98cfb509a052d241ba6507896a20098d99
TUAB,train/abnormal/01_tcp_ar/aaaaanou_s002_t000.edf,16857410,7d37172cc1af69c9e886813f8c1ba58b859eee93192a3b910268d4c99bd2aeed
TUAB,train/abnormal/01_tcp_ar/aaaaanox_s001_t000.edf,16458244,627ac402e52bdcac3941868d116b2a665329ac0abaf4a7f3fca78e0fc4a8b015
TUAB,train/abnormal/01_tcp_ar/aaaaanpi_s001_t000.edf,16323184,578cfb35ad9b49d94afdb56b0fbe957ae92393ac712b880ca1e571fc5256486f
TUAB,train/abnormal/01_tcp_ar/aaaaanpk_s001_t000.edf,16782388,095de9ca7bbd5d21dda86299138eea36e6064f58deb39ba13af651293fc10b2b
TUAB,train/abnormal/01_tcp_ar/aaaaanpl_s001_t000.edf,19948720,0bc2f50c6ae124e53465195f973b002b89903f47849b067cf254a63079153ce0
TUAB,train/abnormal/01_tcp_ar/aaaaanps_s001_t000.edf,17214580,542fcef517b18f75bf06b82924b207b4378936262937a85cfb5b472401630264
TUAB,train/abnormal/01_tcp_ar/aaaaanpx_s001_t000.edf,19364484,fb41f669ca394f04de04e5ac0b775bf040866d877e50ebdb9d27c26b2dfa0676
TUAB,train/abnormal/01_tcp_ar/aaaaanpx_s002_t000.edf,20922574,cbcda1fcfc52ecabbbec4e301d3e2f9bf089d3580295bf1f053a8a6bd9f4aa73
TUAB,train/abnormal/01_tcp_ar/aaaaanpz_s001_t000.edf,19364484,26c49be166651b6df8a6350e21494644478c73f5ae665011a767bc10d4b2f698
TUAB,train/abnormal/01_tcp_ar/aaaaanqc_s003_t000.edf,21582814,126d151c96f7ac2168e418997de9e29b30d6fee7a314c8098c6af2bf001b1bef
TUAB,train/abnormal/01_tcp_ar/aaaaanqc_s004_t000.edf,17876374,3e69e7b405dc07de361f1d8c42afb69eb91c3defce806e57a2080a10e6999be8
TUAB,train/abnormal/01_tcp_ar/aaaaanqi_s002_t000.edf,21929440,1aab148d37f8bf6a901c31929834ccdef7647382f75210d19f9ef2fde690f477
TUAB,train/abnormal/01_tcp_ar/aaaaanqj_s002_t000.edf,23051848,3db1c275fdf14d2644be900dcd219c29b1c0cea71e2724831db24223bce138cf
TUAB,train/abnormal/01_tcp_ar/aaaaanqo_s001_t000.edf,19294504,8f9da23d7f6f205678331e03b0c11fe60f3d302e8673185ebfc223a5b4e0528f
TUAB,train/abnormal/01_tcp_ar/aaaaanqx_s001_t000.edf,20550562,de7debb52dafca5512610f968520de7ec573c6bf1e2405cb77f4ea8ed209a349
TUAB,train/abnormal/01_tcp_ar/aaaaanqz_s001_t000.edf,22540162,60850af8102712cc875561bd8fcf56c6df2b59cae0ea237a0123cee0824f5ebb
TUAB,train/abnormal/01_tcp_ar/aaaaanrb_s001_t000.edf,22457632,8583b1df617f3b0e893d4f8b87a0cc5a809775b08b3f9e55a2cb79b24d06d804
TUAB,train/abnormal/01_tcp_ar/aaaaanrb_s002_t000.edf,21830404,658abb012d0de3db4b4e3d619e93da6bb35e4e661bbefe11966aa3a9b4ae9c51
TUAB,train/abnormal/01_tcp_ar/aaaaanrd_s002_t000.edf,18524662,d0ae27f02ec6cb7525b373af6fdeb12d6be6303289c32512993e32d2210ae447
TUAB,train/abnormal/01_tcp_ar/aaaaanre_s001_t000.edf,17052508,6fe2d0803c91eb909829cb53f0c9e1f25d6aa55b112aa8dd6b12f11656f17414
TUAB,train/abnormal/01_tcp_ar/aaaaanri_s001_t000.edf,16242148,155f3982a8fc87be503a43bf1b2af80c07183766c9881eb7e99c90d67b282988
TUAB,train/abnormal/01_tcp_ar/aaaaanrp_s002_t001.edf,21582814,c60478f7a469d15e8946ea19548859f1f96a6d520437868a7dacbacfbc3c18f2
TUAB,train/abnormal/01_tcp_ar/aaaaanrp_s005_t005.edf,18832054,8f6367dd9e45974abf6351534a70d94f3bebd07c5d758ed8316dacd34d3ad12f
TUAB,train/abnormal/01_tcp_ar/aaaaansd_s001_t000.edf,19240480,ad0c04f50cd38afce3b8604c3e24e6b970136404a6e2d5720443b5a78857c49c
TUAB,train/abnormal/01_tcp_ar/aaaaansi_s001_t000.edf,16255654,080bf1060bf39b22512c365532caabfe201a0220fd2bfca2426f7b52187de04d
TUAB,train/abnormal/01_tcp_ar/aaaaanso_s001_t000.edf,16309678,7c93371c4ae56333900408199ed082c13623b81d68f02fc308744972859ff654
TUAB,train/abnormal/01_tcp_ar/aaaaansr_s001_t000.edf,18551674,b8ee304a5d968adaaebc92913da30580ddc2b62dedd847cb957f00e0ce9769e3
TUAB,train/abnormal/01_tcp_ar/aaaaantc_s001_t000.edf,16377208,0429352b8a6fed80a12df328a33fb1e4babd2ba979d6866ae3113c4852238d66
TUAB,train/abnormal/01_tcp_ar/aaaaanth_s004_t001.edf,21995464,7fb546fe0d00364ef7e48827a9fbe6c3d8a08e788429ed78d54fbbb952ecbf52
TUAB,train/abnormal/01_tcp_ar/aaaaantn_s001_t000.edf,16997470,6cc27bef15f1e17a4908069348e3761aca971fbeb1d22b0ec2aa6e78bd5af15a
TUAB,train/abnormal/01_tcp_ar/aaaaantn_s002_t000.edf,18902830,459a7b390057f3488f60879b39c1b303be201d4c6228ac56a8dbb927cff7a1dc
TUAB,train/abnormal/01_tcp_ar/aaaaantn_s003_t006.edf,17373784,e08a45ca124af6761eba7f3edc7b1869f06ffea6d91389a980a9753b990c7978
TUAB,train/abnormal/01_tcp_ar/aaaaantp_s006_t000.edf,18565180,37c7d19dd46f7baee45504352c99c5d7e0cfbc7d213f109ec739ca2bf02178e9
TUAB,train/abnormal/01_tcp_ar/aaaaantt_s001_t000.edf,16579798,7157d06859c28256b6f7adc0fb05df59ac6035a74e3dacbff71eae0d937e3947
TUAB,train/abnormal/01_tcp_ar/aaaaanuc_s001_t001.edf,13594972,62f535eb91acb9778354203f9342d10562c4be672c0cc7449a34e95ce664cf16
TUAB,train/abnormal/01_tcp_ar/aaaaanuc_s002_t000.edf,19308010,61cbed23da68c6cc641032b9162d94804d50171d3738533a62150b9c785a3c65
TUAB,train/abnormal/01_tcp_ar/aaaaanud_s001_t000.edf,15620548,7820c4183991c8a91636a97cabc50de09dacaff6d807db9758d1247ea2dc7599
TUAB,train/abnormal/01_tcp_ar/aaaaanud_s004_t000.edf,21879922,c2f6060296809639ee0a0b6ee0ea06aa812043fbf6cbf8cc912addb44d619784
TUAB,train/abnormal/01_tcp_ar/aaaaanuh_s001_t000.edf,17417170,94c73b2333a7e28838507565f4f6ea9c935b658fd103e6cedc15e9cef935425a
TUAB,train/abnormal/01_tcp_ar/aaaaanuk_s001_t000.edf,19213468,7e13f8309172adbe2914c3157523222f9e43c0d620a29b8f8833bf47e2a9cafe
TUAB,train/abnormal/01_tcp_ar/aaaaanuo_s001_t000.edf,16633822,7a87529749910a1066b87ea16dc51375ce7aeabcf1a3d29974a6ec5f0c46503a
TUAB,train/abnormal/01_tcp_ar/aaaaanur_s001_t000.edf,16255654,c55b35ef71080113968eb92275b28a16ceaed993098844358ae2ef1a41b8149e
TUAB,train/abnormal/01_tcp_ar/aaaaanuz_s001_t000.edf,17876374,fdc09703dfbc546604491628d7584132e3f1c34ffa4f68bfdcf6ddc715b138c9
TUAB,train/abnormal/01_tcp_ar/aaaaanvh_s001_t000.edf,14968966,2bb3cf82e0edd0af71addeba6d3ebbb688f5fd8f433a33e4a6db6329f8a6e6c8
TUAB,train/abnormal/01_tcp_ar/aaaaanvn_s002_t000.edf,22941124,5170269f23d1fc687544e1e6330dfd67d5d06ec50c3ac7a58f64c214158d3846
TUAB,train/abnormal/01_tcp_ar/aaaaanwp_s001_t000.edf,19078408,26ec7691d10fb49ef7fbb5949f478a02f2bae419aa23a21e63097d6246005c7c
TUAB,train/abnormal/01_tcp_ar/aaaaanws_s002_t000.edf,16885422,ca52d72096615db295c539b5fd21ab75b022eebef890b3b20a58cf2a3f3b295c
TUAB,train/abnormal/01_tcp_ar/aaaaanws_s003_t000.edf,17767800,c24080e0a46aae3fbd6ecd73f055e3df0e63f084b5728d3fe77803e5767644c7
TUAB,train/abnormal/01_tcp_ar/aaaaanxa_s001_t000.edf,18566142,25a33572400d62a90a53a44cfe689dc8ac3e8431ba51d48625d3b7c7d8e815f6
TUAB,train/abnormal/01_tcp_ar/aaaaanxa_s002_t000.edf,20550562,139844b49296dc3437b5886bc2b0f8d69a77e36b50711678365508167d9a43b3
TUAB,train/abnormal/01_tcp_ar/aaaaanxf_s001_t000.edf,24405340,919d9d1cf363910fcb7a98d8087b11a86e64f4a69affe5aef6a01b8610e54b44
TUAB,train/abnormal/01_tcp_ar/aaaaanxi_s005_t000.edf,17375632,723a2f45d56f4a08e00ddbaaab7bc5841832f5c1ca0bbb20b3d465ed44c82959
TUAB,train/abnormal/01_tcp_ar/aaaaanyi_s003_t000.edf,19519564,3e906d6cdc97ad328fc5c5f339955edb28f93cadd0ebc3ff133c32b9671ce494
TUAB,train/abnormal/01_tcp_ar/aaaaanym_s001_t004.edf,14891548,ecc8c2eedb9b90bbb6631afe071421b91a5560959e7eb6bff0ff2f63535b6b56
TUAB,train/abnormal/01_tcp_ar/aaaaanys_s001_t000.edf,24831964,34966764dd45758c1fcbc04c342c743a9e671cca200d17247cf942a1ac191172
TUAB,train/abnormal/01_tcp_ar/aaaaanys_s003_t000.edf,21879922,bf989a996202eb2bd08b3c993b108edd265abe7bfbb5904f5885b03ccd21fcb3
TUAB,train/abnormal/01_tcp_ar/aaaaanys_s004_t001.edf,21615826,8756e3f110d616aedb090921bc63b85033424acca51746b9b5c3b64cc069708f
TUAB,train/abnormal/01_tcp_ar/aaaaanzc_s001_t000.edf,19105420,0a114bc97b641917d8e655b7bdcfad6dbd5079bc0ea14a1a3c2758c417eed873
TUAB,train/abnormal/01_tcp_ar/aaaaanzf_s001_t000.edf,19037890,d873298750aa56ff3a5e3425d62f4be3442ac8495a23bf2e56873cf65fbed17e
TUAB,train/abnormal/01_tcp_ar/aaaaanzg_s001_t000.edf,17511712,686d28b06b390b06b18ca6a4afa7ceb0949c8bb51ac7da67f9eb6632c855a3c5
TUAB,train/abnormal/01_tcp_ar/aaaaanzx_s001_t000.edf,20010322,b11a37b910e17625f50a5fbddea786bbcc06a346938dd6c82078ba6f858a92b5
TUAB,train/abnormal/01_tcp_ar/aaaaaoae_s001_t000.edf,17066014,838705140d2cde584d3ef9146ee501683204d56afab7fc01971fe46aaa28b44e
TUAB,train/abnormal/01_tcp_ar/aaaaaoak_s001_t000.edf,22375102,346eee5176a8c4e2d69c2a379b25450c6291bbae4bd895014e63b5ffb580c489
TUAB,train/abnormal/01_tcp_ar/aaaaaoak_s002_t000.edf,17120038,1c28af4084e7930d0d9414628b915e1320113b82b57d6ca391a67eea886c172f
TUAB,train/abnormal/01_tcp_ar/aaaaaoas_s001_t000.edf,22622692,95a23b0bf44e69b5e23e031d14a3d3485513a149da07d62eca1d3e2b4abd6023
TUAB,train/abnormal/01_tcp_ar/aaaaaoas_s002_t000.edf,19780720,864aa259809ea01c598279ed93cae2c7a5aecea990ab22a51d26f6e23e84d87f
TUAB,train/abnormal/01_tcp_ar/aaaaaoas_s003_t000.edf,17011990,72ba4f6b5d89cc392ef6759aaf5399edfc5a548164c7c1eb42fdf4a6fe4c03a9
TUAB,train/abnormal/01_tcp_ar/aaaaaoay_s001_t000.edf,15411550,d7267d00a0ff18aec4226ff25cf8a32f3fa623268987919f90fbe1feee147339
TUAB,train/abnormal/01_tcp_ar/aaaaaobb_s001_t000.edf,19875262,1b214a174ec058c26e0a1f3a3ad8491fe3eff12863925233ad4dc16d870563b5
TUAB,train/abnormal/01_tcp_ar/aaaaaobe_s002_t000.edf,20064346,895c45d2564f344f68e971f020f916e456cc62bdb3b3d02d27017ec7a044d451
TUAB,train/abnormal/01_tcp_ar/aaaaaobe_s003_t000.edf,18686734,cfb9544a2528ae718f9daea43253ae39a6975b89bbc4e539ce3feba4dc050abc
TUAB,train/abnormal/01_tcp_ar/aaaaaobt_s001_t000.edf,21681850,85bd231440376f29d8ff5c8902c722d58ec48f5af710514fa013f35d102a19ee
TUAB,train/abnormal/01_tcp_ar/aaaaaobx_s001_t004.edf,21820126,dab90b1cff599aa5e420593acd872f72cc38bce0955d026b03723a8ecf52a915
TUAB,train/abnormal/01_tcp_ar/aaaaaocb_s001_t000.edf,21978958,9a1c4841f362331796d57c814f708f1664bf7250371947a0452019bc844fb3bd
TUAB,train/abnormal/01_tcp_ar/aaaaaoce_s001_t000.edf,19672672,6cf67ae9d2392dca495b5905531dd98af22a0fc5c3b8dc3072486ee753550f66
TUAB,train/abnormal/01_tcp_ar/aaaaaock_s001_t000.edf,21863416,20d9b024ac009eae0849caa75b015a0839028e1d5e6552f9d69b6d0e57ef45d8
TUAB,train/abnormal/01_tcp_ar/aaaaaocr_s001_t000.edf,17916892,be79918fc7d901f068fce9b66737d9bbd945550af042be1bad143f9ba5d66281
TUAB,train/abnormal/01_tcp_ar/aaaaaocr_s002_t001.edf,17214580,2a3e6e504b97a32cb9410a8df7d7073504a72fb46dd9edce0e64b27f9a608c23
TUAB,train/abnormal/01_tcp_ar/aaaaaocx_s001_t000.edf,22077994,349000e1e48b5e38008b49fdf8e7c4a47357e0ccebc5a09a241258ac4b08e28a
TUAB,train/abnormal/01_tcp_ar/aaaaaocy_s001_t002.edf,15769438,0f056152957e93600b4528a25cebc7bb9aa3a65e6cea636f169395b89e239ef8
TUAB,train/abnormal/01_tcp_ar/aaaaaocy_s007_t000.edf,16530304,5a1e9f90ff434eec7d175a27528b135ef6b486bce0ad2753685e6fb3c06ea1c1
TUAB,train/abnormal/01_tcp_ar/aaaaaocy_s008_t004.edf,18347638,87baa7256789c26f5ddc44a7e49820052becfc1e3c3caa00523ae20538b1256c
TUAB,train/abnormal/01_tcp_ar/aaaaaocy_s009_t000.edf,17673784,b16781f5706241a66fdde423143934c033d43a307f4b70d65e7646ac9ba3ba69
TUAB,train/abnormal/01_tcp_ar/aaaaaodo_s001_t001.edf,17579242,87f7eceed57febe7272f5ccaa70e85c7641722a6dea2a904b09df1ed8d68a4fe
TUAB,train/abnormal/01_tcp_ar/aaaaaods_s001_t000.edf,20212912,501ab323c51c8356818fe994b172661e3a95910c688c84bcedf0028febd7bb11
TUAB,train/abnormal/01_tcp_ar/aaaaaoec_s001_t000.edf,21955186,d28948c5b0d1dc2e771d6b00337bb2a12c25e028eb9ec941cb418c00e20ae2d7
TUAB,train/abnormal/01_tcp_ar/aaaaaoeh_s001_t000.edf,21879922,b925bfdd6164b2f221b70a7723d9b6a15be71230f8e6f9b57c3c9a75804ab294
TUAB,train/abnormal/01_tcp_ar/aaaaaoek_s001_t000.edf,22806064,e61ab52f6d38a961483c5e160aa3d46e81d31497a32bf20e50900c0ae75c6454
TUAB,train/abnormal/01_tcp_ar/aaaaaoek_s002_t002.edf,17727808,6eedaf72733e8fb89db5fe3d06cdcaa73cf75bb05c415bcf36fae26a2c5137db
TUAB,train/abnormal/01_tcp_ar/aaaaaoek_s003_t003.edf,19199962,ef12d7c4ca4f0cbdc59fbc692356e354799e870000de59cbba3e24d704daf907
TUAB,train/abnormal/01_tcp_ar/aaaaaoek_s009_t000.edf,17160556,c149e80fe95755d1317682efae5c507937a0a8163dd0e65f1e51d451481ac383
TUAB,train/abnormal/01_tcp_ar/aaaaaoek_s010_t000.edf,17052508,d06d9b5182f514ea093c5d7f7837bba575dd546d2c146b1cbeaf84afd8c40aec
TUAB,train/abnormal/01_tcp_ar/aaaaaoek_s011_t008.edf,30938872,56082f9a047b8597ad69262264ed327d56bb6f8e660d448556a2cf666961a4a9
TUAB,train/abnormal/01_tcp_ar/aaaaaoek_s015_t003.edf,22701892,133393804af349279aa95f0638d8194e0bf614e92dee614114458484df009ac4
TUAB,train/abnormal/01_tcp_ar/aaaaaoek_s021_t001.edf,52314568,3aa30164b2c7b87c84c733af9f8a6a11ec333d36c79e16b550aca7991a19cfc7
TUAB,train/abnormal/01_tcp_ar/aaaaaoek_s029_t008.edf,23718442,1a1a6c2adfc7bd5f908def08e4de1995616f9a4618028166858914d76002c9dd
TUAB,train/abnormal/01_tcp_ar/aaaaaoew_s001_t001.edf,17552230,44ee9ac86f90429571db67f983608eb8bd9906f646fa327ce867881d58e39532
TUAB,train/abnormal/01_tcp_ar/aaaaaoew_s004_t000.edf,17727808,1445c7fd8c93e5331ffe1f06bf05d9b385c2516785ba8d21cb8130092115d3a8
TUAB,train/abnormal/01_tcp_ar/aaaaaofd_s001_t000.edf,18970360,5209e7e5a0dfdb6c44bb21c92501ae0785b06fdb480e29ec7ca8a6f2efab3566
TUAB,train/abnormal/01_tcp_ar/aaaaaofd_s002_t000.edf,21846910,f134988e77d1937d07d3be0e8b2338bb0b1f338d9ebe90cec03655793c7d5570
TUAB,train/abnormal/01_tcp_ar/aaaaaofk_s001_t000.edf,21120646,bdf1874d7b9693e7c9d07de896c6433b226189eab9c6ff798b4e71f36fb6fa81
TUAB,train/abnormal/01_tcp_ar/aaaaaofu_s001_t000.edf,16539280,ce08b9c20647ffb5ef44464015b8a3b44150446ce0e490b5fa232eb59db845db
TUAB,train/abnormal/01_tcp_ar/aaaaaofu_s004_t000.edf,36362710,81711bf1f30d78b7a7f9f40ecdab41fffa03e04ba8abf2b846d31cdfaa2f1f2f
TUAB,train/abnormal/01_tcp_ar/aaaaaofv_s001_t000.edf,20064346,615c435943a8c75e294cbc32a27998da6121a8bbe772e03174a88f581ab19dfb
TUAB,train/abnormal/01_tcp_ar/aaaaaogc_s001_t000.edf,22210042,7ad19a06401d9fd3eb5c617a15876698b3ec7f2563f607c029601206b346ce53
TUAB,train/abnormal/01_tcp_ar/aaaaaogc_s002_t001.edf,15350752,a3aa9b67326c72e28f14cc806b046d63afbeec1b74a1d405986fedb017b13fef
TUAB,train/abnormal/01_tcp_ar/aaaaaogc_s003_t000.edf,17309122,5c5349569b0180275674095818b973777cfa07c538fee86578dc80a7276043b0
TUAB,train/abnormal/01_tcp_ar/aaaaaogd_s001_t000.edf,15448432,62cf8243e4282b346b7e71e62950a324deb1bc67d682cb10707efea7c8291b12
TUAB,train/abnormal/01_tcp_ar/aaaaaogd_s005_t003.edf,15744058,57a229cb25d0b9ca5e6964c29d1fdf71fedb2f109148b0a00b624d41ca79c8ba
TUAB,train/abnormal/01_tcp_ar/aaaaaogd_s010_t000.edf,17093026,832b704a297b6f18aba47836066d9f74fd2128aceafbcdf0b23003bc1c3affc8
TUAB,train/abnormal/01_tcp_ar/aaaaaogd_s013_t000.edf,17066014,2603d201be73dd83fa58c28cd4ca3d4eb82838fff8a5d91eb1ae412076f8a194
TUAB,train/abnormal/01_tcp_ar/aaaaaogi_s001_t000.edf,20307454,c8e53b3b79c5cef0dec2e907f2399eb233a195e10ade8a6592940817d9747339
TUAB,train/abnormal/01_tcp_ar/aaaaaogj_s001_t004.edf,16701352,09e15127bdd486450156839175a89941d0e3ddb5c19e5e292754afd00f6d554c
TUAB,train/abnormal/01_tcp_ar/aaaaaogo_s001_t000.edf,19483588,987e2e537d637ffe5813d8444b0523e5e67c6dc67614f496f1c3f4a84e44d245
TUAB,train/abnormal/01_tcp_ar/aaaaaogp_s001_t000.edf,17525218,c89811e4f7ee44a39c3e677e34645e3bc283b3998e40a721ee7ca51bec158c1e
TUAB,train/abnormal/01_tcp_ar/aaaaaogr_s001_t001.edf,17011990,b6e636db66a0f40bf20627de2e63bc8ccf6769f20965e68d95cd0f5b71dc9ad1
TUAB,train/abnormal/01_tcp_ar/aaaaaogs_s001_t001.edf,15302744,d6ed488d4da14d8cc0a840d8fab690e0a74fe40a2a5e05175b8d6ef689afb7ee
TUAB,train/abnormal/01_tcp_ar/aaaaaogs_s002_t000.edf,18038446,162c4cf55c6b762055af2db20e1c1380b5f4b0304726b8c923597d7fb16e0507
TUAB,train/abnormal/01_tcp_ar/aaaaaohd_s002_t000.edf,21863416,1fa247bed13060e6891075f55e1fe72cae2809b683cad30f3b1c6b9d54663645
TUAB,train/abnormal/01_tcp_ar/aaaaaoho_s001_t001.edf,14108200,78a4fc9bdb85ee13ec2b83a514e448598c06adf9a2b2fad4ecffe1d2bd86708c
TUAB,train/abnormal/01_tcp_ar/aaaaaoir_s001_t002.edf,20939080,6b60aedbcb8f2ef367afba2f79cbf5e1c62860a26004cb807e65ff303987d0a4
TUAB,train/abnormal/01_tcp_ar/aaaaaoiu_s001_t000.edf,23662570,76718ecdfa76463e4aedd16ac846fb8f6dd14f0a2b9e61ad0b991c96045d4029
TUAB,train/abnormal/01_tcp_ar/aaaaaoiw_s001_t000.edf,20064262,47bb466e5e5be4e0f0c18a41d25485502f50121b6504986a84aa9bdf9c672382
TUAB,train/abnormal/01_tcp_ar/aaaaaoiw_s002_t000.edf,22556668,91b41ee02cf5cbd752fa8d57bc0b9345fc8833774e736a087b5e0833b0c55d20
TUAB,train/abnormal/01_tcp_ar/aaaaaoiz_s003_t009.edf,13444510,83841b055d462e16582fe1f3115d7a351de5a537ab94ac8d3ad692e9e6281c92
TUAB,train/abnormal/01_tcp_ar/aaaaaoiz_s004_t000.edf,21693784,c5b18690090f21203dc0ed02d2005f8efa6753d4a5bc3116592bd5c827dab167
TUAB,train/abnormal/01_tcp_ar/aaaaaoje_s001_t000.edf,18578686,f2857aad61fbb2410c833056ec6ba7e80db0390f1a3326bc2e66cfdfb43bdb3f
TUAB,train/abnormal/01_tcp_ar/aaaaaojj_s001_t000.edf,17471194,1e3b8a1ded0dbc0f50a42004eabe512f709791dd179b272793bf4e6ade2773da
TUAB,train/abnormal/01_tcp_ar/aaaaaojj_s002_t000.edf,18295060,0dc8af75b7d8c55a27fa020712add8627c692abc8814089301b2b79a3e041a27
TUAB,train/abnormal/01_tcp_ar/aaaaaojm_s001_t000.edf,17174062,e0d375597084146d221a7bb0be36b5713342bb1a1347f2ab0b5d460dd6f1f25c
TUAB,train/abnormal/01_tcp_ar/aaaaaojw_s001_t000.edf,19882696,490f2388f0a5ec3bc45a6abf4f1c4a6205b324c17c8f8b65391b19c48c59d400
TUAB,train/abnormal/01_tcp_ar/aaaaaojw_s002_t000.edf,20674984,ff4db2bcd30c920538fb203750ea6214f7f685ff71dec7572b810ea9d30669e2
TUAB,train/abnormal/01_tcp_ar/aaaaaojw_s003_t002.edf,20344864,f7bca15a87f0b0bae96f88f3c6374026d5ee3d385fe24a11c423c469e39f8d50
TUAB,train/abnormal/01_tcp_ar/aaaaaokb_s001_t001.edf,22276066,5808a761f15b881607acaaf8580fd0c507ccb287d4ca733b61d8dbfbaadb2eea
TUAB,train/abnormal/01_tcp_ar/aaaaaokb_s002_t000.edf,20807032,fe13bb5998395e5edebd4f7212b01fe3ede2500b0e0ec514c82e8cc285a82db7
TUAB,train/abnormal/01_tcp_ar/aaaaaoko_s001_t000.edf,23745100,813d4b236278b5385afde14cb11a49f4978ff9f9776d2168d43fb33d86e89425
TUAB,train/abnormal/01_tcp_ar/aaaaaokr_s001_t000.edf,20939080,7ecc6586f70d7ccc5c30b8d6db843412ea5e44119f58f9f16b587f2c8c05996f
TUAB,train/abnormal/01_tcp_ar/aaaaaolc_s001_t000.edf,16768882,0410d6619fac103cea73917c5be7621ac41a8a3979c8342acb65f76b11a41ad1
TUAB,train/abnormal/01_tcp_ar/aaaaaole_s001_t001.edf,16215136,667d94da76395da9ae3b28373ebdac45252f60e3c4abfcda4f08e08035bb5c2d
TUAB,train/abnormal/01_tcp_ar/aaaaaomd_s001_t001.edf,19486552,d16a63a958cc11c03e52f4d7ea2de40e73781bb9a6ccac4f9ad7dc9f67de05f2
TUAB,train/abnormal/01_tcp_ar/aaaaaomh_s001_t001.edf,16507260,65a1d631f2de3bfbcda29615580c170be1025fcaac03b4ec1b16412b1101a355
TUAB,train/abnormal/01_tcp_ar/aaaaaong_s001_t000.edf,24438352,8d10dc3fd9f27a5915913721146be3e1e7a81511bf2925c9094d63964bf2a5d9
TUAB,train/abnormal/01_tcp_ar/aaaaaonj_s001_t000.edf,22400884,5fa965d27e0a43c29e2952126b139cfa4d9b3eea408ac9e6bad5e211912cde2f
TUAB,train/abnormal/01_tcp_ar/aaaaaonl_s001_t000.edf,21725584,723e7cdaaee51154baf45b938ba24b3ee0464c4be78447ef323f0cf8372cee40
TUAB,train/abnormal/01_tcp_ar/aaaaaonl_s002_t000.edf,21198850,ee5164335063d1f18e0ecaaad7ee3f0d87c78e4b883d1dabc353d20abb1c6695
TUAB,train/abnormal/01_tcp_ar/aaaaaonl_s004_t000.edf,22193536,2202d95139f9e7003ff823c79b278f73b7e36ee340ee0541636b8cb84eb4fa56
TUAB,train/abnormal/01_tcp_ar/aaaaaonl_s010_t000.edf,17133544,4ab9327570a776cf100f3d972898e63d5d61bad02197cdb9da6b157ed895a935
TUAB,train/abnormal/01_tcp_ar/aaaaaonx_s001_t000.edf,19686178,ad8f95f702f49ec88e41f10501a8a78f7818364a7722ad655cc0c2dda11cabd4
TUAB,train/abnormal/01_tcp_ar/aaaaaonz_s001_t000.edf,20293948,bee8e3d092ef72a578d4ec26fb1f742a0d729310294c9192454ebf977528bf8b
TUAB,train/abnormal/01_tcp_ar/aaaaaook_s001_t000.edf,19198102,e6231b926a4ece379764dc63c6cb2d6ec592c155790d6983b2657bd650b13f10
TUAB,train/abnormal/01_tcp_ar/aaaaaool_s002_t000.edf,21447904,8933dcad81e61abacf1cc285508380b1d9b2441da203dbe75c88f2ce7b4b02fd
TUAB,train/abnormal/01_tcp_ar/aaaaaool_s003_t000.edf,21117814,265b9a09dc0e5942a7d5a2de4bfe83c6dc0a1296cebfca821150bfa686cd3651
TUAB,train/abnormal/01_tcp_ar/aaaaaool_s004_t001.edf,24737422,6938e9ab0916bbc7ed59604648e6b262746b12c66752cbd0c9d886c54fca772e
TUAB,train/abnormal/01_tcp_ar/aaaaaool_s005_t003.edf,19446694,737d62c7e27fbab10d4545c99f56ce8bb7d95c27ea6af2c95f1dee9552ca15a8
TUAB,train/abnormal/01_tcp_ar/aaaaaoom_s001_t001.edf,21023272,07e3caaec54338599a879ae49f6ec63b84d721e8f55104f577b676912f6908b2
TUAB,train/abnormal/01_tcp_ar/aaaaaoom_s002_t006.edf,12411814,5625de7f5d63facf509531f0aa68a8b402e3be737de294553b4afb1415165f13
TUAB,train/abnormal/01_tcp_ar/aaaaaooo_s001_t000.edf,25890880,d44e41571e93d78aaf5fb2db373fae785c19880416a5f25d82743d1fccae6a99
TUAB,train/abnormal/01_tcp_ar/aaaaaooo_s002_t001.edf,41868238,894396f303e3a52a61b732ece4e39c3c56b19528fc2f1a8d256a345e0dc71899
TUAB,train/abnormal/01_tcp_ar/aaaaaoou_s001_t000.edf,21879922,726ec427a8c5261c42c6424e6cc7ca3d57bc25f1b7ada95d0f3383378a953d80
TUAB,train/abnormal/01_tcp_ar/aaaaaooy_s001_t000.edf,22606186,aab437274ad64c50cec6adda8120f6c9587f22ed19c79fb2c326ad3b779542d4
TUAB,train/abnormal/01_tcp_ar/aaaaaooz_s001_t000.edf,22886788,8430108be18650ba806657b2768a055e6e7829fb73f3c9d1fec9be278f12bc49
TUAB,train/abnormal/01_tcp_ar/aaaaaopa_s001_t000.edf,23629558,444367a54d3df87de0f207858750ca1ee3c25823fb8ae043b1301627f47fdd97
TUAB,train/abnormal/01_tcp_ar/aaaaaopa_s002_t000.edf,22969318,54d07ffc9ad97c15caad33d0d8449d86c5d3eefe76c0b52f27cd4114ff30f83b
TUAB,train/abnormal/01_tcp_ar/aaaaaopb_s001_t003.edf,22507150,b604a145b027bc9c3c6fdc4382e603047748c111f7eba1055e3e145f69c5a43a
TUAB,train/abnormal/01_tcp_ar/aaaaaopj_s001_t000.edf,18460870,860f7db0c49691e2a4a3c43429f9d85c82bdebe74eb113cc6b2784506a3740fd
TUAB,train/abnormal/01_tcp_ar/aaaaaopm_s005_t001.edf,22210042,0801b3fef527b7d92ca1349adff72d08adfe9f1e4fdf3b50657ebf2317ef1f6d
TUAB,train/abnormal/01_tcp_ar/aaaaaopt_s001_t000.edf,19378490,e417f4a9b0d2e8455c40ce5646eb754877421442a33fb448b5fbab397e3c1927
TUAB,train/abnormal/01_tcp_ar/aaaaaopv_s001_t000.edf,19406502,9c6f1e4eac2f2a318b028dc4b36d521cb56d307b6f09324f13d7ac51dc89a0e2
TUAB,train/abnormal/01_tcp_ar/aaaaaoqg_s001_t000.edf,18580148,1b96068ddc8bf410339c6183c9c9a7f4d14ff4406262130cf21788b6cc93fcdc
TUAB,train/abnormal/01_tcp_ar/aaaaaoqw_s001_t000.edf,21009766,203537a0ab1e6d3dda8f1d5748c2db7ea5ea246553ec2f56830a1f0f41ac5a13
TUAB,train/abnormal/01_tcp_ar/aaaaaoqw_s002_t000.edf,16512268,f9d6ef70c0d68dd3bbe20cc70c5c3994c6619adb2103bfc7af5427334d11ba9c
TUAB,train/abnormal/01_tcp_ar/aaaaaorh_s001_t000.edf,21698356,adee45701aeadedaa538ff993fa22ca957b85b5b5186139e6818d4ba566e316b
TUAB,train/abnormal/01_tcp_ar/aaaaaorj_s001_t000.edf,23266426,394b441105b2e656d8d8f655d2c4c9bbe4c7bb7bc7842775548adb207f31fb8a
TUAB,train/abnormal/01_tcp_ar/aaaaaorj_s002_t003.edf,13405888,7be9b8bb4b5135eba743f31c42f5947a7aa58d7ad4ee0353594486e12afaa248
TUAB,train/abnormal/01_tcp_ar/aaaaaoro_s001_t001.edf,19821238,27544ae22ec99537dccd167904e82b8b55950a594e6f4b8b9eb4daf0641f95bd
TUAB,train/abnormal/01_tcp_ar/aaaaaoro_s002_t000.edf,16903942,d3f0ab13b8546125a4f8bdc45e29d530873982e019cb94df9fe50127cbe291c8
TUAB,train/abnormal/01_tcp_ar/aaaaaorp_s001_t000.edf,18335578,0888336f6c4e11d1ceed2a3b8d1dd47b7d398a3fd0e484db2d04573ac6561db6
TUAB,train/abnormal/01_tcp_ar/aaaaaoru_s002_t000.edf,20429008,8f8c72466fd7b3cb0517df061d8809a66a3d0b399a0dcc70e332df2a02f18d64
TUAB,train/abnormal/01_tcp_ar/aaaaaoru_s003_t001.edf,20658478,03891fa5b0d61b5715b1e36d89c8872beff898259c2514c0a56022bb7dcfd5ee
TUAB,train/abnormal/01_tcp_ar/aaaaaorw_s001_t001.edf,16444738,e575bff89fc48c1871cf40e93fe6020eadd2ead7aa9b579188378c7ed4d5f422
TUAB,train/abnormal/01_tcp_ar/aaaaaorz_s001_t002.edf,18105976,09e1de3992410f95c3f13cc2196d3914552cdb1c18aeb0191cb888401d0ec7e9
TUAB,train/abnormal/01_tcp_ar/aaaaaorz_s002_t000.edf,18075932,3c5114a6cf27dc1d453023c0f828859a1fa7627be5ff2e7396155f87cee9db20
TUAB,train/abnormal/01_tcp_ar/aaaaaosc_s001_t000.edf,20226418,3ccf3912ee27bd6fc4e50531a14bce0f53b0cf328793c5894fd79ffb036047d0
TUAB,train/abnormal/01_tcp_ar/aaaaaosd_s001_t001.edf,14550970,79ca0cae7aa58eda1148244a9b461abe277416debfe9fa82d280bd733d8697bc
TUAB,train/abnormal/01_tcp_ar/aaaaaosd_s005_t000.edf,16768882,2de2ba8b8050ff85f3cde43c0d4f2d3ec84360d193f7e6afc83804a40108e1b8
TUAB,train/abnormal/01_tcp_ar/aaaaaosl_s001_t000.edf,16890436,6b996c66285d5b1447935423cdf337f956ec94c3564edef66791436167cb5d4b
TUAB,train/abnormal/01_tcp_ar/aaaaaoso_s001_t000.edf,22441402,ce45cdf4314da4943c0d1892c8e0da432dba88c4b3dcbbb749da95942a35ce80
TUAB,train/abnormal/01_tcp_ar/aaaaaotb_s001_t000.edf,24801484,3480056e1c6d2cc913302baea8934459de652efc90e2f7fb46212d648ba1f714
TUAB,train/abnormal/01_tcp_ar/aaaaaoti_s001_t002.edf,16036798,e33c76f60d8f7ec7ee4255510187214f96366621189bc76b644193a3e2290f2d
TUAB,train/abnormal/01_tcp_ar/aaaaaots_s001_t001.edf,16194208,522172f644680b735907d15c5eb2ed7722287e490806e48360ccd97c5f0222b0
TUAB,train/abnormal/01_tcp_ar/aaaaaott_s001_t001.edf,16890436,2673850e567d25025ce77b605b6112ef61a40a02a735260e169cfd86d1c74bed
TUAB,train/abnormal/01_tcp_ar/aaaaaott_s002_t001.edf,15899670,0597d6266f8cd0098a8ae700a2b9c7bd7895bfc90c28fca8dbd7cbb97a8c2d1b
TUAB,train/abnormal/01_tcp_ar/aaaaaoui_s002_t001.edf,18619204,3f299c29aa46a6b3f96042e8db81fd591351ecaed9a07b1ed9ad4446ee968347
TUAB,train/abnormal/01_tcp_ar/aaaaaouj_s001_t001.edf,17511712,b6fdc053f18769d3d6464dc111513268f2c09b6e5073022b1f9eed3fd1b0670c
TUAB,train/abnormal/01_tcp_ar/aaaaaouj_s002_t001.edf,17471194,8ba6104cef72807194510a4a6a9897ff8e05900c9f570da1d5c216ca86230ebf
TUAB,train/abnormal/01_tcp_ar/aaaaaouk_s001_t000.edf,18821794,db99cc8b23b8bfc218a59548d4935bc6cf81b35defca6006bf98c932d4154c6e
TUAB,train/abnormal/01_tcp_ar/aaaaaouk_s003_t001.edf,17511712,16adb182941983338927657a8e39b80dffb2dae4be9611c43874fbdc9b57539f
TUAB,train/abnormal/01_tcp_ar/aaaaaouk_s007_t001.edf,18700240,d070c8505511469f190da9b6a2fac9f15674c0786a17ca27b48d4388542e64cc
TUAB,train/abnormal/01_tcp_ar/aaaaaouo_s001_t001.edf,16606810,f9b6c84b8a67d152ae9bcab80b16def416366a8908bd3151b7dc0f27515a51e9
TUAB,train/abnormal/01_tcp_ar/aaaaaouw_s001_t000.edf,17390158,bfef66e7f4e125c4019333e2e21bbcec26a9340502300e058eaed7bb6b536075
TUAB,train/abnormal/01_tcp_ar/aaaaaouw_s002_t000.edf,19794226,d564665cce7fa3b7aef37959618a60178d8626b48cd4735e0a132d251f0ed957
TUAB,train/abnormal/01_tcp_ar/aaaaaouz_s001_t001.edf,15999040,efe4742fc433a09e26aaa38ba797ba32b5aa63a1302b3acb6969cdc95c8d479d
TUAB,train/abnormal/01_tcp_ar/aaaaaovm_s005_t001.edf,22481954,b02b5f0f112eacad9741945f9083242584d186c48ac8332720d25126d0ca619a
TUAB,train/abnormal/01_tcp_ar/aaaaaovm_s006_t002.edf,13257322,9500b1693300426e31ed8113b549603fcc2e4656331b8d494b373ffa06802251
TUAB,train/abnormal/01_tcp_ar/aaaaaovq_s001_t000.edf,24817990,85c62758417a703456f43d7b764a6481e68e067b64747a453dbcc49e55701a09
TUAB,train/abnormal/01_tcp_ar/aaaaaovt_s001_t000.edf,28795936,e425ea1367ab4be9ed280637df12e95623c8a5cd0a8e55a647f0fc3acfc12991
TUAB,train/abnormal/01_tcp_ar/aaaaaovx_s001_t000.edf,22160524,4c23e8c3d24b5a16674ec928f9b555de570bbc3091232261de7d7563fe6aff3c
TUAB,train/abnormal/01_tcp_ar/aaaaaovx_s002_t001.edf,21599320,455cc216840e8f37626f0b59f3cf4f35c10ba66d198628bf8f9663ad26fb9baf
TUAB,train/abnormal/01_tcp_ar/aaaaaovx_s003_t000.edf,21144826,7a2b66cc076ea39ab620cdf6e84a202037963336d26999c9f5b5c7c3b4acc219
TUAB,train/abnormal/01_tcp_ar/aaaaaovz_s001_t000.edf,21912934,1443122d76ada9ac9ff6fc13176de73488be8521b236145712baa7eb1abd25ca
TUAB,train/abnormal/01_tcp_ar/aaaaaowo_s002_t000.edf,17743734,2e009987a6ada36f109c6615f7923fc56208ac8884e868bce0e1a000830652d7
TUAB,train/abnormal/01_tcp_ar/aaaaaowq_s007_t000.edf,18411562,d93df0e6428d0654d34bd8558f2ef65f19a30dfd459f904e9e301691c950c9d4
TUAB,train/abnormal/01_tcp_ar/aaaaaows_s001_t000.edf,17282110,d776705e317d88b7e0da45115c4d9907cdd75bde35c36848aa0b9e9b8b12c537
TUAB,train/abnormal/01_tcp_ar/aaaaaowt_s001_t002.edf,19794226,ddd4f18392addd231f834058313125fbf4bfdbc9fb4bdd3161443b530f41c03b
TUAB,train/abnormal/01_tcp_ar/aaaaaowz_s001_t000.edf,18808288,c865eb4ecd2a8ac758a450741731ac9be434c2ba9420d60d42815d9f12babc58
TUAB,train/abnormal/01_tcp_ar/aaaaaoxa_s004_t002.edf,25197574,bcf2d72a1d3710e92d6351cbe7ab97754372a6618d42b242740759ba88e47f96
TUAB,train/abnormal/01_tcp_ar/aaaaaoxa_s006_t003.edf,30016822,6aa8f6c53dcf2f4a3692660a94404af9f6413acfbcb959dd414892b2306a9e42
TUAB,train/abnormal/01_tcp_ar/aaaaaoxn_s001_t001.edf,22556668,fc7dee5706247ae233d91fcfe49f4771a59949a3fd8285aa4d87a54970817059
TUAB,train/abnormal/01_tcp_ar/aaaaaoxn_s002_t000.edf,17376652,e3a2a43988b479a3c880381208c4398b0ba0a3ecc04aa6343d489b01d83a3f43
TUAB,train/abnormal/01_tcp_ar/aaaaaoxt_s001_t000.edf,22292836,f573bdc48b0dc6977fc98b830a423ca65f4b8a863bead58cd41d37c079945779
TUAB,train/abnormal/01_tcp_ar/aaaaaoxy_s001_t000.edf,19172950,868d5a9d1c91b4bc5b81f639781dee5000cd3ec9bc2790b2ef491430b2bd3406
TUAB,train/abnormal/01_tcp_ar/aaaaaoyk_s001_t000.edf,22157776,e09dc8328a86f683379671978fc3fc373a537e89e80d7cf184b80685aaaa3f2c
TUAB,train/abnormal/01_tcp_ar/aaaaaoyn_s001_t000.edf,19956298,ea1e7f7d106275d8e2a728fa7bdc3fcd269e4e4a320fb7f802c3d6d97e273da3
TUAB,train/abnormal/01_tcp_ar/aaaaaoyp_s001_t001.edf,18268048,ea33d64db737863685ac2ba15cfc1594660e522df29899ef8979231441390136
TUAB,train/abnormal/01_tcp_ar/aaaaaoyt_s001_t001.edf,37247008,34997d84a5addf4fa65139d8b60568316aaf029f018c52d32540bdba363ce6f3
TUAB,train/abnormal/01_tcp_ar/aaaaaoze_s001_t002.edf,19434514,3c0add2043c9564400771409dd89ac1e3daf3441f132c5ad07d5a8ee01bc0a94
TUAB,train/abnormal/01_tcp_ar/aaaaaozu_s001_t001.edf,16053342,602769e47dfbe07b5e126b47969914a962ba96ecdd688041541cbb5d39119685
TUAB,train/abnormal/01_tcp_ar/aaaaaozv_s001_t001.edf,14849578,65b0c278eba5efaf7720972bd98a13ed7ef4562b2d3c8eafbc6850f72849db18
TUAB,train/abnormal/01_tcp_ar/aaaaaozy_s001_t000.edf,24817990,7d4c7e1fa01a50fa5b0041371d2b5a18dfb842037e030d1d30981eaea5ddfc0e
TUAB,train/abnormal/01_tcp_ar/aaaaaozz_s001_t000.edf,17430676,9f9062c63c555bcdc6b8a77b6d3670820386489afb70387216c8b6c64b6cfd02
TUAB,train/abnormal/01_tcp_ar/aaaaaozz_s002_t000.edf,24817990,f6e322eb15c61cd4a65e52705e421b47fcbd9a998bdd770d779b8f0d27b12efe
TUAB,train/abnormal/01_tcp_ar/aaaaapaa_s001_t000.edf,21117814,67122fb3e5385758e3d8bf05c80d78c9c0ded00caad451fada60194312fa5282
TUAB,train/abnormal/01_tcp_ar/aaaaapaa_s002_t000.edf,25428712,83bc1bef3ff167a10d74c05d8b815674e3da9f41edc05d0a20685cdef038f586
TUAB,train/abnormal/01_tcp_ar/aaaaapao_s001_t000.edf,19996816,91f9abf15e68a80b1060be87a4b76da473748c7fbcf58e9cf8c0f3e6300baa8a
TUAB,train/abnormal/01_tcp_ar/aaaaapap_s001_t000.edf,24784978,6b841da5385375ed504479c3175c9735d64f6be482f3d2160766db4ae0f6d391
TUAB,train/abnormal/01_tcp_ar/aaaaapaq_s001_t000.edf,21009766,d5e873e40311567cd14ef3c986969ae26ab7c510dac4369606b5395fdb87d058
TUAB,train/abnormal/01_tcp_ar/aaaaapaq_s002_t000.edf,17228086,2d1b55f66bb01eece7f7995de581f8826a480438c9206ffc8e5defb50b610017
TUAB,train/abnormal/01_tcp_ar/aaaaapas_s001_t001.edf,20550562,2c422c517a3b4095955b61b23fd0d4fc02b03eacaf088db85f28997f7d762667
TUAB,train/abnormal/01_tcp_ar/aaaaapas_s003_t000.edf,16410934,bd66e83ee639ce441112c34871c45ba2a4ad7c7f2735bb488c7a6ae7291da21e
TUAB,train/abnormal/01_tcp_ar/aaaaapaw_s001_t000.edf,22556668,87f9697433a7e5b3e0186cffe8ec1bb5f09c80a96a1f674dd2199416070571bf
TUAB,train/abnormal/01_tcp_ar/aaaaapaw_s002_t004.edf,28901230,e8e00ebeada787d193c0a8f8d63d6e31bd7f6f70c52c483d02f9be4ae42cc340
TUAB,train/abnormal/01_tcp_ar/aaaaapax_s001_t001.edf,30336466,73a2ab772a6147c8bd9b3c77dfe226335e9e6432894e8b656b4c1d11f14cfa4a
TUAB,train/abnormal/01_tcp_ar/aaaaapax_s003_t000.edf,35586004,69c65c1ea827cb3421612705b3b0bb3d2944a26b516eb3f1afc1dbd6232b00ea
TUAB,train/abnormal/01_tcp_ar/aaaaapbp_s001_t000.edf,22309078,69d1316b77ebe7f1be3b7d4bade52d765d5ac11fb29ca686272499c7a9204be2
TUAB,train/abnormal/01_tcp_ar/aaaaapbz_s001_t001.edf,16768882,68eb4308564bd08821d70f98e5c3e288cb2933e85f42c711ec9bb608f956c2cd
TUAB,train/abnormal/01_tcp_ar/aaaaapca_s001_t000.edf,20023828,88fe59cc368cac008928ed46684dade0e3534f5e6fd918485b88a3873d4130ba
TUAB,train/abnormal/01_tcp_ar/aaaaapck_s001_t000.edf,18254542,e68ccecf89a93a3700d13118c73c458d768b87b4106a9177f4b3052f5eb67d08
TUAB,train/abnormal/01_tcp_ar/aaaaapcr_s002_t000.edf,23913556,94de8dd11edff3589296575945b797373ff5969d03473d142341af21fff38552
TUAB,train/abnormal/01_tcp_ar/aaaaapcr_s004_t001.edf,17141794,bcb65ab2992dc95d3bba5234813429435620afb0d6c7d98ed1853c130dea5984
TUAB,train/abnormal/01_tcp_ar/aaaaapcr_s008_t000.edf,40374538,9293befba7c6e7945be82059a380f3b721eec264a24b3e46ffae0e52ce06de6f
TUAB,train/abnormal/01_tcp_ar/aaaaapcr_s010_t001.edf,265675144,b11c69e35ad93e7178a33f710cae9cac6f5770d15ae6f2b167e6f0618f0b4288
TUAB,train/abnormal/01_tcp_ar/aaaaapdb_s001_t000.edf,22063502,5a328a8dd82d26900c52f5332a2049087abf15747f4f455099b021c6c006a0f2
TUAB,train/abnormal/01_tcp_ar/aaaaapdi_s001_t000.edf,19929286,43eb75769ec88b020dbc110499807e3b4db7415c2cb79b26c6d53dafe311991a
TUAB,train/abnormal/01_tcp_ar/aaaaapdx_s001_t000.edf,23018836,56f7f40959aaaf01a07787774885929bb79bcb486598b5ab8fee8bf6c14e628f
TUAB,train/abnormal/01_tcp_ar/aaaaapei_s001_t000.edf,17916892,f6fda843c669ef01a77db3f5f062f1f84a249fb615b23945e3812506cff3c75b
TUAB,train/abnormal/01_tcp_ar/aaaaapek_s001_t000.edf,21036778,1f7601adf6eeec0c39adc3bd6552f3f574a79cb8f16c876a3515dafa4be6f482
TUAB,train/abnormal/01_tcp_ar/aaaaapfa_s003_t002.edf,136851682,1b9aad317150e55a2565a8806d124eb9edfad25e6cf04b682b300d71b8a59393
TUAB,train/abnormal/01_tcp_ar/aaaaapfa_s004_t000.edf,17039002,842664c495b3d7f45a78c66cec963f34d0e87c1151b6cf9925759b4107d9d455
TUAB,train/abnormal/01_tcp_ar/aaaaapfk_s001_t000.edf,18673228,0970705a43affcc1f5d6d687afc4546c6db5f71ed161ad753c3369680048dcea
TUAB,train/abnormal/01_tcp_ar/aaaaapfv_s001_t000.edf,16674340,05d4cf1ac287e5ed3a86897f6c8480fd3c779413f17988a25236c28d2b426761
TUAB,train/abnormal/01_tcp_ar/aaaaapfv_s002_t000.edf,17309122,a6098360c910072286fd20c421ddb428932f5778f2c04d59d23755c88ab3331c
TUAB,train/abnormal/01_tcp_ar/aaaaapfw_s001_t000.edf,17592748,ae4e705468bcf1d405449275f05c17e32e778c4e5299fee7f40cf7cbaca092a8
TUAB,train/abnormal/01_tcp_ar/aaaaapgb_s001_t000.edf,21928174,dc23de530bdc87a981550cdd3fab5111e0635091061d5a1d0d184503bdd35b99
TUAB,train/abnormal/01_tcp_ar/aaaaapge_s001_t000.edf,19942792,f0748527a2f3e0f11d3eacf27940a9a44159590701da86f72c8c496c0dbe574b
TUAB,train/abnormal/01_tcp_ar/aaaaapgh_s001_t000.edf,22968136,1dc1abda28f48c5a7cff9bdd1eb391fd76bc1af21d2eee0412ef59c0db916fd3
TUAB,train/abnormal/01_tcp_ar/aaaaapgt_s001_t000.edf,23792002,548c26de0761d8d4821e09b2ea857f6cde7543d100359086648b1c0dfddc097c
TUAB,train/abnormal/01_tcp_ar/aaaaapgt_s003_t000.edf,20328358,20e13baed1969f561175298b5091cac60263d2bd104dfa07b86d00581b2b3a31
TUAB,train/abnormal/01_tcp_ar/aaaaapgt_s007_t001.edf,162965134,f4d7f051d7a4ce751d7a2dffdc692de089599114dc3e332fe0834b8fb8c38a7d
TUAB,train/abnormal/01_tcp_ar/aaaaaphn_s001_t000.edf,20840044,144d92955beb6ca1b7ee58b3514d3c7813aa7615f55af20e2f30c1823239a467
TUAB,train/abnormal/01_tcp_ar/aaaaapho_s001_t000.edf,18132988,9f1e705a4ecd5a4a9071626e48f6cb06aaf04d926d12875d9652b9ed7bb54112
TUAB,train/abnormal/01_tcp_ar/aaaaaphp_s001_t000.edf,21912934,402146a48eed75c00a6abf013b5fedaac52e3ec9e6e36899386f25e6ecc2dbb9
TUAB,train/abnormal/01_tcp_ar/aaaaapib_s001_t001.edf,15958522,719ec4969e650f6494b2890ebfbbfd4f8b51ede7064d798dc65dce3d0c2cf909
TUAB,train/abnormal/01_tcp_ar/aaaaapid_s001_t000.edf,16714858,68fbcde7de5d549dc93673461eedd55c6f60c34f701d86ed584b2d4ab6778a7b
TUAB,train/abnormal/01_tcp_ar/aaaaapir_s001_t000.edf,16714858,2169cf38fd900302c5665ec2961918d6c17ea9f0a553351b75343a0f0ba5879f
TUAB,train/abnormal/01_tcp_ar/aaaaapiu_s001_t000.edf,16471750,9f651cc15974f512afa75a1525fb4348e0e984ba15b877907e680e49fe9d3552
TUAB,train/abnormal/01_tcp_ar/aaaaapiz_s001_t001.edf,21698572,e64e38dda9c95a18dabe490cad02c4e8767c03036d1a0aa9479549388c1c88c0
TUAB,train/abnormal/01_tcp_ar/aaaaapjb_s001_t001.edf,22022716,4b482a326ccd229a4270519e404f4f6c61de11afebf35504e4b575c335f3aaa8
TUAB,train/abnormal/01_tcp_ar/aaaaapjf_s001_t000.edf,20023828,fc6443a41a96759717b71950f2bd3d297a00e8c4ee565318b46d83b9b3f0317d
TUAB,train/abnormal/01_tcp_ar/aaaaapjn_s001_t000.edf,22622692,9b5c611f17b907d0a66954c814ecda6dbe112744f23c3fe83dfcb283b8a5dbd8
TUAB,train/abnormal/01_tcp_ar/aaaaapjp_s001_t000.edf,20856550,0b4e5ec4ed999f81d2f3aca4754111b8d180c8e9e5c91093769026e1fcbea1a3
TUAB,train/abnormal/01_tcp_ar/aaaaapki_s001_t000.edf,21962452,e5a4618256c7b2daa1cdb8c10c7fd69de67c3f13108ac2b8714ddf4fb85ad2f5
TUAB,train/abnormal/01_tcp_ar/aaaaapkk_s001_t000.edf,25723360,a0fdbeb248645e276f375f34ddb191a0d48b5209d94af8dfee3636d0210d6dff
TUAB,train/abnormal/01_tcp_ar/aaaaapks_s001_t000.edf,19564624,e83f72885e064d1a37011648bfeb7ae54cf759d4a61652341c36ecdfe960d682
TUAB,train/abnormal/01_tcp_ar/aaaaapks_s005_t000.edf,40712602,9842bd79d6b000c9b289fa249723b3b01a978471b5c4c974b200bd530c0bb0e5
TUAB,train/abnormal/01_tcp_ar/aaaaapks_s008_t000.edf,16728364,8e000d77d6e9a2930c6f9d3145217e912245dba55dbb527d2669a946a41f841b
TUAB,train/abnormal/01_tcp_ar/aaaaapks_s009_t000.edf,21239368,61422781f232987272fe4db00c54a58c46e272b422cad73347e5caa726d96bfa
TUAB,train/abnormal/01_tcp_ar/aaaaapkt_s001_t001.edf,13892104,7421245834a6a1265f2263719f28351389746dc7e6252c9cc055ce58720376e5
TUAB,train/abnormal/01_tcp_ar/aaaaaplf_s001_t000.edf,19483588,234b1388f8613056093e731d025938779818ef46f9a952aca0a1a71f7282a757
TUAB,train/abnormal/01_tcp_ar/aaaaaplh_s001_t000.edf,22507150,04c01b5da560709c13a190a720df5b45c683f2f70e3d470e66aef8fd936f7181
TUAB,train/abnormal/01_tcp_ar/aaaaapli_s001_t000.edf,24950038,2bec5613a15380d59454facf67852594674e94740656fd2401679f4bacfad19e
TUAB,train/abnormal/01_tcp_ar/aaaaaplj_s001_t000.edf,21863416,9dd0a917a757c20395abc81867bc6b099b2a898ab4bb82014028d614ae4459bd
TUAB,train/abnormal/01_tcp_ar/aaaaaplq_s001_t000.edf,16647328,ddbcefa47994ac17fccf775d39aa32e01e7d0b1cc73df0230d8b97b6296a716f
TUAB,train/abnormal/01_tcp_ar/aaaaapls_s001_t000.edf,16863424,ef674d40f4fe35dd6e8248ce3911979b53cc833ac3e50f5cc0afbe31ffef906b
TUAB,train/abnormal/01_tcp_ar/aaaaaplz_s001_t000.edf,21929440,d9e8a8a8642acd1b35a0d659267200a5fdfa5f84facb7bb4893ff94417c14d84
TUAB,train/abnormal/01_tcp_ar/aaaaapma_s001_t000.edf,23827630,50b85773f355bd962b8a00858a8674c62fe3db6bb460337741d2e626dad67b51
TUAB,train/abnormal/01_tcp_ar/aaaaapmq_s001_t001.edf,17417170,8dcf10bfcdd9e59f49f44a915ef319cd960567320e79119c9e8be5f704742f14
TUAB,train/abnormal/01_tcp_ar/aaaaapmr_s001_t000.edf,17201074,20728f82493abf52a42f8ff648789070c996d52f037bf563cc9f726865b334e7
TUAB,train/abnormal/01_tcp_ar/aaaaapmt_s001_t001.edf,21516790,ae30c3e3c77ae849bf0c4c13179ed561f37283c7cfb1d8dc736703b370a497d1
TUAB,train/abnormal/01_tcp_ar/aaaaapnc_s018_t000.edf,18970348,b65a66d2bc5d98d58ae00012f59c4d08ee7d7dd8672e8975c753f575c4de4fff
TUAB,train/abnormal/01_tcp_ar/aaaaapnc_s019_t001.edf,52591156,eaff748c548ccf89023a468c00d27a52f237e00eb60ff49a7f3f44396e89d129
TUAB,train/abnormal/01_tcp_ar/aaaaapng_s001_t001.edf,14837524,1e08b6f436af6cc3efe0ab23a66719c0334f91f45e50edecc9b489e45993e4c6
TUAB,train/abnormal/01_tcp_ar/aaaaapnh_s001_t000.edf,17916892,ccb068e3915ba312a61a35dd7800260fbed55da43c37095c0742aae73852141c
TUAB,train/abnormal/01_tcp_ar/aaaaapnl_s002_t001.edf,31274326,31cf10d03b613e12a7e31ff9497054f355236200e387718dbea8c6f4bc20a531
TUAB,train/abnormal/01_tcp_ar/aaaaapnl_s003_t000.edf,18166332,dfc42e28c94c6ee164c19acc6458f8885b8f7bfb0647d5ef0edf47435e9ae946
TUAB,train/abnormal/01_tcp_ar/aaaaapno_s001_t002.edf,21071128,aa6dd23bd472436857168a27e745a18b5a189169258d12d9a89e003083e83df7
TUAB,train/abnormal/01_tcp_ar/aaaaapnx_s001_t001.edf,20691490,e695a04ece6e1d6c9cebdf2a1fc34d42efbd297515d69f0b502281fc904b1c2f
TUAB,train/abnormal/01_tcp_ar/aaaaapnx_s002_t000.edf,22474138,0dd28a9591bf5d9cac7b3bb25887a9844ba4343da580278f9b03b3d130ea6439
TUAB,train/abnormal/01_tcp_ar/aaaaapny_s001_t001.edf,21879922,a61145e0c277d04bb7c658d2beec7b955740ddb2d629a87c04a91a3f2fb5c007
TUAB,train/abnormal/01_tcp_ar/aaaaapoy_s001_t001.edf,18540100,679a298bf174451e8fbb60684bf563c47bc8fb7cc7880aee81c54602b6467631
TUAB,train/abnormal/01_tcp_ar/aaaaappi_s001_t000.edf,20172394,309d1b433f27a8d7d87f86168703aeb9d9dea34ecb6f8c93ee863f984fdf5c32
TUAB,train/abnormal/01_tcp_ar/aaaaappk_s001_t001.edf,17754820,365077e8bccbbed68612698f10bdd0b00d851b083624d431897e40fad919e953
TUAB,train/abnormal/01_tcp_ar/aaaaappo_s001_t002.edf,17918482,6e4e40130fe23dfa67c8737692ec9115776b1362d4f22b2ff0cfdd66f394bfd6
TUAB,train/abnormal/01_tcp_ar/aaaaappr_s001_t001.edf,29637742,269e833793a6d63e492dcb179790cce648f63ee3dd37120f8725f1169907f6cc
TUAB,train/abnormal/01_tcp_ar/aaaaappt_s001_t001.edf,22094500,40d2e139ed3556b83e088f89bb3745e12548eaefc6af5965e5eb02a945d45042
TUAB,train/abnormal/01_tcp_ar/aaaaapqi_s001_t002.edf,14945572,962117dc52e665f8b668e17d2fbd013b39208f3a56bc0ceb383c59575c99e8e1
TUAB,train/abnormal/01_tcp_ar/aaaaaprb_s001_t001.edf,16215136,561303d040248536de2c712d0cf257060decb28aa68f734d9279eba43bb2d5e2
TUAB,train/abnormal/01_tcp_ar/aaaaaprc_s003_t000.edf,43355812,331db8ab7a89baa037ebd09b7802d1d4fa52cc21352fd1c77623c12590b3986b
TUAB,train/abnormal/01_tcp_ar/aaaaapre_s001_t002.edf,15276316,df64ff6076f73a798e061ba412f3d02887e46751a59f5efdcf22347e9859e9ca
TUAB,train/abnormal/01_tcp_ar/aaaaaprf_s001_t000.edf,17187568,a47e139af8c5fa6bb53d2be4fec4909588233e014d97588aafbbb62e7afec962
TUAB,train/abnormal/01_tcp_ar/aaaaaprf_s002_t001.edf,12989632,9327ce1d90cccea47c6cd504482ebd0a4a4a66c2b0a149d693107e3e9787deef
TUAB,train/abnormal/01_tcp_ar/aaaaaprf_s003_t002.edf,21128260,f8553967b83bf141d4571c01b0986807a3b800301afc80c69f37325303521f94
TUAB,train/abnormal/01_tcp_ar/aaaaaprf_s004_t000.edf,15915604,086808e2a8290795af22afd49d93b5469f2636e03a5b58521e115b214b395409
TUAB,train/abnormal/01_tcp_ar/aaaaapsb_s001_t001.edf,29439670,4244d2581b4e1c8aa31623a93478a93550852d5962ec4bdf9a9ca27746bb7b28
TUAB,train/abnormal/01_tcp_ar/aaaaapsj_s001_t002.edf,33731230,84c2cf9ebe460cee5169e29952136346759282ae9bb9c40326e1d700b7abccb0
TUAB,train/abnormal/01_tcp_ar/aaaaapsk_s001_t000.edf,16728364,dc3a0b3f407992720689bd28309295454aec991cb6a008e1236816cc77396efb
TUAB,train/abnormal/01_tcp_ar/aaaaapsm_s001_t000.edf,16336690,4beab6c07e7be56c986d9155a2a641a99a5140e430f9a71c344daa7d6f31a165
TUAB,train/abnormal/01_tcp_ar/aaaaapsm_s002_t000.edf,16809400,6c63317df4fd3c5c09e949412635ca45f7b26c69eae8f17b10fe49ad32e77cb6
TUAB,train/abnormal/01_tcp_ar/aaaaapsq_s001_t000.edf,16714858,033f67fb86387d1396e55268f2e042fcb615b23923a3878f97ee398c22c9e1f2
TUAB,train/abnormal/01_tcp_ar/aaaaapte_s001_t000.edf,15509902,3c1c676fc9246234c563d0340ec0ee978808e0b29d2c75ef387ca7ccafdee0e1
TUAB,train/abnormal/01_tcp_ar/aaaaaptf_s001_t000.edf,22857946,3de71a6bb39e5981d32ad3760f8f0ed77fea5ce615b3fb34d3598aefbb6e275c
TUAB,train/abnormal/01_tcp_ar/aaaaaptf_s002_t000.edf,16755376,e902d597e75ce19f34a130616aec1263c2905c2ea393307dea8b4791d0ba2af2
TUAB,train/abnormal/01_tcp_ar/aaaaaptf_s003_t001.edf,20488972,a5cc20fb4309e704e8a1f15b7da6a2996c8d536bbe0d977ccaa220392cf96919
TUAB,train/abnormal/01_tcp_ar/aaaaaptg_s001_t001.edf,19001080,324b140e28efee0f57668480459c9c85d1f9a801e06b77054cb05aaf4da0d6cd
TUAB,train/abnormal/01_tcp_ar/aaaaaptm_s001_t001.edf,20509924,5875b68eba703fdcb3aa3113afb8eba0e5a8237e4ff88548541bc758461cd14b
TUAB,train/abnormal/01_tcp_ar/aaaaaptm_s002_t001.edf,15607366,522ad798da7d1800a698c0930edcf7a47fb54ec734e351c83f2929cd8e7ebe2b
TUAB,train/abnormal/01_tcp_ar/aaaaaptx_s001_t001.edf,20955586,8519929737d0343eb8c27cd0a12d8478f8bf0c64f6c0c95d3041aaab4524c53c
TUAB,train/abnormal/01_tcp_ar/aaaaapuc_s001_t001.edf,21632332,961e108b96f9d9ffc430c2a6772d5da8d129eb2e22d55ba3ec8c4f47a418ac96
TUAB,train/abnormal/01_tcp_ar/aaaaapuo_s001_t000.edf,16998484,84cb68cd09990858deba2a7b4c285417c125579bac66a052b7598d3f6fbe0d18
TUAB,train/abnormal/01_tcp_ar/aaaaapuw_s001_t000.edf,17498206,7d68e8dc4da7c3338beb87a5ad88f1a6cd74dee638020868b0a64c1db3ce8a19
TUAB,train/abnormal/01_tcp_ar/aaaaapvd_s001_t000.edf,18011434,0259e94bb4b29b30226fcec13d13b1e3e99d38f0e65ee965951d38cf903aa3cb
TUAB,train/abnormal/01_tcp_ar/aaaaapve_s001_t000.edf,18295060,ac6805fba07958b873d0a444b7ec09c9fbfe61c8e871b5e29ddf43dd8e19d2d6
TUAB,train/abnormal/01_tcp_ar/aaaaapvk_s002_t001.edf,175019518,6acab5ee9b88f9b865c558028f483bb92279342791233a8bf9d7c75fea9d604a
TUAB,train/abnormal/01_tcp_ar/aaaaapvu_s004_t000.edf,18578686,f83d2633229e4f43aa380945150db837fdc747783ebcea7ee57e9fb8d1d0f5d1
TUAB,train/abnormal/01_tcp_ar/aaaaapvx_s001_t000.edf,18916336,def6e5717eddab861b6ed7812bec8d6bf72ba24241d199e9ffd949d129ddcf30
TUAB,train/abnormal/01_tcp_ar/aaaaapwc_s001_t000.edf,15583666,bff015f3709661ec0c8ea485a1f3ac861a36d7a551c328e88b377531ebb78ac8
TUAB,train/abnormal/01_tcp_ar/aaaaapwl_s002_t001.edf,29726548,0601a7a9aa6880163d1ae716b628fc4ef9b9bf7d5022f4f15f76b4a88c1adecd
TUAB,train/abnormal/01_tcp_ar/aaaaapxf_s001_t000.edf,17093026,52b00279e2a776244175c3a5c247c47b68091d9b6a7bf974df7a74f1291542fb
TUAB,train/abnormal/01_tcp_ar/aaaaapxf_s002_t000.edf,44401078,e995756b16c406b92e860379cf50a9ed3ba9aefdd72d767e8851c9a17f7c16bf
TUAB,train/abnormal/01_tcp_ar/aaaaapxx_s001_t001.edf,19800166,0ebf03c194d92bc6b4579012cdbaa9396e5044b20f98ca09c5eb2a7f8afd057d
TUAB,train/abnormal/01_tcp_ar/aaaaapxx_s002_t004.edf,55303732,875448187970042095924c3eadf3629d2c74f6c46bce91d5ca53ec06d5c76962
TUAB,train/abnormal/01_tcp_ar/aaaaapxx_s003_t006.edf,14478204,f18b314b709c4455f417a0f6df82884bd55e487586275b7e7dab36ca1ce5b70d
TUAB,train/abnormal/01_tcp_ar/aaaaapxz_s001_t001.edf,24075220,693456cdf0f6771bea03c1cb3e508229a44d13551dc348172751f2e73be55400
TUAB,train/abnormal/01_tcp_ar/aaaaapyd_s001_t000.edf,16876930,18d68f29a94b66cc84e805aceb20886cb5a88f35317d46ef65817f5645de7428
TUAB,train/abnormal/01_tcp_ar/aaaaapyl_s001_t000.edf,17052508,539302d852380586d3cedfaf3d6383308cd1fd959a45f7e13264c127996d7b20
TUAB,train/abnormal/01_tcp_ar/aaaaapzm_s001_t000.edf,21320404,cf9d47a476d4f623572fb979d8d80ed3ef565b98abb232f5d528da3ab56f56c1
TUAB,train/normal/01_tcp_ar/aaaaaaav_s004_t000.edf,17133544,61d39919f375f7fe1cc66ac7d198ad8703e91071804c47a23cd8122c512f4634
TUAB,train/normal/01_tcp_ar/aaaaaabn_s005_t000.edf,21747874,555f13488718666656ae0fc8c5c012ff95b23078848d118f995bfbd0da947c3f
TUAB,train/normal/01_tcp_ar/aaaaaaff_s002_t000.edf,16350196,5b1d190b96902a35959107bc3603f8fa6c0262186d827b581a68dd1542158e0f
TUAB,train/normal/01_tcp_ar/aaaaaalk_s002_t000.edf,20130286,f6a1d5d0a3f4afe163758794aba52dc9574738574270d07a96cc0bba92c07fad
TUAB,train/normal/01_tcp_ar/aaaaaama_s002_t000.edf,22094500,21deb42e6ca72844a6a9d710ba153d995023c033d95b379880c370fa6be2d36a
TUAB,train/normal/01_tcp_ar/aaaaaanr_s003_t000.edf,21879922,bd8c77f33a8506704c43f2957ddbb9387c74e990f59f970306d2d7ab73304977
TUAB,train/normal/01_tcp_ar/aaaaaanx_s003_t001.edf,19519564,bbb4b3cc99fe27afed929d70a6d5086e367da1bfa8512aeacdcc9142cb19b7c4
TUAB,train/normal/01_tcp_ar/aaaaaapr_s002_t001.edf,19915708,8ec6f6c747593fe59d575e70e7e83731c390c1d654bded0465f6a778a7818d30
TUAB,train/normal/01_tcp_ar/aaaaaaqb_s004_t000.edf,24867508,bc4a264d8a81b05c188cf62c6f5ae01ca746d7319a68ec692c35a6247b5054b6
TUAB,train/normal/01_tcp_ar/aaaaaaqu_s002_t001.edf,21896428,1af724daf671cb97ceddf3e9ed441e1a68e360f4a00464be6ca938533689c025
TUAB,train/normal/01_tcp_ar/aaaaaary_s002_t000.edf,22952812,74d28ceeac1048c6131d869e4000e095dd4ad2cbba06d377f33defe18362b0fe
TUAB,train/normal/01_tcp_ar/aaaaaary_s003_t000.edf,24388834,f8d111bb2cdc6121b5895a431a75545d7b33affcc3d584461b9bb22b8694fa0b
TUAB,train/normal/01_tcp_ar/aaaaaavs_s002_t001.edf,18578722,bd0f8346e7def56fa5e586474616cb649a340f72a955a94c22cd375fa68bf741
TUAB,train/normal/01_tcp_ar/aaaaaawu_s004_t000.edf,23827630,bfada50026518c7863b93a067cd0baf30f107c55387069cc563b4dd2a158c907
TUAB,train/normal/01_tcp_ar/aaaaaawu_s005_t000.edf,20793670,797aa035cc9087861ef66df937cbbfad2776eb7da6597418a9bb82676e444b59
TUAB,train/normal/01_tcp_ar/aaaaaayz_s003_t000.edf,19899202,dd2475a7023c76db0235e7c0284773fc7f82a913d9adfd29cbcf68b7c867a6de
TUAB,train/normal/01_tcp_ar/aaaaabcl_s002_t000.edf,18024940,ea3c9a4603d11863e8e71db2224a195de0dcba4c85956fafc908ff4cbdccd178
TUAB,train/normal/01_tcp_ar/aaaaabhm_s009_t000.edf,16255654,65b3a2b476199da7f2b2e712f2e765b41c5d160dfd9eed7ee33c6a34493761d3
TUAB,train/normal/01_tcp_ar/aaaaabhm_s010_t001.edf,17735116,726fadee9ae6e9b868ba3701d660737ccd12d20e84e8103cda0b6c16a11ef77a
TUAB,train/normal/01_tcp_ar/aaaaabhz_s015_t001.edf,19849684,c9e27e8da53734b5b73e0d3d45331cf1ed4c2da225cf2d0b9e93f8fd303a884d
TUAB,train/normal/01_tcp_ar/aaaaabik_s004_t001.edf,20427394,e522b6e3ce87e1fec99c7110d49645da69844e22235a8122706903e05a12b829
TUAB,train/normal/01_tcp_ar/aaaaabjt_s003_t002.edf,19602094,797dec852852c6d5e8350597ddc88f5654da6d752271135a0cd697a1d3b785f7
TUAB,train/normal/01_tcp_ar/aaaaabjt_s005_t000.edf,17768326,8d27365e32b961e51b8644735f0d278125af3a302bb3a1e401af827fbf51cf05
TUAB,train/normal/01_tcp_ar/aaaaabnq_s002_t001.edf,19668118,0f68973a24eacc2d35f68c69c2e7115f4540e44dde2fb358467551fe7a5ef110
TUAB,train/normal/01_tcp_ar/aaaaabnq_s003_t000.edf,20906068,644c4b4497ed816ba6ee97020518aaa81dbb53c18bbf55c0d7e44eada25986eb
TUAB,train/normal/01_tcp_ar/aaaaabwi_s002_t000.edf,23266426,4c5474a8c5e2a3cd26176ea6981640ac4edbfd2bb1b014c3179ecf30c2344119
TUAB,train/normal/01_tcp_ar/aaaaabwi_s003_t000.edf,21929440,86f3714f653eeadd709d9b9d19cf2a1de215546fe0de0edcd3f4534ca086dbbb
TUAB,train/normal/01_tcp_ar/aaaaabyu_s003_t000.edf,19659166,31d4148b416d1253d5f40d4f5675d789fdc01dd45a460ff1e532cd8f3c435aeb
TUAB,train/normal/01_tcp_ar/aaaaabzx_s004_t000.edf,19821238,0ca4c06d3fa4df73ab525870425ed86b8d1820c23447dd8be08641c925e64ab3
TUAB,train/normal/01_tcp_ar/aaaaacag_s002_t000.edf,18821794,e83fb2a576fec789b9d6b339b068ee230024be488e6a99e87cbc2cde9460c4ae
TUAB,train/normal/01_tcp_ar/aaaaacbz_s002_t000.edf,16242148,d3e27e214fe24bb9addf828b5435d29733200daca3542b07822c58567fbbbe38
TUAB,train/normal/01_tcp_ar/aaaaacdf_s003_t000.edf,16885422,ee83880f28b0825a40c6fb0b935252dc88076efc7e90f8c68eff0e59558c210d
TUAB,train/normal/01_tcp_ar/aaaaacle_s009_t001.edf,19635106,ce4fbf1ae5847b48dd1a3900fa21491f9dcd6d602fc67f9a36c7506a95b0413b
TUAB,train/normal/01_tcp_ar/aaaaacpi_s004_t001.edf,21335224,450b4a537c80a82614adda01f28c1e2a3ed62f880cf4b3c890492a2e8c0f9d64
TUAB,train/normal/01_tcp_ar/aaaaacpm_s002_t002.edf,13784056,f18defb2a1e8421c7b19b1db3c142f65d8c8de9048fee2e8ad9f9caf6ff6fd9d
TUAB,train/normal/01_tcp_ar/aaaaacsu_s004_t000.edf,18740758,1c261b58c4f61bd430906f3d263313807407a466ca7090fdeca68f461e775d66
TUAB,train/normal/01_tcp_ar/aaaaactl_s002_t000.edf,21780886,4e2873b936c0a27c0b1bcab8ed4b936ff2db26eea749e84af6dc120d4270d7f2
TUAB,train/normal/01_tcp_ar/aaaaactm_s002_t000.edf,21698356,dc16bd395642caf74f116b87e324a5265807d4fc1ad09f94c5e8e08727544f60
TUAB,train/normal/01_tcp_ar/aaaaacuk_s003_t000.edf,17095512,f4835d4db725ee4c52687f4034895b96b32185123e052b157128ac4851ec8ab3
TUAB,train/normal/01_tcp_ar/aaaaacuy_s007_t001.edf,21153658,e6dd4a6c1b23d31cc958c3055d8f454939d81db5507e51a8884c25ef7e8276b2
TUAB,train/normal/01_tcp_ar/aaaaacwd_s003_t003.edf,18050530,07c88dd56bf3834aa39c0f3d50dc4cc64cdf74617d73aed72172b92ad5c11867
TUAB,train/normal/01_tcp_ar/aaaaacxi_s003_t000.edf,23844136,5d62fbb51e25f80fd0d5b6c78bb1787134721594436620b71244f63008f044b6
TUAB,train/normal/01_tcp_ar/aaaaacxi_s004_t000.edf,19459510,32c6d6d23259bc34ae1752e51a3248386e773c91f19929769a6e24bb28ac13f3
TUAB,train/normal/01_tcp_ar/aaaaacyc_s003_t000.edf,17484700,1386816cf910976dd927c5a45371403547fbb4018f063f2c89140ec2eba1e030
TUAB,train/normal/01_tcp_ar/aaaaadak_s004_t000.edf,23794618,68baeaafe22c3252e3a541d2c42475546cfd3768ab57a0ca6353f139bcff6a06
TUAB,train/normal/01_tcp_ar/aaaaadbl_s002_t000.edf,19932214,a356baebe7c56689112b91dce36ddd815b6f00b3b69a2188b694c872fd698f60
TUAB,train/normal/01_tcp_ar/aaaaadbn_s002_t001.edf,19783660,acf93e223558ff7f59012f6c8457346b3dd365e079af1097911eb83f176fb91c
TUAB,train/normal/01_tcp_ar/aaaaaddw_s002_t000.edf,16255654,42b9225d16a968b84787a1915748513291fe52e5b04a9f3f6889653a843bbc0d
TUAB,train/normal/01_tcp_ar/aaaaadel_s004_t000.edf,16512268,871e1c94e82af38f2b015b89d07008f6283c2e4074abec0ad98162ea9505ecd6
TUAB,train/normal/01_tcp_ar/aaaaadfx_s002_t000.edf,24619918,268a8f90d5241ddff48b3f8a52e7e4fde6452bb15d5a8a0568b050fc5feee2a5
TUAB,train/normal/01_tcp_ar/aaaaadfx_s003_t000.edf,16997470,3f626c8ca29601e9ca63d9092af94bbdf75fc5a4f9df704d1903082f44bc98a1
TUAB,train/normal/01_tcp_ar/aaaaadfx_s004_t000.edf,17349640,06716ef3575bcf0525e4b4dfdc39716618787d9cfdb2726a9f8747f240b2558e
TUAB,train/normal/01_tcp_ar/aaaaadfz_s002_t000.edf,20064262,644aec2f381f1b4f1ede2ef3510dc3f049b2f8f8e8482ea36931f373b912826e
TUAB,train/normal/01_tcp_ar/aaaaadmp_s002_t001.edf,16849918,a9a9674df6e24d09788bfad4d1d079ac70586c481f12f3c89bf2c6dc306f79f3
TUAB,train/normal/01_tcp_ar/aaaaadms_s002_t000.edf,19882696,0b4d4dd8803bc700941f85168e7fe667bb1c34b17fe87335d9f816aec184e2a2
TUAB,train/normal/01_tcp_ar/aaaaadna_s002_t000.edf,18673228,eda9b9aef8c2110ef16835f1aa42e838b7c9389a318fdad61db98d02b3a34d29
TUAB,train/normal/01_tcp_ar/aaaaadnb_s003_t000.edf,19965226,3242fef3d6ca6e76f8ca96c715bf9207ab0877364fbe02c80816ccb00091f059
TUAB,train/normal/01_tcp_ar/aaaaadqg_s002_t000.edf,19503058,02149df07fc6d71e39beeb71f0e2d158a7955b0226791ca0b61b3549c120c8cb
TUAB,train/normal/01_tcp_ar/aaaaadvk_s002_t000.edf,20262334,151dedc228ca7e8f370f9effe1a2b19aff5578b360d54362a99811eec4d77e74
TUAB,train/normal/01_tcp_ar/aaaaadvk_s003_t000.edf,20699128,49df042f819f75888192dfd8a1340e05a103fc2a316659b7153f565545a3931c
TUAB,train/normal/01_tcp_ar/aaaaadxd_s002_t000.edf,19965226,f58bd531638327702f1b3ac24449ff5528e6f342aa0f43663122a73c46fdfd64
TUAB,train/normal/01_tcp_ar/aaaaadyy_s002_t000.edf,20163298,2d2dca2c3b11d4caa219ae87f185d73dd0bca29e1aa83c031f818f18c6dc3519
TUAB,train/normal/01_tcp_ar/aaaaaebo_s003_t001.edf,18482106,2b35b8078adb1dd46f949da254c46155fa2dd75e0fbcb8aa8bbb09afad6b194d
TUAB,train/normal/01_tcp_ar/aaaaaect_s005_t000.edf,22820764,8055a3d83a5033a7bb5604d89e7a9bdd29a995bb498b5811adc3e7b747e8bde9
TUAB,train/normal/01_tcp_ar/aaaaaect_s006_t000.edf,22094500,196f9cce34a71836650de58c681eec70e7ac4b279e7c7227bd044b47929a0c18
TUAB,train/normal/01_tcp_ar/aaaaaedn_s004_t000.edf,19510600,eaa86db5857c5be2a308f708fdd51642c69aa587c119e1bd6d5828fcd2c48c68
TUAB,train/normal/01_tcp_ar/aaaaaedn_s005_t000.edf,22725028,dadd63d9b433375355b31dc7bd8f8c3544a5d2bdb28a0012043bb7365496ea54
TUAB,train/normal/01_tcp_ar/aaaaaedn_s006_t000.edf,16674340,cfd762dfc73a058e430a5e7e24e801b63571c180854326da6bd364314e9b5ff6
TUAB,train/normal/01_tcp_ar/aaaaaeki_s002_t000.edf,17526032,0485601e3b164f1f55d7ee660ddf8a8f3fe32d5693a9657538d217dcd14a380f
TUAB,train/normal/01_tcp_ar/aaaaaenj_s002_t002.edf,14742982,78b825ff7e38f41b28827f9e56c26f75fbb417ddad7b6087478590dda2bb5dd0
TUAB,train/normal/01_tcp_ar/aaaaaenq_s003_t000.edf,21929440,da945e1198b298e1c9fe3b2586f7a6f585871794230a9bf5a39ac248706ab2b4
TUAB,train/normal/01_tcp_ar/aaaaaenq_s004_t005.edf,16377208,8c00dbc9b655697523894343263ff8dfee30d2bb14a9bef69a81e0f35189b5be
TUAB,train/normal/01_tcp_ar/aaaaaenq_s005_t008.edf,34394210,84c12f9e9ecec25136a8149a934ff9950b90609c8b4e33426d71b0b77c695822
TUAB,train/normal/01_tcp_ar/aaaaaenq_s006_t002.edf,54269710,a122c8551514eaddc0885f495c7e7f00396cb589674d653f21c7979f219865f0
TUAB,train/normal/01_tcp_ar/aaaaaeoe_s002_t000.edf,16309678,0e43a2bd1fabb588686c58ba17f767f45b04b6abb48cd748c5be9d7e8b4a0c57
TUAB,train/normal/01_tcp_ar/aaaaaeph_s004_t000.edf,20526430,32b052dd925aebb65e6c6680742da3bfe4832bd5d05c908b483cab1c06841432
TUAB,train/normal/01_tcp_ar/aaaaaeph_s005_t000.edf,16377208,0e54d2da2be9d3f45a34152eff8ae3e6255a2d25ce69ec221010092564673fed
TUAB,train/normal/01_tcp_ar/aaaaaeqq_s003_t001.edf,19866190,77722964a6050449b69258eedcff23c033fbde69bb6b31602865ddf170af7e8a
TUAB,train/normal/01_tcp_ar/aaaaaeqq_s004_t000.edf,16269160,aea540d2c7d410488014076058f438638018f01b5fdcc403a57bba960cdc7e49
TUAB,train/normal/01_tcp_ar/aaaaaetn_s002_t000.edf,21982198,ee3515ba1b0f352875076e264d9ff8ed673bf368b423fe0b53f70f80f22e47b2
TUAB,train/normal/01_tcp_ar/aaaaaeug_s002_t000.edf,23282932,8a30bff1a7850b2a26d361d74d998a04dc587479c7bbbf7bc2c40a34ffb17f4b
TUAB,train/normal/01_tcp_ar/aaaaaeuq_s002_t001.edf,18724492,3ae9b0ba12a9ee233d30f03ef24e3264793f34041087978474ece0f8eb770660
TUAB,train/normal/01_tcp_ar/aaaaaezl_s002_t000.edf,22820764,4a225e13c2bb14bd0a13f59d1b884ccf01f704beb8be3714e984c341c10946dc
TUAB,train/normal/01_tcp_ar/aaaaaezv_s002_t000.edf,19932214,05ec85b8fd866a7ae840a5ce3a142256897c495613b239b2488b348991766dbd
TUAB,train/normal/01_tcp_ar/aaaaaezv_s003_t000.edf,22837270,57afa514eb5de92db2a4f79cafde0531c550dba7d93af8c289bc2cdae5ef201e
TUAB,train/normal/01_tcp_ar/aaaaafdh_s004_t001.edf,19486552,8b7d6b4c0d58f10c486307d844c8244cf89c82b35da88a0dfc254ef3568b883c
TUAB,train/normal/01_tcp_ar/aaaaafee_s002_t000.edf,17052508,0c1e6af8dc8457830413d2259618ad48f9bb3e57072666e61bec3275f8b908dd
TUAB,train/normal/01_tcp_ar/aaaaaffn_s002_t000.edf,24223774,49578c1ab24027281a307639ace9a649bb8c81a71ffc60d70577eb3b79aa06c7
TUAB,train/normal/01_tcp_ar/aaaaaffn_s004_t001.edf,44077960,483d77d34f32ef75e197940c0545cedd7498e66222243e5deb45b6a6d7090445
TUAB,train/normal/01_tcp_ar/aaaaaflb_s004_t001.edf,19651612,5a0197767d332ebd3fd82eed00add3a69f8acc7b9865a09f3cb77990cdc2071b
TUAB,train/normal/01_tcp_ar/aaaaaflb_s005_t000.edf,20293948,5d4baee86f4cd74ff68c429618d583d2052f88c4cd5c2cc43ad7f4d60fafad26
TUAB,train/normal/01_tcp_ar/aaaaaflq_s003_t000.edf,21879922,348e72cd7dd5db5ad1a586e51d0018e8f18258a3a740e680063e68801f28217b
TUAB,train/normal/01_tcp_ar/aaaaafwl_s003_t000.edf,17322628,5a5fbd1494013a4d16c9f82ddb9271be9511c39a46c1959362134ac8cb2b5110
TUAB,train/normal/01_tcp_ar/aaaaafyi_s005_t000.edf,21009766,7d559bddb670d705beb8dc93efe26f78677134cf69bbd62fd3939d1b61dff930
TUAB,train/normal/01_tcp_ar/aaaaafyj_s002_t000.edf,20510044,2dca560e33cb5f05e0ff145ad62059b51877531b0c90a8e47ef535ac0164eea4
TUAB,train/normal/01_tcp_ar/aaaaafyz_s002_t001.edf,18038446,658a0dab4b5eef28fbe9e47e15d1586b01d79de34ae92a60699e493d27871c0d
TUAB,train/normal/01_tcp_ar/aaaaafzl_s002_t001.edf,20377876,65c6fd85573b6accede0585f99d31cbbc32d03f05c6d0b8229cf5fe2997807b5
TUAB,train/normal/01_tcp_ar/aaaaagfv_s002_t000.edf,21549802,ae919c48916166c61f3261b07722eb089e935a964b4b5d2dae14069becb2ebdc
TUAB,train/normal/01_tcp_ar/aaaaagfx_s002_t001.edf,19618600,79290d5d23967c98d90879b5058e0294a5dc87e2b0b1cae7bb05062dd5daf5fe
TUAB,train/normal/01_tcp_ar/aaaaagmh_s002_t000.edf,17093026,cbd84faa40cb05411cae7eb1682d3a90b4c4866a697f71e355ee73ac97b85f47
TUAB,train/normal/01_tcp_ar/aaaaagph_s002_t001.edf,16213134,b2a4544c3d6ae6db8ce12f118cca6e76bcec4a5e3e4b74a95d6602d13341621d
TUAB,train/normal/01_tcp_ar/aaaaagqf_s003_t000.edf,20278840,151f5efeba9b8e43d31dae2740bd8d3130550fc88ff4f1dd36786d803cc93295
TUAB,train/normal/01_tcp_ar/aaaaagwa_s002_t000.edf,21104140,dd156902ec006bd52a7a574eab2addbb1dad88f748f9917654e5ee4d07820f89
TUAB,train/normal/01_tcp_ar/aaaaagwa_s003_t000.edf,17646772,20dc0b7c15554c61e9c037ed3335995bc24030b2d9fcc4a72daf57ccdabfaf5c
TUAB,train/normal/01_tcp_ar/aaaaagwc_s002_t001.edf,14999596,10979db255f7db530172e2c4b7d0744803bfc7977ab89688fe0dba5b3e96ed0d
TUAB,train/normal/01_tcp_ar/aaaaagza_s003_t001.edf,19362034,b5715533ac5b223fd52e9d77bfa8252e43a10b2632ba8ed58b39ae4a98323e73
TUAB,train/normal/01_tcp_ar/aaaaagzp_s002_t000.edf,19618648,d6525884b08594a4dec90c3550e945ae69c8bf1a7e8e5762239b25dcce88329d
TUAB,train/normal/01_tcp_ar/aaaaagzq_s002_t000.edf,19866190,c216a612c4ef6900b1fedf03951f5c7bd3803bb89a4b7b809fd326f171d511bd
TUAB,train/normal/01_tcp_ar/aaaaahht_s002_t000.edf,19866190,07944bf6b62b12bb53b8206f52c501673bf90e912fedd144c6d25476dacb7275
TUAB,train/normal/01_tcp_ar/aaaaahjk_s002_t001.edf,18230362,d6075b15f5a19d9c47b05f9f4580e43268c4b0d14d89a89946bace9baf5cc7ac
TUAB,train/normal/01_tcp_ar/aaaaahju_s002_t000.edf,20097274,746b9ae88fdd761bd099c8bf6295e6629038e52fe925b87b00b29a47843610a0
TUAB,train/normal/01_tcp_ar/aaaaahms_s002_t001.edf,19651612,a98e68d77868f60d615a6a136ee919de270a1c30d359966f65c85f772235fd51
TUAB,train/normal/01_tcp_ar/aaaaahnl_s002_t000.edf,21846910,bc60ca9e191c80154e438a037f86c14d4da8b0aee9500ff6448aa45ddd1fff5d
TUAB,train/normal/01_tcp_ar/aaaaahoa_s008_t001.edf,19684624,465e9891df14473916837d57b76adc67200218200ee6b9de216dccf4e1579cd8
TUAB,train/normal/01_tcp_ar/aaaaahok_s003_t000.edf,20097274,7870f24439693a39bfc8d1fc8a9d20d0061a2dd01b8adb0d74353d96a8075f88
TUAB,train/normal/01_tcp_ar/aaaaahrd_s002_t001.edf,20262334,7f4eb72834dbe86f33e3b20b93f96160764a8cc2375dbfbc1b98a94554fc2895
TUAB,train/normal/01_tcp_ar/aaaaahsy_s002_t000.edf,18767770,88d01048223ebc80b9adc2509346010f481e2aa8d69c034f38eea6a273948cd5
TUAB,train/normal/01_tcp_ar/aaaaahue_s003_t000.edf,22573174,e4d8d62c123ce949a966cf5920b479bfa95d590e8ff73e6245aea55337d0b501
TUAB,train/normal/01_tcp_ar/aaaaahum_s002_t000.edf,23101366,bcb4085015bad7566998607550dcf97cbcd5797b154bc41e1a82908d615409a3
TUAB,train/normal/01_tcp_ar/aaaaahvi_s003_t000.edf,19605142,ccd2f66cf21edcac0a3a9522e24a1cdfe39e4900db9fb7155e7b3cd244696619
TUAB,train/normal/01_tcp_ar/aaaaahxr_s002_t000.edf,19267492,46093bc39d75fd8b9b76071550afceaa3210375084e79a538ddbb86cbc12471c
TUAB,train/normal/01_tcp_ar/aaaaahyd_s002_t001.edf,19420528,ac4a838cbe934294f968a5d36f8bc6dc3c29bffc17c1095421108327cfc49375
TUAB,train/normal/01_tcp_ar/aaaaaibk_s002_t000.edf,21830404,36f8461358b34002a6d109805a0f43dc4483ade5e123686fb94ce1931b4fa7dc
TUAB,train/normal/01_tcp_ar/aaaaaibr_s005_t000.edf,17241592,4c88786c0318fff53ed7f1b539a1be3c540e27f13101333e967b103da8f39151
TUAB,train/normal/01_tcp_ar/aaaaaicb_s002_t000.edf,19882696,261291855c62978c4bc57db60ad9aa895e24d0321481b5f086df9f1d2aac6903
TUAB,train/normal/01_tcp_ar/aaaaaicc_s002_t002.edf,57929026,4048c5d9084a77bb4ce27ba0cd8eb3e523ede4abe705721eb86dfc2a3d9c49bc
TUAB,train/normal/01_tcp_ar/aaaaaicc_s003_t000.edf,18430120,5f8593fe444e3311d9e7926a1e6b911b3af1712156703e345cdf19a19dd9a690
TUAB,train/normal/01_tcp_ar/aaaaaicc_s004_t000.edf,79415710,188e27ff6d1c74e7ed00cd693b0991b28ca9f14fbb971ffbb22f60ccc2973424
TUAB,train/normal/01_tcp_ar/aaaaaicc_s014_t000.edf,31917710,e54853e35dc72e041f7b89d777e289820d5edbfbf9cbb017debb3c2f5490b029
TUAB,train/normal/01_tcp_ar/aaaaaifx_s002_t000.edf,17767800,c53e6e982c8c745b64f89453eceadb7d01be354edd587838d6aed413fa9b39d2
TUAB,train/normal/01_tcp_ar/aaaaaimb_s002_t001.edf,19717636,45fd8da570807a6026e8c43f9af93962f5bcdf511aa233bfab78729427b28bdd
TUAB,train/normal/01_tcp_ar/aaaaaimu_s002_t000.edf,21863416,60e9f3411a1456a4448c3d50812875a5c00f8645f77f387340dd9e568e7e9203
TUAB,train/normal/01_tcp_ar/aaaaaimz_s003_t000.edf,18713746,535675ad3ff74e9248546c29ddd03ba9e358a28379c5c625569bcbc0f9af6aa2
TUAB,train/normal/01_tcp_ar/aaaaaiou_s002_t001.edf,22011970,b8703173b649630c01a9542544cba6e53f7f952fe584ddfe0c66bacefb57ac41
TUAB,train/normal/01_tcp_ar/aaaaairk_s002_t000.edf,17487680,4d1b3f2e63aa0d6b7c8f7abdd434bd75a6550c474aba9f1c361261737d3e0b6d
TUAB,train/normal/01_tcp_ar/aaaaairn_s002_t000.edf,20757514,aedb2bcd12e948784ffd0a7f40d31bb073d84c48e92a427f5bd34424ef704ef2
TUAB,train/normal/01_tcp_ar/aaaaaisc_s002_t000.edf,19899202,55f49f83700462f0d99e1a981f58fac26578ab538e50dd7eafe7e35bc63f116d
TUAB,train/normal/01_tcp_ar/aaaaaisv_s003_t001.edf,19437034,85a2754b3488af82ad4b62d6ad9be6197b63be7fb2951b4b9d4e25d7392f9ca8
TUAB,train/normal/01_tcp_ar/aaaaaith_s002_t000.edf,49676026,9323204dac1056ad94b0b899e3d458527a4012fd64e3dda6b442fd3bb67fe3a3
TUAB,train/normal/01_tcp_ar/aaaaaith_s003_t001.edf,59381554,ea88ecb75c5c42efea12a52654db2af8ed78d9460f25cab3a0eae7e3d1162162
TUAB,train/normal/01_tcp_ar/aaaaaiuk_s002_t000.edf,19537612,3e3bb486cc2e211e4f455e22fb02691f1b689133aab9ca572ada238890c8726f
TUAB,train/normal/01_tcp_ar/aaaaaivg_s002_t000.edf,27128830,8b5e8b641221f1e753708b68a5592f4d2c0fcde3e091c9e9f028903ddec64efc
TUAB,train/normal/01_tcp_ar/aaaaaiwp_s004_t001.edf,21549802,00014c18ffdcf2b98a566d42435f4105cdf68931b9265d1e5640395b016b4ea9
TUAB,train/normal/01_tcp_ar/aaaaaixg_s002_t000.edf,16296172,3126de71b821b2410de19eb2bdef6f16fa638d1e503adcc761e2aba9ee97c8f2
TUAB,train/normal/01_tcp_ar/aaaaaixl_s005_t000.edf,16444738,a6bd8032f69c75a8eedb8180f82b2f9ed711dc26b96e1ba31c82fa4f4c367ea9
TUAB,train/normal/01_tcp_ar/aaaaaiyg_s004_t001.edf,20377876,1a68304a0519fa0b91a824809f04b36a8c8e33bf4c7bc60870cbe2ccc588c1a2
TUAB,train/normal/01_tcp_ar/aaaaaiyp_s002_t000.edf,20113780,95a72cb0893a507a15b78f9ca70b65b0ceef7ddc086bb1d530e06038b1e5d541
TUAB,train/normal/01_tcp_ar/aaaaaiyu_s002_t001.edf,19635106,a599b75016140b7448de295fcd8d4a577508c23c483307fdb9f7f4f5491af8f4
TUAB,train/normal/01_tcp_ar/aaaaaizb_s003_t000.edf,16269160,7301cce32f017fe1453d87fcce169565ba3182cdccd2e06408e1b6afa96c72a9
TUAB,train/normal/01_tcp_ar/aaaaaizx_s001_t001.edf,19915708,79cc8ca04f21c6a886ec195ffbc789e5994967a712a0315331f1329fe3e71bc7
TUAB,train/normal/01_tcp_ar/aaaaaizx_s002_t000.edf,19866190,d6c37a09772840de894af50f83430f7c0edeb218c9ff2a77dbb66b9ad225edc7
TUAB,train/normal/01_tcp_ar/aaaaajab_s002_t000.edf,17025482,9de6832c45f8ee58f9ee978cb9404ad0fa748cce15fd25a484005bc81472b697
TUAB,train/normal/01_tcp_ar/aaaaajbm_s002_t001.edf,19387516,e86cbcb03751bf5e10e2520913f6c8504e14c3030069d5eb702b4042fae30870
TUAB,train/normal/01_tcp_ar/aaaaajcb_s002_t000.edf,20443900,663d1cfe484b271833e87c07e8c7dafcfca99e4a043b78baabd129fc548e815f
TUAB,train/normal/01_tcp_ar/aaaaajcv_s002_t001.edf,19734142,8f14ae4af570b35085313e92c0f09392250899459f26ba1e56e2ddc080747354
TUAB,train/normal/01_tcp_ar/aaaaajdk_s002_t000.edf,22725028,b3b2dc4b576db00de1ace0b8b29b7bb4ced7a7baab30e1c7694dcddc1ab9393d
TUAB,train/normal/01_tcp_ar/aaaaajef_s002_t001.edf,19123420,a400a4f051ee25102ed757272458be60b72126191bbfee809498c016e91d143c
TUAB,train/normal/01_tcp_ar/aaaaajei_s004_t001.edf,19569082,43fef8922bf039078cc5005a11ddba1e0e0818a806dbcac8c753998841ee206e
TUAB,train/normal/01_tcp_ar/aaaaajex_s003_t002.edf,17703904,d2bb9ed94e9aba87f391d3a38576ec95a3b28d18bded9d212db915a567fa92cc
TUAB,train/normal/01_tcp_ar/aaaaajez_s002_t000.edf,20174020,48473c33d2506840ba55574f0efa1d683437d5c4de5bfe7647c4d7bef000144c
TUAB,train/normal/01_tcp_ar/aaaaajfk_s002_t001.edf,19668118,ba7a0ad497d7d258d0ca0cb81dd67265fefd5581c80b2152f44d1434b95498f0
TUAB,train/normal/01_tcp_ar/aaaaajfo_s002_t000.edf,20014744,cd0862cd3e028016525774d67e887654fcd55602b7acd8b85dc6f69f603063d3
TUAB,train/normal/01_tcp_ar/aaaaajgj_s003_t000.edf,23794618,d49e3eb6da9711a15063bcb4abff91d51a3b883d24d660825eb4268ded25b8eb
TUAB,train/normal/01_tcp_ar/aaaaajgn_s003_t000.edf,23943172,5fb715f1ed5897d329280789bfe64b8aaafae1424a499a867f4407ef1a6cb68a
TUAB,train/normal/01_tcp_ar/aaaaajif_s001_t000.edf,19866190,c29056842438d7c61d1a3149eb929bd8050527bb092eda3f86d4a5cc97ad2368
TUAB,train/normal/01_tcp_ar/aaaaajik_s002_t000.edf,20625466,7d1209cc6b31699ee4a909f5fc5fa250030fe153def828fd60abf2e8cd06e3c1
TUAB,train/normal/01_tcp_ar/aaaaajiq_s003_t000.edf,20856550,5605d6ad988000a9bbb5d78f9df15b9170bc912363bd39f0a0a483ed6a0b4f15
TUAB,train/normal/01_tcp_ar/aaaaajns_s006_t000.edf,19090408,39fbde3a622818a9ed3a79ee9b549a4472d9bc6f852ff7e8d1b800a671ad567e
TUAB,train/normal/01_tcp_ar/aaaaajnt_s001_t001.edf,21285706,dae7ecb9a471fdc75f4b306e0d7a3bcab7fbea388a62f7b091c5575f000db907
TUAB,train/normal/01_tcp_ar/aaaaajnz_s001_t000.edf,20410888,92c576c7e1a1946a098ab564b53687fa0fa3b765d3d4d36b7a61299046d76f4e
TUAB,train/normal/01_tcp_ar/aaaaajod_s001_t001.edf,19536070,2ae11cd173fcbd29bd7e210935721eecf7cc7d0116c7a1a9164a2b3fbb253666
TUAB,train/normal/01_tcp_ar/aaaaajof_s001_t000.edf,19866190,4f97d9f96ec8325e3276cf43d017ae482a00b8d631634663a9982d87d6cf8673
TUAB,train/normal/01_tcp_ar/aaaaajou_s002_t000.edf,21516790,1c47d7e034a4287c99130112ea520903183528de006a240371d66d20fb9355f5
TUAB,train/normal/01_tcp_ar/aaaaajou_s004_t000.edf,19866190,a49ebe95f6d17eb9930baab9454ee501fb136c973f883a0eb8a1e51aeb42675c
TUAB,train/normal/01_tcp_ar/aaaaajov_s001_t001.edf,20262334,38612c6a1cf549fc5da1991973066cfc8a33583121b3597a46b050f94cb246ac
TUAB,train/normal/01_tcp_ar/aaaaajoy_s001_t000.edf,25725820,ab0e6fa974db24c6862cb30e6d64da4bb694d9d8d292dcf5264a6f5ab80d3433
TUAB,train/normal/01_tcp_ar/aaaaajpl_s001_t000.edf,20113780,7fa1a25401d892a77e61ba79d33aacd9ffae330eaaa03805b365e6a81c7c6b83
TUAB,train/normal/01_tcp_ar/aaaaajpo_s001_t001.edf,19750648,9d20e4d2b56d6a63ddfd94dc49672c65e74f6bd06c04b6a958df8c3ff54e1a22
TUAB,train/normal/01_tcp_ar/aaaaajpq_s001_t000.edf,19849684,a41e88c4e8d9ea368bcf9624a76d4abe72e74d7dd8dae02b6acf3ea8840592ec
TUAB,train/normal/01_tcp_ar/aaaaajpz_s002_t000.edf,19849684,abd22bfe55e427a86ada13e7a7f89898a0747c88d12d13caba8e027b30eb66cd
TUAB,train/normal/01_tcp_ar/aaaaajql_s001_t000.edf,19849684,1bfd01bc5b2f3fdee412015937f1916d092755862dfc98a2d7db86d4fdac3468
TUAB,train/normal/01_tcp_ar/aaaaajqn_s001_t001.edf,19816672,bb384f8ac186e5c9c2c94c560908b56e1a087f6a9412b0a18ebc65e06bc06453
TUAB,train/normal/01_tcp_ar/aaaaajqr_s002_t000.edf,16485256,0dc9d2fe443c942f31930088577ef59edb32fbb7c664f2e9940fec3e3d701f4a
TUAB,train/normal/01_tcp_ar/aaaaajqt_s001_t001.edf,20922574,f37b4ab175b46a1f30d1ea34103c8b8e3c934005bdf3d956684706497b285a6b
TUAB,train/normal/01_tcp_ar/aaaaajqx_s001_t000.edf,19866190,287816004345cd1a2c33a31048eb2a5a1307354b4804f17deb84b3a9e275c4df
TUAB,train/normal/01_tcp_ar/aaaaajrb_s001_t000.edf,19882696,21fd6f22b6816d4585abb34ad4a94839490ecef4631b2bb8bcb828fe314a5321
TUAB,train/normal/01_tcp_ar/aaaaajrj_s001_t000.edf,19899202,093fd42ba4416f33b5be1823447b6ebb03de4e0d5e37059b90c6c7cc7bb16a08
TUAB,train/normal/01_tcp_ar/aaaaajrj_s002_t000.edf,16899428,0482dd40f90393df8373af86045842ac336ba1bb76189f25758d71b7ec4f3908
TUAB,train/normal/01_tcp_ar/aaaaajrq_s001_t001.edf,20047756,55ee22c83b8abdee7374e22880a534edfa52a2ccf551b86d15fbcb0b2aaf5783
TUAB,train/normal/01_tcp_ar/aaaaajsg_s001_t000.edf,21318718,30c21ae2094b8f99814ad37f98b3db205dc74e0ae4a211ce66c97ffaebb752a5
TUAB,train/normal/01_tcp_ar/aaaaajsj_s002_t000.edf,20047756,433b7a35e5efcfd93ee116f13a3c74213872f5bfa308d32faddda6631c9c165b
TUAB,train/normal/01_tcp_ar/aaaaajsk_s001_t000.edf,22474138,e34f34631174a70e509f1d1804533c96adc635d9e9134f52c20631104fda195c
TUAB,train/normal/01_tcp_ar/aaaaajst_s001_t000.edf,20939080,6cfe52303187c4179438a5c8c4d0464108446efd43ade5482f6123d991051ff1
TUAB,train/normal/01_tcp_ar/aaaaajti_s001_t000.edf,20757514,02a902e243984a6f704b7f43f9d89195d6458e7a7f1929fd2a395725c9b1ec5f
TUAB,train/normal/01_tcp_ar/aaaaajtv_s001_t001.edf,19585588,1909f40bcf92a3f11cd286b24d409f9cbd43de4903e514b935368e0e1c9aa824
TUAB,train/normal/01_tcp_ar/aaaaajud_s007_t000.edf,19833178,4777ce90d58be56b95d63492daaac2ae51e2327593ed148d7db3cc5297f521b0
TUAB,train/normal/01_tcp_ar/aaaaajup_s001_t000.edf,24157750,671115cfa89609c04544b360d7e86c3e064e34da1e62fb2c19019c361590af5e
TUAB,train/normal/01_tcp_ar/aaaaajus_s001_t000.edf,25296664,38c0e967e638de6254c8181e5609f9c2f095c54f88c778ba2a5a5f2ee709f03c
TUAB,train/normal/01_tcp_ar/aaaaajus_s002_t000.edf,25791844,4d721a33cc2d781963ec8348795977edc2741735e183128ab28bea387d85e8a0
TUAB,train/normal/01_tcp_ar/aaaaajux_s001_t000.edf,20130286,185d1fa882c3b9f1b5effcd7611766e243130e3b2c97a89929ec28e3e14319eb
TUAB,train/normal/01_tcp_ar/aaaaajvc_s001_t000.edf,20972092,e9e629d2b42c7b76af884cb87913f09f93bf471cf4cfbac66b332f633795ba08
TUAB,train/normal/01_tcp_ar/aaaaajvd_s001_t001.edf,21681850,f51f58767f1e81a4c94fbb1cf1229699d6ecbcb355c8c5509d9af0b64855aa18
TUAB,train/normal/01_tcp_ar/aaaaajvf_s001_t000.edf,16746556,f5abdedbfd7aff66cb00242e16add631cd7ff99cd80f69d22f66ba0d110749c3
TUAB,train/normal/01_tcp_ar/aaaaajvg_s001_t000.edf,20064262,7e906753d702747a4117e2ad70b8b8d0fade7fc3aa61016d853f18a25943f8d3
TUAB,train/normal/01_tcp_ar/aaaaajvi_s004_t000.edf,13608478,319752694a9bb3ca1c5c8d1eac52d6994f914d38fd956af03bba04ac19526751
TUAB,train/normal/01_tcp_ar/aaaaajvj_s001_t000.edf,20080768,c312580f969eebaafd565edd5c3e5069bff0063abff4ddbb48e19fcb9430ffb7
TUAB,train/normal/01_tcp_ar/aaaaajvp_s001_t000.edf,21285706,ad0e3197b352a1f89caedad0b54cb69882861ffec61538d2fef5a18e2c6be970
TUAB,train/normal/01_tcp_ar/aaaaajwb_s001_t000.edf,22044982,468947084c1776edfbb9307a6a87b2c8ac2280810c9542f69e1303179ca5351e
TUAB,train/normal/01_tcp_ar/aaaaajwg_s001_t001.edf,20707996,2a37eb0f9e0d6558c7802cf18acab981b0142069fc1d6e673e97cf09fb3c8814
TUAB,train/normal/01_tcp_ar/aaaaajwi_s001_t000.edf,20509924,db4de1c0d9a41b7df20ede54c73a88fc3273dc1778527264a125b6ee20309d75
TUAB,train/normal/01_tcp_ar/aaaaajxk_s001_t000.edf,19965226,8d2a7096c8afb117a0a6a2bd728c1425105f58e7e8909b73b41f245e9712715d
TUAB,train/normal/01_tcp_ar/aaaaajxz_s001_t002.edf,18694264,ace822bceaf6dcd46ed2b10baf255f72ea9cbee3aa9a4609a6bed0a79eda3a53
TUAB,train/normal/01_tcp_ar/aaaaajyb_s001_t000.edf,19849684,9c59f9f665937a4927cde746182b81720d88f6782c63b1b121e52d14dce08a47
TUAB,train/normal/01_tcp_ar/aaaaajyg_s001_t000.edf,19866190,448fa42a8327afb9eb8bebba6ded98a145b435883cbb2880fd0b2081d3d08a2c
TUAB,train/normal/01_tcp_ar/aaaaajyg_s002_t000.edf,17849362,56387687793e2eb753484c44d0e1058496705e63f1832bfb1b9970f5f2bb490d
TUAB,train/normal/01_tcp_ar/aaaaajyr_s001_t000.edf,19866190,352f6789384e916225a75ecc7a6fd40c2b355f14843f639e3c25db45ad43ed09
TUAB,train/normal/01_tcp_ar/aaaaajyu_s001_t001.edf,18991372,3888eede23cadfed8982524016101a371458c3b56d0224b88fa98ebe880dacf3
TUAB,train/normal/01_tcp_ar/aaaaajyw_s001_t001.edf,20427394,7a88be66111a7b8a1a212da49938d618cf0b523a6a6dacefff788f6af1dbd027
TUAB,train/normal/01_tcp_ar/aaaaajyy_s001_t001.edf,23481004,fa8642ae5774da034e1e56156f9d22ab5a7a141d1a880c0a9cff0f44ed35222f
TUAB,train/normal/01_tcp_ar/aaaaajzb_s001_t001.edf,20163298,07f558152df3f5ddd35bee0ffccf0ca6d8921e2fc88e718778c82e620d8e9936
TUAB,train/normal/01_tcp_ar/aaaaajze_s001_t000.edf,20196310,f983234278a4007457cf5b002e6fc89dc396640f843aff809d743639830d796a
TUAB,train/normal/01_tcp_ar/aaaaajze_s002_t001.edf,19569082,60aeed93c9081d7630cb723e72ee0563d74adc282bf78d66907478aea05dd943
TUAB,train/normal/01_tcp_ar/aaaaajzf_s001_t000.edf,23381968,db7059f55152bc8a20dfdff8295f3a67798c904341c4767ac8d49406d8ce31fd
TUAB,train/normal/01_tcp_ar/aaaaajzh_s001_t001.edf,22523656,e049dbffb4a7a48d786b31b130366288a00614bb2ba9ce0a3ea820bf879d3410
TUAB,train/normal/01_tcp_ar/aaaaajzm_s001_t000.edf,20906068,fae9f1a5bbafdbd4daa26f5baacb653cdbeb395bafa97e41a59295e85c88df6f
TUAB,train/normal/01_tcp_ar/aaaaajzm_s002_t000.edf,19849684,8a1fc01ce1184d5cff9186f3c8778139d4039c5411c76fcf6f314f766d3647b6
TUAB,train/normal/01_tcp_ar/aaaaajzm_s004_t000.edf,19998238,6d8e8a82346a7fc15622e1a67d3b26e41b7e5b7753131497da25bd63a2917eba
TUAB,train/normal/01_tcp_ar/aaaaajzo_s001_t001.edf,19552576,a780557ef5cdd8869c9b980303bd3e04abc0b34f34781759a615125673392869
TUAB,train/normal/01_tcp_ar/aaaaajzw_s001_t000.edf,19866190,1a872dd8e05839664ffb85c8d025e07525927c866ca8eb98727644bc417ebd23
TUAB,train/normal/01_tcp_ar/aaaaajzz_s001_t000.edf,21846910,1ddde7d0ac037814887da973e357cc4f6d33fd25080b21106e05647f4cc489fa
TUAB,train/normal/01_tcp_ar/aaaaakab_s001_t002.edf,19602094,6bc9b03156e94224ee1a7a9d9928abad6c0dae6a7b7d4a7dc24c523e2ace6808
TUAB,train/normal/01_tcp_ar/aaaaakag_s001_t000.edf,22936306,7e63b3a10443c8268de501be3c4b66a306e012d64bbdad0005399d27601c1603
TUAB,train/normal/01_tcp_ar/aaaaakak_s001_t000.edf,22936306,c821289ccf3c1a53048ba64feb6722a4e3a414f35124a9897e1189eb0e3e4aac
TUAB,train/normal/01_tcp_ar/aaaaakan_s006_t000.edf,19899202,8f5c4c6cb2020134b7cf53daff61614372863adaf8af32c14cd0e99ad23b3777
TUAB,train/normal/01_tcp_ar/aaaaakba_s001_t000.edf,19866190,0f4b31e8068f1a537b9e43197353c58d0223852672e859d111304db9290c3e1f
TUAB,train/normal/01_tcp_ar/aaaaakbb_s001_t000.edf,19866190,bef1f6865094f084d352db2da8cb57bae83648bc324428851f9543ea5bb6c0b9
TUAB,train/normal/01_tcp_ar/aaaaakbc_s003_t000.edf,21846910,90950c6b6a6cea8a103c787f33ab9ee2bce6c2b2987ba13f34f3454a020efe98
TUAB,train/normal/01_tcp_ar/aaaaakbc_s009_t005.edf,18300416,03d0f8253e66ee7d5a63509edefb0a504ccdcc589d4a6265057a0f17efcf5433
TUAB,train/normal/01_tcp_ar/aaaaakbd_s001_t000.edf,19866190,785713d47fbc3100cabf2b2847257207d3ad4ba7f85750ee03cbe5b3d1565c3e
TUAB,train/normal/01_tcp_ar/aaaaakbg_s001_t000.edf,20113780,6113ba268cfede7ee2294100e2616e9b91d055dc6111bff65c9e95b9609f0199
TUAB,train/normal/01_tcp_ar/aaaaakbi_s002_t000.edf,17430676,20549654e4e6523cba30996a5b77f0af73f1d9a85fe48c4967e397bfa5eb7630
TUAB,train/normal/01_tcp_ar/aaaaakbj_s001_t001.edf,19552576,1d62e15a37f6d69c11d54f81d51f363fb1e8044b094ad8ce477eecf6fe8333ba
TUAB,train/normal/01_tcp_ar/aaaaakbk_s001_t000.edf,19866190,a64ee0b1c5715ebce4b11fdafaefc7c3fe25041a77c56e5fe4416d61faf7e41e
TUAB,train/normal/01_tcp_ar/aaaaakbn_s001_t000.edf,19899202,2cb998826f5280b4aaf2979b7775fb28c7ba643d0ab5eda6f75567f81679e20e
TUAB,train/normal/01_tcp_ar/aaaaakbo_s001_t000.edf,19882696,f7983b83319a25ed0fe8fc0685cdece8cb263d73dedd54230422e0bd79623547
TUAB,train/normal/01_tcp_ar/aaaaakbp_s001_t001.edf,19585588,11988adeaa65f303ff22342d75332ae563f5a199175d46a671d9ab90ddb1537a
TUAB,train/normal/01_tcp_ar/aaaaakbq_s002_t000.edf,21434260,063be197f20738228c0432cc6d5238f1f7b24b6774a8e0765200642993002971
TUAB,train/normal/01_tcp_ar/aaaaakce_s002_t002.edf,18808288,9460759318b73fda8446d9c7aa77132622ac113f45d889f2a0f7e72da9e3c959
TUAB,train/normal/01_tcp_ar/aaaaakcg_s001_t001.edf,21137152,f3b843769925ebbcbc3f68516f3f459d94a9581504c89599d2fcd147e09047f7
TUAB,train/normal/01_tcp_ar/aaaaakci_s001_t001.edf,19602094,266eabbd093c060b7094f5085be343bf471bf3307049ab118ae53dc700006acb
TUAB,train/normal/01_tcp_ar/aaaaakcj_s001_t001.edf,20047756,cd963d3e6f46dd0e0cf85f4ef7f1039ce007c230f6a1d89b01f49577ca795a09
TUAB,train/normal/01_tcp_ar/aaaaakco_s001_t001.edf,20278840,388a1c59a38ce6e5c628fb89bbd2220c5fd0be785b504783206b69b58aaa2e56
TUAB,train/normal/01_tcp_ar/aaaaakcq_s001_t000.edf,22936306,527f36725563fb49af653b609445d8d9b4c2ef3d82e047c6c317f0552dbc6902
TUAB,train/normal/01_tcp_ar/aaaaakcs_s001_t001.edf,19602094,f9ecbe0ede51f1960f90254f62b078eee70f965a5575a120d6cd000537206bff
TUAB,train/normal/01_tcp_ar/aaaaakda_s001_t001.edf,15937762,31066f4afbc1b11804daa5ab8319af22cf3118b1adbeae4022811d07c62a1852
TUAB,train/normal/01_tcp_ar/aaaaakdc_s001_t000.edf,24867508,9051df0ba838b62ed2ae19aa4fdbebd73bf9fe8107edc366b40642be8558eaac
TUAB,train/normal/01_tcp_ar/aaaaakdm_s001_t000.edf,20064262,a3badab10044db5896d985f823fcd4c3eeb4794e370995a26787088e639d11fd
TUAB,train/normal/01_tcp_ar/aaaaakdq_s001_t000.edf,20130286,d37d4f20f2ade15ded77c9e45dddbc15589ddd7b3c9f5ea51b2fb8daf852ffc3
TUAB,train/normal/01_tcp_ar/aaaaakdu_s001_t000.edf,19849684,784614d3649e6854cb31dbe1a8a8f1835c0e45f0d6540c9d05d713e2fc55aa4a
TUAB,train/normal/01_tcp_ar/aaaaakdy_s001_t000.edf,19915708,0273f19e910e9201e1544eb7216cb36b17ff40b2725d778983a71f9f4c002788
TUAB,train/normal/01_tcp_ar/aaaaakek_s002_t000.edf,19965226,4832cb37ca39877dc800592016fbe60d2718209f5a9f964adfc3937eaea165f5
TUAB,train/normal/01_tcp_ar/aaaaaket_s001_t000.edf,20179804,21f3efe7172e16de204635db6589dea4e187e775a096afd756f07e73b31cb7e3
TUAB,train/normal/01_tcp_ar/aaaaakew_s001_t001.edf,19998238,ad00490e111bd2e5ec2feb4d9c52354403c543f1a787f159581017140b806ee4
TUAB,train/normal/01_tcp_ar/aaaaakfp_s001_t000.edf,22820764,ca25fa5758a48503c21dc71eb839ce1cc4c260219b4db7df6b372d9010a774de
TUAB,train/normal/01_tcp_ar/aaaaakfv_s001_t001.edf,19932214,8f266191029642e91097ddfeacd989bfa81eb6b37d99fbabd718d81ea4bcc3a5
TUAB,train/normal/01_tcp_ar/aaaaakge_s001_t000.edf,20856550,6aaf81cbf1350a88e5558406c95a81daa0fe3c6a71dd3e2b17373bc2c20eeb84
TUAB,train/normal/01_tcp_ar/aaaaakgg_s002_t001.edf,20526430,b0c988f8514548d75db874c479c8ca2576bc9821ea2c612125952e29f19bc597
TUAB,train/normal/01_tcp_ar/aaaaakgk_s001_t000.edf,19866190,8a8cc88c485c1fa9a38e219fc1f22a3faf94f684c86ce65f2abc713a3122b0ae
TUAB,train/normal/01_tcp_ar/aaaaakgq_s001_t000.edf,19965226,5efa497514e78324fad50f8be8055964f0eb87a4eee669ecc092f8cf143115d8
TUAB,train/normal/01_tcp_ar/aaaaakhg_s001_t000.edf,23893654,49a0bc75e18fab9595b5067d7aabe43e874123dca30bc4d806d7282152b4ae29
TUAB,train/normal/01_tcp_ar/aaaaakhi_s001_t001.edf,19486552,c68e31c08b846ac620685eacf58eab322a23faf4280c68b4c1a018dc9fadf7ec
TUAB,train/normal/01_tcp_ar/aaaaakhj_s001_t000.edf,19866190,339638f356f7853e8674d4b486de83547c718450a2e3640d36d418c59abada21
TUAB,train/normal/01_tcp_ar/aaaaakhl_s001_t001.edf,20179804,a188118cc633f4db5db410287c0dd2983357414f5fd2d1fedce97265377f33ef
TUAB,train/normal/01_tcp_ar/aaaaakhn_s001_t000.edf,23101366,b34211adbf70e9b48e5369bc67fdf5573eeed78fa1a6d1aeea6e8662a1decf73
TUAB,train/normal/01_tcp_ar/aaaaakhp_s001_t003.edf,18941854,03447e99371771063c4c87c4bde466c52199df7a25d87b0aa90a69eeabb9f563
TUAB,train/normal/01_tcp_ar/aaaaakhp_s002_t000.edf,20163298,95b064d4c27450c87f9ca0984a01da609ac2833f10adc34a87e1843b01b79929
TUAB,train/normal/01_tcp_ar/aaaaakhq_s001_t000.edf,25461724,4e68c93af85bb5e239d168c0df8e2ea4d949337d0fa31621fc98ae949302c5a5
TUAB,train/normal/01_tcp_ar/aaaaakhr_s001_t001.edf,19668118,769fd302063d1fba1c6c2628e96a2fac5b6a0a933a35f77ce7fb916822e9fe87
TUAB,train/normal/01_tcp_ar/aaaaakhx_s001_t001.edf,19701130,83dd39bc514494501737b05cd93253986e0b7163df4041961a996bfd3253da6a
TUAB,train/normal/01_tcp_ar/aaaaakhy_s002_t000.edf,21685066,049af2102917603bf7698ec146f822f3b890e7eb4be951a6cc16e8b84dc54c71
TUAB,train/normal/01_tcp_ar/aaaaakid_s002_t000.edf,19807732,30703024236c2467bcd236985f9515f07e0e52b1884aa285a100552fddab0844
TUAB,train/normal/01_tcp_ar/aaaaakif_s001_t000.edf,19849684,f91283ad7c570114dafeb377a63a22435bcd5282ee6c44b5d56c2f0bfbf54c0a
TUAB,train/normal/01_tcp_ar/aaaaakif_s002_t000.edf,19882696,fcfbdf9730f7a19e8c63726011e15529a0f8491a8a1bed44cff546c7d7eef80f
TUAB,train/normal/01_tcp_ar/aaaaakig_s001_t000.edf,19849684,ca039a07607edb0799d7014991e80054053956638b764960f856c5cec178db55
TUAB,train/normal/01_tcp_ar/aaaaakik_s001_t000.edf,19899202,2044b11b9239ed7c3b3d60f114d81ca7e6dda7b249061c9d5fa3d8b12390c8f4
TUAB,train/normal/01_tcp_ar/aaaaakik_s002_t001.edf,19882696,44ea5364348cc94e721aa5d57e9e140605034be006522d82e0133fda044852ad
TUAB,train/normal/01_tcp_ar/aaaaakiq_s001_t001.edf,19635106,11c0e72b0b06e7a1aee744946a8abb1082a1b5673acdd8336930cd9fa545efe6
TUAB,train/normal/01_tcp_ar/aaaaakiq_s003_t000.edf,17889880,202423b39540632b8bc6c72477bb57995d8b1f6c100e6ba9e7b544df1c8929d6
TUAB,train/normal/01_tcp_ar/aaaaakir_s001_t001.edf,19618600,dd43d459d9c117c6ef6aa8496ef736fe92d4131cacaddb33215bd4f3eae2853c
TUAB,train/normal/01_tcp_ar/aaaaakiz_s001_t000.edf,20014744,b628ab4f3a64e8048dff036ef05f3a1338046b07bc9055aaf5536989b445264b
TUAB,train/normal/01_tcp_ar/aaaaakjc_s001_t001.edf,18958360,157e0be5d92717600894292107a13900386a0645f29b46221d3a8e805e26cfd5
TUAB,train/normal/01_tcp_ar/aaaaakji_s001_t002.edf,18925348,66a3f42e4937d296290a1524d24cac2d777e6ac73898190021025aa0f2cada99
TUAB,train/normal/01_tcp_ar/aaaaakjp_s001_t001.edf,19585588,96d16f3fdf4225d022b9f63842cb2a9b1bb95c270a3dcc4c2eba10f1fab6bc6a
TUAB,train/normal/01_tcp_ar/aaaaakjq_s001_t000.edf,19833178,3d6be43c75e36458258c245acc4ee7d7637c42c84743f09f2dba6c07a1a708f1
TUAB,train/normal/01_tcp_ar/aaaaakku_s001_t000.edf,22969318,d9da1bd95afe6cd113286d438722c01405a9088b45fd2e57462c86f8fcf91962
TUAB,train/normal/01_tcp_ar/aaaaakkv_s001_t001.edf,19585588,c36811274a43cc2950d94edee0038adc3f9a2e343048db0dc8ba20eb43de36be
TUAB,train/normal/01_tcp_ar/aaaaakkx_s001_t000.edf,22837270,3a7171f722f62bb0e529a5a38e73c70516bb11ed4f22a7773a0d600824e454a3
TUAB,train/normal/01_tcp_ar/aaaaakkz_s001_t000.edf,24619918,9006eabf3c2404a1307f7c478990c91ef2df659b08ce2ee1ddd8562dce855211
TUAB,train/normal/01_tcp_ar/aaaaakla_s003_t000.edf,21896428,137bb1ac1126687ba49b3b26ca2d03e49262e4771288954a8c98bc6f0880cddc
TUAB,train/normal/01_tcp_ar/aaaaaklc_s002_t001.edf,48834220,2e3fe4e65f6e7ee151c75e3fa9a13a3f04c6c0202ea4e5fe54ef90a1114d57cc
TUAB,train/normal/01_tcp_ar/aaaaaklc_s003_t003.edf,19536070,42d282d78b93409e524988373e0ac14fb6e38266ebab210597dd22d411b9275a
TUAB,train/normal/01_tcp_ar/aaaaakle_s001_t001.edf,20361370,8b21e5e076f55d2ba5f070ffbc811518b23051c9749e36be63059899ff1835f1
TUAB,train/normal/01_tcp_ar/aaaaaklg_s001_t000.edf,20163298,18653ba1a0ae86819bda95a643000b8c435403d62d67af62e73f56044a0bfe56
TUAB,train/normal/01_tcp_ar/aaaaaklh_s001_t001.edf,22705222,8f6ffd9dbed3f1e9a42be076cc58d44701d1b080e08d5e8b869503b32903a254
TUAB,train/normal/01_tcp_ar/aaaaaklh_s002_t000.edf,19899202,ed659e34a1084f0e2315f3621343fa0f03f706122c9d4b2d12b037363d9d5f0f
TUAB,train/normal/01_tcp_ar/aaaaaklh_s003_t000.edf,23084860,fe88dcce2ab1675245fbd3a203f18d3f729355b588c490ebb3ec319371b94ce0
TUAB,train/normal/01_tcp_ar/aaaaakli_s001_t001.edf,19833178,534f31a3f2a7b15ae1b7628c5404badf2dceb6067cd87e5523e3d2bf048d8386
TUAB,train/normal/01_tcp_ar/aaaaakme_s001_t000.edf,24999556,6d9aeb1133474228f82f93c53ac30bb4945f0d393f2027a584648874c3e110f1
TUAB,train/normal/01_tcp_ar/aaaaakme_s003_t001.edf,19717636,38cb7d8f5613d1c3c3ca713025e50afd952f3b31264b19dda5882477fa997fd2
TUAB,train/normal/01_tcp_ar/aaaaakmk_s001_t000.edf,22276066,fc12d4c1a49271272cdc769e42ba3b4af83d9589f2f1366b2900545b467990ae
TUAB,train/normal/01_tcp_ar/aaaaakmy_s001_t001.edf,20311852,6fc31518f7e717e9ffa7dbd93d3e4046ecaeb7d19752f4844f8f7f8ec949e651
TUAB,train/normal/01_tcp_ar/aaaaaknc_s002_t000.edf,19915708,1fa0f9aff83f658c899191f2f0a7f2644af6fbc1b68829aa2bda67e8385b6182
TUAB,train/normal/01_tcp_ar/aaaaakne_s001_t000.edf,21780886,9bb948af80c5c3eb7bcf656d7584d6e0092d1b69639cb420386813a354b8090d
TUAB,train/normal/01_tcp_ar/aaaaakne_s003_t001.edf,16768882,a308525af4c157fbb1990a785fba03c4603b2a5818a7a7d537793b35154ce284
TUAB,train/normal/01_tcp_ar/aaaaaknh_s001_t001.edf,25313170,ee7a9832f2564642cdbeb0c8c16252b0a0405a29c7827a472f5be42a359168d8
TUAB,train/normal/01_tcp_ar/aaaaaknj_s001_t000.edf,23249920,4c42bc956cd73779886c302abd427eba7e7d3aef0e7d747dfa7584c1a3610ce3
TUAB,train/normal/01_tcp_ar/aaaaaknp_s001_t001.edf,19453540,46f883ecb91f272f38c3de354b04aaf1f45003248e31bc1bebd9768fcd6c6ba2
TUAB,train/normal/01_tcp_ar/aaaaaknp_s002_t000.edf,21928174,51e49dec019ced07d4e8b5a59fab01b111749ede335ae33c93606ab2c9aea67c
TUAB,train/normal/01_tcp_ar/aaaaaknq_s001_t000.edf,19948720,d36dc2e9c10d150108cb306b4e6f9bfd652effb690a7c2dac4356b748dab97b6
TUAB,train/normal/01_tcp_ar/aaaaaknr_s001_t001.edf,19783660,82bb33db8f44950665567f0936c9978f339e237e21e31636fa055bccc259e82b
TUAB,train/normal/01_tcp_ar/aaaaaknv_s001_t000.edf,20856550,a949fd2b3238217454fa5755a7b75edf53e844d311689e3fda11735e6450e0ed
TUAB,train/normal/01_tcp_ar/aaaaakoi_s001_t001.edf,19602094,769de59ec9ae65662f0954990d87e4bfff08c8897903309830dd3ae90fa1c416
TUAB,train/normal/01_tcp_ar/aaaaakok_s001_t001.edf,19915708,94f15a1136f6e6d4fb65d79f8d9c2db2ea906a7e2a015ad97e3518026e60ee77
TUAB,train/normal/01_tcp_ar/aaaaakol_s001_t001.edf,19783660,ec066a42a68fa10011288af090ad8f29234049864f892f3ead67547340475f61
TUAB,train/normal/01_tcp_ar/aaaaakov_s001_t000.edf,23414980,47eb7e3ace7265e8367a583ac9380b4e52f212419c6f982af4632b56e5990da8
TUAB,train/normal/01_tcp_ar/aaaaakow_s001_t000.edf,20113780,5b037020c78b1caaaf105b38a69343b1636a6a4d62e4eed479f97eefd29b6e80
TUAB,train/normal/01_tcp_ar/aaaaakpb_s001_t000.edf,22853776,8c62433ebe69df3239f285d06cfd4cad81e91de7727c3b05541d9ffa5590984e
TUAB,train/normal/01_tcp_ar/aaaaakpk_s001_t001.edf,19486552,ceb1c2bca00013cad52ef834b303a2a9b851f94d1b347dccac73a85c3d4e1e40
TUAB,train/normal/01_tcp_ar/aaaaakpl_s001_t001.edf,19470046,b053778c5d14d7f23e7ef4019368895afa37b80bdd331b7be412cf31cd8ba5f8
TUAB,train/normal/01_tcp_ar/aaaaakpn_s001_t000.edf,20163298,0ad3314e29181f81d01bfdf27900a47475ac8a04b45f0bc446446ab82bbc3e64
TUAB,train/normal/01_tcp_ar/aaaaakpp_s001_t000.edf,19849684,39174b26343535acb477316382733d98671b2b8d801ba5875909c3c9ccfe904b
TUAB,train/normal/01_tcp_ar/aaaaakps_s001_t000.edf,19899202,d7ffc7bc45449861c065204d8c08c1a3e4886183fe0d81e803d3a1b8b53a505e
TUAB,train/normal/01_tcp_ar/aaaaakpz_s001_t000.edf,24718954,9136eab268c3b6a48008f56c88f170e6064710f9cd29208e782777c1947e43ac
TUAB,train/normal/01_tcp_ar/aaaaakqc_s001_t000.edf,23943172,40fd9a5b421c8a2725b491c8022ef1d718fb8544273cc01610a373ad8f7bddd2
TUAB,train/normal/01_tcp_ar/aaaaakqe_s001_t001.edf,20741008,13264090d21c7899137f8e6595cf6cb3417a95fbec96dc02d0f6193711e12563
TUAB,train/normal/01_tcp_ar/aaaaakqk_s001_t001.edf,19536070,0b85d918fda753dd8ad5d7cfaff0a7eef7e2bf2341a1ebb86d84234030ed0379
TUAB,train/normal/01_tcp_ar/aaaaakqn_s001_t000.edf,19866190,4fedfdbe70014a2aef3d8cdff497be152d45ffafa59505ec9daadf3c81135ef7
TUAB,train/normal/01_tcp_ar/aaaaakqs_s001_t000.edf,20146792,74d043888ba1ac33273499d403cf3404c036859a647bcd260aea458bbe293cca
TUAB,train/normal/01_tcp_ar/aaaaakqy_s001_t000.edf,19932214,7adc70b272bc317e8bffba85208d5015b84a18674ced631e15fb53b9bd81ed1d
TUAB,train/normal/01_tcp_ar/aaaaakrc_s001_t001.edf,20493418,58f5f8b3ce98ab74da52fb3d1cf0c8f766f964fdff7dee05c53578f7a307367d
TUAB,train/normal/01_tcp_ar/aaaaakrf_s001_t000.edf,24009196,bbe54854f47fce7e0f0dfe3e3bbcfa6a44ca92e3258dd3a1a191c6a3d729e021
TUAB,train/normal/01_tcp_ar/aaaaakrl_s001_t000.edf,22870282,1152649eb5875e4a5cd6eaa51fd177ffee3b3875c3f07f0ee7eaf8abd6b3a3a4
TUAB,train/normal/01_tcp_ar/aaaaakrs_s001_t000.edf,25181122,2e3c8be21b2a5b399d9a353d6f2eafa1793d7cbe84a678625bd01c2610fe9697
TUAB,train/normal/01_tcp_ar/aaaaakrs_s002_t000.edf,22309078,922692543c846b0603c7690b843e370361150078c15abfaa36606bc97b509d47
TUAB,train/normal/01_tcp_ar/aaaaakru_s001_t000.edf,20047756,9b3bbe38bfd5a98e7b027b07d912d40bd27859f86d357863a7fc267e9ad236b6
TUAB,train/normal/01_tcp_ar/aaaaakrw_s001_t001.edf,19998238,1ffd059f3ce1b75a2d318009caba893fb05f8bfdb4edb34e3f1142644f98bdd1
TUAB,train/normal/01_tcp_ar/aaaaakry_s001_t000.edf,19981732,5bbdd338cfe9593930122e7c2fa74529db1dde0e51dc8a96af929682939fb93e
TUAB,train/normal/01_tcp_ar/aaaaaksc_s001_t000.edf,19849684,a655be49a3009b97e8a21b48aace2cc90f670b0ba47bb0506f2dcf5a883b5989
TUAB,train/normal/01_tcp_ar/aaaaaksc_s004_t000.edf,22779052,05d728e0f91df4939c556b1fdb9b4ab68a87638d96e083d6f046184cbb66b8a0
TUAB,train/normal/01_tcp_ar/aaaaaksf_s001_t001.edf,19651612,acac372a062d061ddca6604c05fea153d6e9d14cdc41607bba8f9811aa0bf93f
TUAB,train/normal/01_tcp_ar/aaaaakth_s002_t002.edf,13770550,479a6a3e176b66c67eed15a748bdc1833db8160a769de085d691fd4564e56bc7
TUAB,train/normal/01_tcp_ar/aaaaakth_s003_t000.edf,16228642,a3e3dd01d67e4e300cd925934cf761257650a90ace16f302532f63d10d1d280a
TUAB,train/normal/01_tcp_ar/aaaaakto_s002_t000.edf,20047756,a95cb377cb80f2316ad50576c5eddc190e7e3433a5dcb0cf315cde8ed4766d86
TUAB,train/normal/01_tcp_ar/aaaaaktv_s001_t000.edf,21879922,ee25fcc4fb42173083f140c254fc439623638d4ab7ef34409ff6410456e9946b
TUAB,train/normal/01_tcp_ar/aaaaaktv_s002_t000.edf,21219682,a0b1a1ba7ee6f06552c9c6719e959b01d5f28475e85d92fd7f3bd0ab7dfa1d5b
TUAB,train/normal/01_tcp_ar/aaaaakty_s001_t001.edf,19569082,8c7e3eb6a9c2d3bdff6662ada4d67015c8e1e8ba2c5f463d82976d7af7f29a83
TUAB,train/normal/01_tcp_ar/aaaaakua_s001_t005.edf,19717636,54d88df778d243761cf6b1c183c9f602075b72e0c64ec0b74663c503a0173b4a
TUAB,train/normal/01_tcp_ar/aaaaakub_s001_t000.edf,20559442,6b1ded0ff15e29e25004ef2778f32ef939a428cd56db4dbbc13093c61436cfcd
TUAB,train/normal/01_tcp_ar/aaaaakue_s001_t000.edf,19965226,069d21e0df9dc3d53605f7b36fc21d0cc895d6f7e8bafa43243b0875110cd04f
TUAB,train/normal/01_tcp_ar/aaaaakun_s001_t000.edf,22292572,45daf235938e1a6d8d3bf1cf688466450e9c5e55cc58efdf316b9941533a6644
TUAB,train/normal/01_tcp_ar/aaaaakup_s001_t000.edf,19899202,aaec1595186a007a735423b129cd6760964e93ccecfea3c8e690bf56d29ced14
TUAB,train/normal/01_tcp_ar/aaaaakus_s001_t000.edf,19965226,b2a00f044b77505caf342f29fd88b23de2c5fbb5b313bbdd37e521c767ede88c
TUAB,train/normal/01_tcp_ar/aaaaakuz_s001_t001.edf,19816672,c7ba2e967be1dfc3d2a6dcd15fbce5eae84c4a0655a8f1e249b51ace79e7ff7d
TUAB,train/normal/01_tcp_ar/aaaaakuz_s002_t000.edf,20476912,ab26c2a8ab7fddaa244605b07ffe119fff8324b4cd92deb3e016f68f56c89bed
TUAB,train/normal/01_tcp_ar/aaaaakuz_s003_t001.edf,19371010,8bc45137a1eb18be61e84191d3aacdba5bb57a352b2b717942be1f588b3267cb
TUAB,train/normal/01_tcp_ar/aaaaakvj_s001_t001.edf,19602094,41051dee17fc8fd2a1893e312fbc71c797a70402d939097c9cefeb493ee1948a
TUAB,train/normal/01_tcp_ar/aaaaakvk_s001_t001.edf,19668118,a6a90259fa5a8d8e23aae3e622306d6cf869fb3d113cff2943ea9fa9b486e1f0
TUAB,train/normal/01_tcp_ar/aaaaakvl_s001_t000.edf,24884014,3055d4144c7f8b35b4ff50be36ecf5cc1bbe4f3db3013fdc712d3f78b074974d
TUAB,train/normal/01_tcp_ar/aaaaakvm_s001_t001.edf,20031250,2cd1cb43489a35e9acb5e877a49f776ac59b789da43ea2cc28eac80dc1bc915c
TUAB,train/normal/01_tcp_ar/aaaaakvo_s001_t001.edf,19800166,7ba49719230055d316dd99d8259c6d8c97acec6205e1edc3d7813a07c4149796
TUAB,train/normal/01_tcp_ar/aaaaakvq_s002_t001.edf,19899202,2495e8e979bd6bc788e7420fee61292d36b14b17853fff26208ed0e8d5be3bb8
TUAB,train/normal/01_tcp_ar/aaaaakvr_s001_t000.edf,24306304,be351da795388fffd45f575bc16a4c970257389f8b4c84acc478d023a256ff75
TUAB,train/normal/01_tcp_ar/aaaaakvu_s001_t000.edf,23431486,b68fbe25758c96f51409838a7578b7c6e60fb1f5b87c684067608085b5b43a11
TUAB,train/normal/01_tcp_ar/aaaaakvw_s001_t001.edf,19668118,36b9ebb6132553e8dc4be164680c78a1ee9bd383f7f7eee3f02b67da38c2c5c0
TUAB,train/normal/01_tcp_ar/aaaaakwa_s001_t000.edf,21219682,b165d3b18787a27d4317f02abac9acb04e1aa70b54f343cccfcc161f5414054c
TUAB,train/normal/01_tcp_ar/aaaaakwd_s001_t000.edf,19948720,58d725bbe4bb1fa24ad03d48bef638a1c6e9724ea3be0e171381c9a009b9e7e5
TUAB,train/normal/01_tcp_ar/aaaaakwk_s001_t000.edf,19899202,e3a33e902db7339b45dd1c0ba15c2111493c49f84cd2eedd29d4bfb0ab96983e
TUAB,train/normal/01_tcp_ar/aaaaakwm_s001_t000.edf,29588224,2a578c1246695045c8b62830434758cec0a135902493eee48163741fd7b2aa1a
TUAB,train/normal/01_tcp_ar/aaaaakws_s002_t000.edf,23266426,9f49f8b96c7fdaa2f9bd3a78eaf11b1ee7010e0d70fdeeb53d45f8b74af27194
TUAB,train/normal/01_tcp_ar/aaaaakwt_s002_t001.edf,20460406,7ec9e76e235b7ed24c427f1c50f4f66f60564300ee6530b46c43b907b227d35d
TUAB,train/normal/01_tcp_ar/aaaaakwv_s001_t000.edf,24537388,18d811598d25094e8158e50a932029a7612fb88cb3be2f75e1551f8932817ea6
TUAB,train/normal/01_tcp_ar/aaaaakwy_s001_t000.edf,22358596,0c08ddb93ecc251a919b3376584837a87ba3cae713429255a749d8af3f69825e
TUAB,train/normal/01_tcp_ar/aaaaakwz_s001_t000.edf,23481004,ee354fc7c11ea64537b99422c67490c7f976c7db195af87405157b8711a5adc4
TUAB,train/normal/01_tcp_ar/aaaaakxa_s001_t001.edf,19899202,8d4df84e2dd621d9507698416a17b0ca28874832ce1fc10280c8b3d0a017b1ec
TUAB,train/normal/01_tcp_ar/aaaaakxe_s001_t000.edf,19866190,5d1bfce308970f9d85edcbd2a9598b16ae8eedb75a2c910be1854c93e6952307
TUAB,train/normal/01_tcp_ar/aaaaakxf_s002_t000.edf,20658610,b4f4d5d5203a07c74b6a1f3838befd0b5407d487d92eea1aa0dfaec969f09a6c
TUAB,train/normal/01_tcp_ar/aaaaakxi_s001_t001.edf,16746556,e06dda6344d64d2d9aa91e63018aa29986e8f4d5bcdd4ccf3e83d2d0020b3036
TUAB,train/normal/01_tcp_ar/aaaaakxo_s001_t000.edf,19948720,4def041976bf4d3f96bd521b3219c397e58b38b838d3c37760d4a3a1f7d28dfd
TUAB,train/normal/01_tcp_ar/aaaaakxr_s001_t000.edf,19849684,053e05ba3ed501a89579c7b8abf194f551faed2f19eab5073591eb8f86774c0a
TUAB,train/normal/01_tcp_ar/aaaaakxs_s001_t000.edf,20097274,e4e4f660cc3fc5723410a3a7e7cd230bd691f10daea598ff1b854dbd54a1ead1
TUAB,train/normal/01_tcp_ar/aaaaakxt_s001_t000.edf,19965226,15a1de397d1ce7e5d6ce8ea4dcb66bf4374e4e4cd131946113183dc87a81327e
TUAB,train/normal/01_tcp_ar/aaaaakyk_s001_t001.edf,19651612,7a9034b04eb9570830da37d8d45918f9a9283a80b0f387c7ca455cd3ab1d23fb
TUAB,train/normal/01_tcp_ar/aaaaakyl_s001_t001.edf,19602094,ca0aa6532a51cda5c4d9285513bb116c040fe0887d7f9432e3e18d79a2a0befb
TUAB,train/normal/01_tcp_ar/aaaaakyn_s002_t000.edf,20456020,a3b5f7a25e150a829b0314583e81c1fc0b0f92b5083b5c51bc67922b2660155f
TUAB,train/normal/01_tcp_ar/aaaaakyz_s003_t000.edf,18700240,b2c10ab15e3c19ffa66f9adc73ccb83d3ad9f29a9f3313bc5e5bb91989812708
TUAB,train/normal/01_tcp_ar/aaaaakyz_s007_t000.edf,16903942,2a876aa1e10f5fe3326d86b83c82826797f3a815056613e96c1be5868a92a6ff
TUAB,train/normal/01_tcp_ar/aaaaakzu_s001_t001.edf,19470046,f178c22207b6e51797f31384e708127af61e8dd397d5f9577523cd61180d8ea6
TUAB,train/normal/01_tcp_ar/aaaaakzu_s003_t000.edf,18119482,4b0ca234b6729efab353bc045ba7f9ebb31c7c9135118d30d85804b647f24eee
TUAB,train/normal/01_tcp_ar/aaaaakzx_s003_t001.edf,18362590,7035f3c06f5308dbb743da0bd7fde9e941ec34d485519b023723851764211a44
TUAB,train/normal/01_tcp_ar/aaaaakzz_s001_t001.edf,19701130,0c81efcf48685eabbc8e792d8e20f2b96b7b24a54526cb85f077f3f17a2d49af
TUAB,train/normal/01_tcp_ar/aaaaalad_s002_t000.edf,19402552,14adfe0bf76753bb76adf9394185448a494e88dccabceb193be861b676b7e4bc
TUAB,train/normal/01_tcp_ar/aaaaalap_s001_t000.edf,19882696,0777a60043e08964bb58952bfc3bf5ce86d4ff8a0427eef4924562e2a05a970c
TUAB,train/normal/01_tcp_ar/aaaaalaq_s001_t001.edf,19486552,cb899a4e622b130a6f542cfc46c2f8c9e5a297b796e3efa47d94f6882a2992a7
TUAB,train/normal/01_tcp_ar/aaaaalas_s001_t001.edf,19569082,bff56f6f1ac2b8fb7a7a53f00b845519077c155ea03f53bef3216c1326f551ec
TUAB,train/normal/01_tcp_ar/aaaaalay_s001_t000.edf,23282932,ca2bba19daf38f82d91e3ee005154519d6b985033d3fc9fab0cd844d86398c05
TUAB,train/normal/01_tcp_ar/aaaaalaz_s001_t000.edf,23811124,02054ee0128b81c1136970f6216941c952f1ef6559ebeb81a6c9f1a2706ab20a
TUAB,train/normal/01_tcp_ar/aaaaalbd_s001_t001.edf,19503058,55e781da088877013297c05c35eb02c5579b1e056a8623c26dedeec6b650d443
TUAB,train/normal/01_tcp_ar/aaaaalbe_s001_t000.edf,20212816,7c1c6ddf4c3d6f2a57b4a03ae55ed33380a95a24c7de66292bab85898112c5ff
TUAB,train/normal/01_tcp_ar/aaaaalbk_s003_t000.edf,20014744,fca04b80a953d38d3b7f8cb3b097904a8ff149bc882da7ae518961f39bdcc542
TUAB,train/normal/01_tcp_ar/aaaaalbm_s001_t000.edf,24834496,88b9eb1edce7c5145fbab454729b90b0334a6cf2f0dde1fa4bd2e12a6132aced
TUAB,train/normal/01_tcp_ar/aaaaalbo_s001_t001.edf,20509924,96d59b30ccfe177f3608b439b058de2fe8719ef5507167fc2e5138fa2fdcceaa
TUAB,train/normal/01_tcp_ar/aaaaalbq_s001_t000.edf,23844136,a60f27c10f6a283e1738a6a6f71ca7c67cd97e25ee019b761c574c2d7c311a4f
TUAB,train/normal/01_tcp_ar/aaaaalbs_s001_t000.edf,20014744,de403bf09cb5b5d9764f49cc3129783cecf6f4748f5f2d4cbd78310cde603934
TUAB,train/normal/01_tcp_ar/aaaaalbw_s001_t000.edf,23514016,58be68fb370b417431a261ca28e831d2924c68a2ed7d24284c8340b8f09ca5bd
TUAB,train/normal/01_tcp_ar/aaaaalby_s001_t001.edf,19470046,52e86c618ad67c2e04340efcae223637fb9e86018b831edd54355504c2de9d64
TUAB,train/normal/01_tcp_ar/aaaaalby_s003_t000.edf,17889880,883e008ac248c2e25db47edc84f2b311f0df7fbb2ded52983c303cfd5cb4cc7c
TUAB,train/normal/01_tcp_ar/aaaaalcg_s001_t000.edf,20146792,3875eb4d2e3ea4ea0828ad26bbdb0fe793d95c1bca81404f2ccefaf18404d5c4
TUAB,train/normal/01_tcp_ar/aaaaalco_s001_t000.edf,19866190,6580b6d20e468c1f493c700223adef7121537d8322bf6ece1dc01f8aea23f945
TUAB,train/normal/01_tcp_ar/aaaaalco_s002_t000.edf,19948720,9cf29f15e346015bc85b6c0481794daa2c18a753e8251afa4a4844be37aa75c6
TUAB,train/normal/01_tcp_ar/aaaaalcr_s001_t001.edf,19486552,f6e8f340a067c40ae022a4dd380bcab9c651953559e8bef6e13baa4c8270d100
TUAB,train/normal/01_tcp_ar/aaaaalcs_s001_t001.edf,22969318,9b8b1fbfcdb8118c237927f11acdf9c8a73f2607960c37bb8dfe1abdf2dd82b1
TUAB,train/normal/01_tcp_ar/aaaaalcw_s001_t000.edf,22672210,48fbb4705f90bb5bfa05382ba7b77dd3e4ed3437e6a93fdb94375bc26b3e62a1
TUAB,train/normal/01_tcp_ar/aaaaalcx_s001_t000.edf,20427394,b6b907d6275da4513f17814b17da3a8365f81586d4651be45af865cb53fdbb27
TUAB,train/normal/01_tcp_ar/aaaaalcy_s001_t000.edf,21236188,a8d38bfadf0308c5726065ddfa7ac897f834eb76ee353b56fa8ab2540f62334b
TUAB,train/normal/01_tcp_ar/aaaaalcy_s002_t000.edf,16871416,5ed0852bb3549e7e93914d8ee5ac2c1287a15eccfb755d207ed957d66e93ce8f
TUAB,train/normal/01_tcp_ar/aaaaalde_s002_t001.edf,20707996,6dc2c895d0bc783209df4654c7cd3cdbaab50285d44fd1ab108308e3b198d19f
TUAB,train/normal/01_tcp_ar/aaaaalds_s001_t000.edf,19932214,201d50e9c158f17a6e12f100cb069268b04b551d3563f2ea999b63450cdae308
TUAB,train/normal/01_tcp_ar/aaaaalec_s001_t000.edf,19932214,5c06b1493a2b64bf2a2a1f25dd78ebd77e8718b15e42e2ac358441dbaf3f012d
TUAB,train/normal/01_tcp_ar/aaaaaler_s003_t000.edf,16714858,365812460f297f6cad91b296736c7352a5dba594daaa4ad166f02121711ba7a3
TUAB,train/normal/01_tcp_ar/aaaaaleu_s002_t001.edf,19602094,aa85dd2f49cca94a1f1984320d3c2e4d73d297aca0fc4fbdd1dae3a911db71c1
TUAB,train/normal/01_tcp_ar/aaaaalfu_s001_t000.edf,19882696,40539966323d50131cc84e26180b9282f8b1af84880519d9e5193501fc171de3
TUAB,train/normal/01_tcp_ar/aaaaalfw_s001_t000.edf,19981732,b1942daf0bf2975f9ec1d49f0857842e4d81ca786ed57fb59fb80b389b922eed
TUAB,train/normal/01_tcp_ar/aaaaalgc_s001_t000.edf,19882696,47160fb9c032b313c9e8cb77f121d88245971c2183182f6a1bae78abc484bef0
TUAB,train/normal/01_tcp_ar/aaaaalgd_s001_t000.edf,26105458,556fa7cbbd845353a0c5e4bc0ca8140a50a34f06528a1ac31ce5bb74f0aaa5cc
TUAB,train/normal/01_tcp_ar/aaaaalge_s001_t000.edf,24322810,f435d2530b017322e7acc1eb47a26562c509815a45d6698709a74ce97d88e3e3
TUAB,train/normal/01_tcp_ar/aaaaalgg_s001_t000.edf,21797392,d8c5515c4a9546d160e868d1a48fabb0123836d43a03f18ed0ebf25fea789df6
TUAB,train/normal/01_tcp_ar/aaaaalgn_s001_t000.edf,24768472,39313658f9f8840b9729560241f8ef9c8faeeb4ca1e59b20e0790d868fc79914
TUAB,train/normal/01_tcp_ar/aaaaalgv_s001_t000.edf,19882696,cf24cc1e61c4561efb278b7701f513e35d58d8c65923f54065effc97fba166e8
TUAB,train/normal/01_tcp_ar/aaaaalhd_s001_t000.edf,22952812,8e44b084cca01801284871bf881b52dabfa6302b938d6816acf31fbf27758804
TUAB,train/normal/01_tcp_ar/aaaaalhi_s001_t000.edf,19915708,a043f36bc6af4ace81a1fc82f977ea221d69efe99126a755774b6f9d372bd4ba
TUAB,train/normal/01_tcp_ar/aaaaalhi_s002_t000.edf,20080768,f04c8d315b30a2ba11ae42406bfc98d00bc8a0f9cc4aae9880a76a6b1c21ce22
TUAB,train/normal/01_tcp_ar/aaaaalhj_s001_t000.edf,23761606,2bd4e40b6ad34cf6f1c3004b2ebb774e78de1e00d109fd63fa20522dcea9751a
TUAB,train/normal/01_tcp_ar/aaaaalhk_s001_t000.edf,22077994,942b45fad6982b44bb5e806fc34e27a91b03891132440bb9016cf3f3e4c14065
TUAB,train/normal/01_tcp_ar/aaaaalhq_s001_t001.edf,19668118,c332e7df35b928f86de0c7b134a2e01f6ab16d65b46f67e20f8981d2c3d2576d
TUAB,train/normal/01_tcp_ar/aaaaalhs_s001_t000.edf,20939080,1c68ad6c62284e7f4ff43d4bf3eea4aa7475af98ebfa7c892c7aab53a5b89049
TUAB,train/normal/01_tcp_ar/aaaaalhx_s001_t000.edf,19965226,a515d44f4e343a3bfa389c4534745d9921957cc55774e90bda15db3c3ea598fe
TUAB,train/normal/01_tcp_ar/aaaaalhz_s001_t000.edf,23596546,620a9731423fce50e6f23fe36fac6f6232a8c3abd76fb70ff42f3eb4fcc6cb88
TUAB,train/normal/01_tcp_ar/aaaaalic_s001_t000.edf,20856550,8df1d8753dfe4474aaffc755cbcfe54f3fb40254bcd813af4a8f9d19019a5be0
TUAB,train/normal/01_tcp_ar/aaaaalie_s001_t000.edf,20179804,ea90be7a3b9300f28213ded2e395b28dccf35106a6d3516b0d97cde844b55824
TUAB,train/normal/01_tcp_ar/aaaaalip_s001_t000.edf,26798710,81743732a6c3fa6f51144a76804976075ffe63d2d2db25b1f06dd181e32a28b4
TUAB,train/normal/01_tcp_ar/aaaaalis_s001_t000.edf,23563534,9d2380aec1ea5bbeb373afb30be60cf86e21a8f5af26e5470cc40a9bb73d0c3c
TUAB,train/normal/01_tcp_ar/aaaaalis_s002_t000.edf,20939080,33234abe8947136c620f06a35ead581f17a63e3e369a36f4b30be9a4fe966d7d
TUAB,train/normal/01_tcp_ar/aaaaalix_s001_t000.edf,21681850,bb41a51a274271c408d30fcfacc03a0ce4841a4356dc81a1e44f85f7c698336d
TUAB,train/normal/01_tcp_ar/aaaaaljh_s001_t000.edf,23992690,aa56f9ab2564718dfcc4868afba2e87a64d3fc7cccea0128410a3931989daeff
TUAB,train/normal/01_tcp_ar/aaaaalji_s001_t000.edf,24586906,02600d68dad3e94e7720e6d5d02bf25d30697fe8ea18ccaaae25b06a92e5522f
TUAB,train/normal/01_tcp_ar/aaaaaljt_s001_t000.edf,25692808,ec293d2ce8dbef34d457803defac0e8a64e64b687b40cee49af928d5da5ea54f
TUAB,train/normal/01_tcp_ar/aaaaalkh_s001_t000.edf,57896014,666859c74423c916a86f9c9391382a1cacf9810d26849c824ab948f4aaa4d9f4
TUAB,train/normal/01_tcp_ar/aaaaalkm_s001_t000.edf,20014744,6a14aceb968a5f640da881de60e79725f1ee971b9fdfe48d8653a40f3d33bffa
TUAB,train/normal/01_tcp_ar/aaaaalkt_s001_t000.edf,19849684,257690ee5181aed0f2b28a319316466a34259db21f60eff836258be144eca2cd
TUAB,train/normal/01_tcp_ar/aaaaalla_s001_t001.edf,17968000,5c554653ef33f9a4845f44b353eea21ff9ac885d236b3709320e8f0d1659e690
TUAB,train/normal/01_tcp_ar/aaaaalli_s001_t000.edf,21846910,072dce78a16cafd7194f46bfa63d5ab7693a1cfd11dac3916f85d84938368fb3
TUAB,train/normal/01_tcp_ar/aaaaallr_s001_t000.edf,23844136,59fa261c8452fc7d3b4f6ad563b8fb3c6ca5c72b3faa37fb132e265531911ec7
TUAB,train/normal/01_tcp_ar/aaaaallu_s001_t001.edf,19618600,89f5e2861e1fd955a759f43cccbd6773527ce14678fbffcb192a35293ee000f5
TUAB,train/normal/01_tcp_ar/aaaaallv_s001_t001.edf,19849684,c4c6e60163f9d3382409455b7c42ea4c421e6ee6b9852e7a885ed8cbed553394
TUAB,train/normal/01_tcp_ar/aaaaally_s001_t000.edf,19849684,7ca87cf382c604c9f3ce1b4b2b01d2edec9abf63544ec07410b4b947770bc7b6
TUAB,train/normal/01_tcp_ar/aaaaalmb_s001_t001.edf,19552576,0782150b587027a3a941ab81db7a3bf52bf6d52c33ba1db18817a493b5da25ed
TUAB,train/normal/01_tcp_ar/aaaaalmf_s002_t000.edf,19849684,8e7826e64ef6a4541bc4013fe217e839dfac38d1c056cba08d077bef939cbdda
TUAB,train/normal/01_tcp_ar/aaaaalmg_s001_t000.edf,23497510,846cf639cfc52427fba314d4703aed59819c585ab8c9f7199d0e8e3dc2b0f6c8
TUAB,train/normal/01_tcp_ar/aaaaalmi_s001_t001.edf,23530522,460f23d531d48e258033a40da01d0dc3c50401a12f32c9d44026f05da80d22bd
TUAB,train/normal/01_tcp_ar/aaaaalmj_s001_t000.edf,24553894,67a07f0e9372fa85958f152ddfaa5f505e3346553a618330b86a3ec3e75ea643
TUAB,train/normal/01_tcp_ar/aaaaalmj_s002_t002.edf,23282932,25eefc95f74ad8be69a6b37997d8737fea0c11d066de9e201a7b4b95bf102c2d
TUAB,train/normal/01_tcp_ar/aaaaalmj_s003_t001.edf,18586198,5e5d0c74fb4039132d74574ce44dde87e2be7239090193d55760cb4dc4759d72
TUAB,train/normal/01_tcp_ar/aaaaalnc_s001_t001.edf,19899202,78ff5cb6058cc06d118387887946d16777d764e3902ed6e8a794f09dc25493ac
TUAB,train/normal/01_tcp_ar/aaaaalnf_s001_t000.edf,22886788,2a15927ee5307a218679b64ce7b1bd4aba4037c58fe06ed741f2e2aea8837eec
TUAB,train/normal/01_tcp_ar/aaaaalnr_s001_t001.edf,19668118,0fcce83957a1e4be77d1fb77adb9d1e4654d28995ec366306e7c926efc95bd03
TUAB,train/normal/01_tcp_ar/aaaaalnu_s001_t000.edf,20031250,59afaf7ba49685c47dcb45822fbc60dcbda90274fbf35a71437a7ad7dec4b780
TUAB,train/normal/01_tcp_ar/aaaaaloe_s001_t000.edf,19915708,be3d52661da0105f1b8f5304e4d9d7050b5997873cd4dfba65183fbc425b5d5f
TUAB,train/normal/01_tcp_ar/aaaaaloi_s001_t001.edf,19882696,422171ac1b353eb10ac1a8f3ff601f4523f327ff04e154f31978d700903360a4
TUAB,train/normal/01_tcp_ar/aaaaalou_s001_t001.edf,19585588,1833593f3f45c7daad1bd114c5d139909d0949a03f4779463f290578f40ca383
TUAB,train/normal/01_tcp_ar/aaaaalov_s001_t001.edf,19602094,2e9bd8c60a907509c7562c2a9da0d6833b4db98dd7fc58a10598d70b9a052917
TUAB,train/normal/01_tcp_ar/aaaaalpd_s001_t000.edf,20509924,d4bce2b07d57499fe972d1ed961dd2d82f179a7e599cb565b8e61396bfea88ed
TUAB,train/normal/01_tcp_ar/aaaaalpe_s002_t000.edf,20212816,436b30a4486c151d71f2ac18b534779769b6a6cc05ea31be28b1e3225bbd0f12
TUAB,train/normal/01_tcp_ar/aaaaalph_s001_t000.edf,19899202,abba308f8bd5ede52dd6df98b50115802ae78f2fff8e128a56c92b5c9a6000f6
TUAB,train/normal/01_tcp_ar/aaaaalpl_s001_t001.edf,23183896,9b185245f57a4392d752abb9f00a700f3922383a58c4bbc2e69d0083761c7142
TUAB,train/normal/01_tcp_ar/aaaaalpq_s001_t000.edf,23811124,021440397685259f9149596318631a25a3be27ed2eb3828d73e4ca87c0f5b71e
TUAB,train/normal/01_tcp_ar/aaaaalqm_s002_t000.edf,16377208,268546efa9548c3c17d6f714a848005a8f536f2492b9343cf1423d6bb899a63a
TUAB,train/normal/01_tcp_ar/aaaaalqt_s001_t001.edf,19503058,22068483a076eacf96c74460d9ebb00b193bc52c6b0b28721d5ab8178ce0647f
TUAB,train/normal/01_tcp_ar/aaaaalqv_s001_t000.edf,20427394,b4137de8de95a8efe7d6279cd748f13c034b8ce07674a097ea37dd56bb1081be
TUAB,train/normal/01_tcp_ar/aaaaalqy_s001_t000.edf,22309078,0060bf0c23e81f1a16854025731642e9cc157993b2e5178b7c6db4d4548518b8
TUAB,train/normal/01_tcp_ar/aaaaalre_s002_t000.edf,25791844,decf098f9be3cd5ec1051452bfcf8abf325b1fa96279cb181c925ac68ba1036f
TUAB,train/normal/01_tcp_ar/aaaaalrt_s001_t000.edf,19866190,0de300a9f674845a883601d096c87b24aac6b78238e46cb34f84443f0e633e79
TUAB,train/normal/01_tcp_ar/aaaaalrt_s002_t000.edf,18713746,c55b8162988d75f479a34479801b2b4003381832f93c52bc511cf5b6f2744170
TUAB,train/normal/01_tcp_ar/aaaaalrv_s001_t000.edf,23580040,7e82153534467274fbaa5ee7bea3e10db2f2abd7355206a3ca613707d3738f21
TUAB,train/normal/01_tcp_ar/aaaaalrz_s001_t000.edf,19915708,ee491d7289e80f2a2f1e1c05db6d8fbbd7b240e47cc6f1841f6cecf42d0cd779
TUAB,train/normal/01_tcp_ar/aaaaalsr_s002_t000.edf,23712088,34f91374d471da13b10c07ee6e034e8f6a2cea738bba27908f18171f3685e92e
TUAB,train/normal/01_tcp_ar/aaaaalsz_s002_t000.edf,23134378,e74aaffcfa6ef76f34d5d79d7d43f8605248a12c9779d1731721e3ef65ee6d7c
TUAB,train/normal/01_tcp_ar/aaaaalsz_s003_t000.edf,18173506,6752c0950151f6e27c4966d7cfbf5d1288b8747bf0da072e6d3d1429f842ae4e
TUAB,train/normal/01_tcp_ar/aaaaaltg_s002_t000.edf,17255098,d1c5272ef8798c9f0967efc21e5043b76860682a46d9a61119ea8dc64beeea87
TUAB,train/normal/01_tcp_ar/aaaaalth_s002_t001.edf,23167390,41c57306b2a1b481ab990b174aa13c23104b4db0f7138290c35d571dee521590
TUAB,train/normal/01_tcp_ar/aaaaaluf_s001_t000.edf,19965226,83661b73ac63c3dd7c52ec50233687e4ff5b941711f29820496ac9edb00248b2
TUAB,train/normal/01_tcp_ar/aaaaalun_s001_t001.edf,19668118,fc5b7b58e6a450f823bfedb0e5fd48c217a3112cf11f8aa70e347e6ea4e936e9
TUAB,train/normal/01_tcp_ar/aaaaalup_s001_t001.edf,19668118,18a1bce0c7a98ec4390bd53f7ed5b4bdf18734f6a3255e3eab5e7720e374455e
TUAB,train/normal/01_tcp_ar/aaaaaluw_s001_t001.edf,19602094,663b856104a4f3f7985c8254e7568298af8626a233e048f506d48eff77d6c8ce
TUAB,train/normal/01_tcp_ar/aaaaalux_s001_t000.edf,19866190,1e6279ff5fae62a19d9c6f98052c1e8bad93b8477e2da30bb88b2d549c5b9d84
TUAB,train/normal/01_tcp_ar/aaaaalvc_s001_t000.edf,19948720,95212b2efbdfea7f48493d7f95f840378217b31b8a6e65eb3e7c46f002f29cc8
TUAB,train/normal/01_tcp_ar/aaaaalvg_s001_t000.edf,23200402,1548479691be56c0239ef2dc183bf8eceaf4b80c4b86b5c85643a0564f69ed2a
TUAB,train/normal/01_tcp_ar/aaaaalvg_s002_t000.edf,18875818,8c8774fffd88f99f19489fbdcf5a56369a281d24367580ddf858611f8ab13e8e
TUAB,train/normal/01_tcp_ar/aaaaalvg_s003_t000.edf,21644548,38277dad913658b3fc748205e5eaf0e1aa404e77abeaa4881f9d83d45b48b31c
TUAB,train/normal/01_tcp_ar/aaaaalvh_s001_t000.edf,20707996,0027f9f5b20dea9a5dcdddf4a932dfab37346e231ae8784964f2d88065fa839a
TUAB,train/normal/01_tcp_ar/aaaaalvk_s001_t000.edf,19866190,48e2dd7cb9d60b1a95e172108f27f16718cfac9ac5e14e79abf6e6e2f31fa27d
TUAB,train/normal/01_tcp_ar/aaaaalvl_s001_t000.edf,23167390,7014dae8c882bc1d46fbddada4c1156e00d7edfee6cde1b00523e25e9c247405
TUAB,train/normal/01_tcp_ar/aaaaalvl_s002_t000.edf,22765546,f933baf2a5154711a578b9fe09df133c17bbe0b85e311691f517e67251c45214
TUAB,train/normal/01_tcp_ar/aaaaalvt_s001_t001.edf,19486552,be47ea68560860a60fbd8ba17bad9913d373d703d513659128161e900e7865ed
TUAB,train/normal/01_tcp_ar/aaaaalvv_s001_t000.edf,19866190,20e49c19a5974f46ff9bca4d10f94bdef85097fe10dc279c952a25e7a3f29845
TUAB,train/normal/01_tcp_ar/aaaaalwb_s003_t000.edf,16822906,4723b47a292bd86a65a36c562167eebc3299fa16027dfb2fb39a00f0e5fadb1d
TUAB,train/normal/01_tcp_ar/aaaaalwh_s001_t001.edf,19569082,2404715e9485983d6c4a6e4f560b0b6cef864a265ac8d77f35ee54825ea880b7
TUAB,train/normal/01_tcp_ar/aaaaalwm_s001_t001.edf,19816672,19ceed0aeebea963603dd1e6e458a9d5f73fd36c3bafd9491e877ce37b3b0030
TUAB,train/normal/01_tcp_ar/aaaaalww_s001_t000.edf,19882696,906b17cbc85f5e1af9ce1f11e57e74b79b2bc1fedefd06f7b09f02c4190e89ea
TUAB,train/normal/01_tcp_ar/aaaaalxl_s001_t001.edf,19668118,b5ad3c78fb73c9412941f474c48d49e76946647704de6a096e72d3d52bc7c703
TUAB,train/normal/01_tcp_ar/aaaaalxr_s001_t000.edf,23084860,29bac30b6980865f9b28c68cd51d7c9b9cd3835a2cb6ee9c8cf494caf03738d5
TUAB,train/normal/01_tcp_ar/aaaaalxu_s001_t000.edf,23414980,4ca8d6661927093922b250df75db73dc6e9c9d1ca598a02c5f39eb0f009a227f
TUAB,train/normal/01_tcp_ar/aaaaalxx_s002_t000.edf,17660278,7a73dcb26b993686c7aa221a538df46d7702467418cfd6a4c5163e336aac5b5e
TUAB,train/normal/01_tcp_ar/aaaaalyb_s001_t000.edf,23084860,1aadf499a574fc89d826fdc98a90e225554e0663e02f57d2c4b60254328426e2
TUAB,train/normal/01_tcp_ar/aaaaalyk_s001_t001.edf,32460268,469c3fec270f5da4c5c677f2a2220d6900591ed2ed48938768ae8e1fa71af1d0
TUAB,train/normal/01_tcp_ar/aaaaalyq_s001_t000.edf,20064262,b96055c97615eb9064ca04144d963c8d1aee38935472ccfc1dfbbc30a2a837d0
TUAB,train/normal/01_tcp_ar/aaaaalyw_s001_t001.edf,19800166,cc947598f500229b192b419f29771eefccedb8b2392cf7ed2833d43788208087
TUAB,train/normal/01_tcp_ar/aaaaalyz_s001_t000.edf,19915708,b3abbb618292ed72b4828944682cac7132919bd81fd3b20f9f630cb1e2c13b64
TUAB,train/normal/01_tcp_ar/aaaaalzb_s001_t001.edf,19882696,6e8b63fee6106ba72f1753545b1807b42970a072ef7018d111d9af34fe08c993
TUAB,train/normal/01_tcp_ar/aaaaalzc_s001_t001.edf,19486552,a71592e09effaf6c090623543a798f52160856dccc6c0f9e834282c785c73aba
TUAB,train/normal/01_tcp_ar/aaaaalzg_s001_t000.edf,19899202,501e16320c2f6644620e6e9ca80e1f195622a46a6af6039f39582897c5cbd1e2
TUAB,train/normal/01_tcp_ar/aaaaalzg_s002_t000.edf,19420508,c490cbec49a61d812b328dff9e1fd08e45eb154370b35a4669dbb8ad6118e2ff
TUAB,train/normal/01_tcp_ar/aaaaalzg_s003_t001.edf,17109566,d99716639df6f5f442919777d2a3e7ca6cfd286cfdef8e1f82bc425800ce3e1e
TUAB,train/normal/01_tcp_ar/aaaaalzg_s009_t000.edf,16647328,e0ed61648b22f19a3a0afc50d078367f0391d7399420ac496dfbd43c446ca2c9
TUAB,train/normal/01_tcp_ar/aaaaalzp_s001_t001.edf,20757514,fc76962e90ee7c88ee0a4b7c89a60f55cacaedc80cd78164e430b3f2326d301f
TUAB,train/normal/01_tcp_ar/aaaaalzq_s003_t000.edf,20047756,08ac1236b446b00876cb8c1927669dc268fcc47ab6bf496f61893f61b3c1d751
TUAB,train/normal/01_tcp_ar/aaaaalzz_s002_t000.edf,18565180,16f989395acd630345311536cef42ddea086fe6d8dd5539e9f8eacbf297109da
TUAB,train/normal/01_tcp_ar/aaaaamac_s001_t000.edf,23167390,54e273d8c432e5b787cd16b8f53f54362648fe81f3bd88214ce21fe96fc2b955
TUAB,train/normal/01_tcp_ar/aaaaamad_s001_t001.edf,20064262,c14a3d9788d58c1edfd462dc9233db34ea64f2692eeafc4fcaa2dedbc657e347
TUAB,train/normal/01_tcp_ar/aaaaamae_s003_t000.edf,22144270,6aad22338cf24262740a2c5ec1228cc1d6945d86d1f9a29cee3f5b5684153aab
TUAB,train/normal/01_tcp_ar/aaaaamai_s001_t001.edf,19701130,ec2c0b720ea2c30597769abbc0cf6fa260f5f0be7ec1fe01fedad0c6ae780fba
TUAB,train/normal/01_tcp_ar/aaaaambe_s001_t001.edf,19783660,dd435991ea8b911a7290c8f2aa4c430d4f5d2df48dcc76042ed59cfb7e4b629c
TUAB,train/normal/01_tcp_ar/aaaaambh_s001_t001.edf,19651612,a9d4a157c96bca0fac7e01b8355296171143b926e1e8c81a3e01bdc1064e2bca
TUAB,train/normal/01_tcp_ar/aaaaambs_s001_t000.edf,23497510,242f1274c0bcc5cda31050669dc2d07fb57cfbcfe9415437eb997356eb77e16d
TUAB,train/normal/01_tcp_ar/aaaaambs_s003_t000.edf,18845050,4a0c2da3a5007a61a3a2f3fbef23688c7e8a18ba866acf8bdca5eab62d8449f7
TUAB,train/normal/01_tcp_ar/aaaaambt_s001_t000.edf,19882696,f2a2584ab6698242fb7ff595421057188f5a681bb49afc505f4b191870bbd325
TUAB,train/normal/01_tcp_ar/aaaaambz_s001_t001.edf,19651612,c25d8eca97f2984e77e41f19e600fe72770775e140f5a1edf6b09536b8afe907
TUAB,train/normal/01_tcp_ar/aaaaamcf_s002_t000.edf,17511712,b50de55ee0743cdf770ab798aa827dd689472076e65054efdb4ec4822d4aebed
TUAB,train/normal/01_tcp_ar/aaaaamcg_s001_t000.edf,22424620,4daa5930ae6328b570d3be70a6e4df333eb4ca5e9c8ffaccb826a513831801fb
TUAB,train/normal/01_tcp_ar/aaaaamcl_s001_t000.edf,25445218,f2b0082c636d5bd63e6a5a09d5507a1816a8b41a40e3cb8a4b0989fe78e8ddd4
TUAB,train/normal/01_tcp_ar/aaaaamco_s001_t000.edf,23976184,f17441069c3e29e62dcd57addd251ccec68d5fe90d34079ab4b7e30d2ca7ecf1
TUAB,train/normal/01_tcp_ar/aaaaamcu_s003_t001.edf,19010878,1534ccce89821f85080481c3c4633c732c9879a56b60b5bb6b72d5e7c66e6f96
TUAB,train/normal/01_tcp_ar/aaaaamcx_s001_t000.edf,23827630,eb5b53b0a51d5deea1577519ed9f014cfb91de36933a1f1d0adb499c6a5b7492
TUAB,train/normal/01_tcp_ar/aaaaamdd_s001_t000.edf,20130286,191942acadd1c665bd3d9277aec6ad7e248044a1c878e533e0d1e11188c8b274
TUAB,train/normal/01_tcp_ar/aaaaamdh_s001_t001.edf,19750648,fc83ce310df07564d2674bd06c5ecef23bde594ae8695ea8dcfbf2bab2999d2f
TUAB,train/normal/01_tcp_ar/aaaaamdh_s003_t001.edf,21533296,2be1a55d188b8e0c29df481a131bb8d950722ceab0234288d89ca3cb1f977a4f
TUAB,train/normal/01_tcp_ar/aaaaamdj_s001_t000.edf,20361370,62a9e9d88474c06de2689e59a8e75f11600e061cc6be2ca11a232860e3538eea
TUAB,train/normal/01_tcp_ar/aaaaamdn_s001_t001.edf,19635106,5065e3a82dc89bbd4133a435b1601ce7c65adf84c0ccfe8790a3eefcb0238098
TUAB,train/normal/01_tcp_ar/aaaaamdo_s002_t000.edf,23811124,a9506ec3c58a42eef4a59571238060247006308ea0c050e628a7c3eed6bc3d22
TUAB,train/normal/01_tcp_ar/aaaaamds_s001_t000.edf,19882696,16e1dfb6e1ee0c9a5beed38de7ca97c67ee394dfad7d615f566a803f7082bab7
TUAB,train/normal/01_tcp_ar/aaaaamdu_s001_t001.edf,21500284,162aee66250320581de3bdf17c880560c38134b612fd5e6c5d5cc87ee15e5e0a
TUAB,train/normal/01_tcp_ar/aaaaamdv_s002_t001.edf,22151678,5d4fe46b65f99d14a7d59d2f95841fbd140cae21fedc0697594db3557f78a805
TUAB,train/normal/01_tcp_ar/aaaaamdw_s001_t001.edf,19635106,4e5ddd47af6e54dfebc0f635c456b3168de00d8b2158610d30aee84d53ac4870
TUAB,train/normal/01_tcp_ar/aaaaameb_s001_t000.edf,19882696,b3775a5dd184b5fd2b8326316673ccaff48dc187d93e520a5693143646899b89
TUAB,train/normal/01_tcp_ar/aaaaamec_s001_t000.edf,19932214,8a15c2da9610262ef2997f0b6be46023a61df60f19483d7a7af93e24c676f9df
TUAB,train/normal/01_tcp_ar/aaaaamed_s001_t000.edf,20592454,1371f979a11a92f74816dd49a27df34e277ae1c9edc3b0de44b427787e25150e
TUAB,train/normal/01_tcp_ar/aaaaamee_s001_t000.edf,24075220,5b05a30f638439ee5098aa455364fb3365eb65fda1e44848477e72b756ec8b3d
TUAB,train/normal/01_tcp_ar/aaaaameg_s001_t000.edf,22721728,97a434fa71e458369dbee31f9f68ba2aa225584f1ebe84b6fb429dea80024aa9
TUAB,train/normal/01_tcp_ar/aaaaameh_s001_t001.edf,19849684,5f970b5dbac98fd8aa440c2a3a7348383b1593daa51d7faf64f8acffac175904
TUAB,train/normal/01_tcp_ar/aaaaamei_s001_t000.edf,20377876,a18daaa9ec170a76b650ae033b6691eb56d544f56ba35b6a129840c128ca0f16
TUAB,train/normal/01_tcp_ar/aaaaameq_s001_t001.edf,25412206,6be7b620a565c8d07dac7142db0bff82e17f09e41f501845ab4a7bc1a9da19f9
TUAB,train/normal/01_tcp_ar/aaaaames_s001_t000.edf,20658478,591638eda2c56dbce2afe3ef488322772c43c617690d0967e0d733c7f726d1a5
TUAB,train/normal/01_tcp_ar/aaaaamet_s001_t001.edf,20641972,51392a39af6fc56630713810b87ebc88fc1e31c49887ec4a628ce555b44fba8a
TUAB,train/normal/01_tcp_ar/aaaaamew_s001_t000.edf,20097274,a598b0eaf8cdb2b86df272c6092f6d5db40fc330eaa1342890e5ae7d4ae60974
TUAB,train/normal/01_tcp_ar/aaaaamex_s002_t000.edf,20344864,4e037e2b0bc2875e8663c3ca3aa0e1812eefea237deec91dd261a71ec03ea65f
TUAB,train/normal/01_tcp_ar/aaaaamez_s001_t001.edf,19651612,588306d5ae6bb89640927a7ebf5e43c57c5a3c30c4a514ef490e0afca491f4c4
TUAB,train/normal/01_tcp_ar/aaaaamfa_s001_t001.edf,19602094,2e3212a43d7f2452c74f58b0b691aa0506df52f6d9e2af19b81b0dc714988af8
TUAB,train/normal/01_tcp_ar/aaaaamfb_s001_t000.edf,19981732,9fd554124315c7691fea15002d02c54ba0c1b170fb2b897984c0794ca2df1ee1
TUAB,train/normal/01_tcp_ar/aaaaamfp_s001_t000.edf,19866190,5acaf2f56e6150a0c2d763a0cfd108d43f592ff7baa04ef16195905a70802931
TUAB,train/normal/01_tcp_ar/aaaaamfq_s001_t000.edf,19238962,b822027c0e5b8baafee9a42bcd6702d328a8374f46f0fe41a8679aa40b03c021
TUAB,train/normal/01_tcp_ar/aaaaamfs_s001_t000.edf,19007878,33773deff7f7d09a6c0c868e11f20efb4093d57e22a13e3ac2194cc4f399977e
TUAB,train/normal/01_tcp_ar/aaaaamfs_s002_t000.edf,19866190,4e113b08fbfb47a50e85d66b69aa5d48f147eb9e4c40ed8ea43775c8babb0b4d
TUAB,train/normal/01_tcp_ar/aaaaamfy_s001_t000.edf,19618600,51b04ce6eb5671f0c0a4826d6874359eb83f9d10ee9b606ce59e0701fb382cb7
TUAB,train/normal/01_tcp_ar/aaaaamgb_s001_t000.edf,20344864,3ae5c7d02d24a801ae75cf2372e3f85e2c8bad57b5b68424a03b04c45f574e34
TUAB,train/normal/01_tcp_ar/aaaaamgb_s002_t000.edf,22309078,015cb6aec13ab79a0c1c9b13b5f191ec37a0759a50f4aeff72710f9be5b84da3
TUAB,train/normal/01_tcp_ar/aaaaamgg_s001_t000.edf,22523656,766a0588fe023ccd287f1a345f62d40397b8ec2239c8c5db9b90d5e96454a323
TUAB,train/normal/01_tcp_ar/aaaaamgh_s001_t000.edf,20328358,d12a6dfc73e003abe3789552278605e70b16d2642f49b8b88b233b8007f932e3
TUAB,train/normal/01_tcp_ar/aaaaamgk_s001_t000.edf,19849684,fd6edf79901eee622d0928723a1d59f68fbe89059eadab495f758ec9fc77a119
TUAB,train/normal/01_tcp_ar/aaaaamgl_s001_t000.edf,23167390,93c01e1985e7b83d392d3022af21ea05ca3250920c8f8fe0b35fb3c8c306c79e
TUAB,train/normal/01_tcp_ar/aaaaamgm_s001_t000.edf,19915708,a0bec1706081caa62790c048009f63d819440ede5d2a979173bc86d435f518ce
TUAB,train/normal/01_tcp_ar/aaaaamgn_s001_t000.edf,19899202,97866a903ecc3dfc525e5a472f822d7d2e893cddf766941ee6ecfe85c4c2fcec
TUAB,train/normal/01_tcp_ar/aaaaamgo_s001_t000.edf,22853776,48db06467a9bc9154f3186177f5f10b79727c0d45675eb874c70ecc41d7222e0
TUAB,train/normal/01_tcp_ar/aaaaamgs_s001_t000.edf,23084860,3c5d90790208b5642b2d91dac561c34d92216713cc17fb7e3ce52441cb3f4555
TUAB,train/normal/01_tcp_ar/aaaaamgx_s001_t000.edf,24124738,db919aa5d0ba5e727c29ecbc49b123610bbdbb7c172a1000acf0f8eb53a64b9b
TUAB,train/normal/01_tcp_ar/aaaaamha_s001_t000.edf,23068354,0540752605789abb2f794a95134e0e46c352251f4778e8428ffbad9ad9d308ce
TUAB,train/normal/01_tcp_ar/aaaaamhc_s001_t000.edf,23035342,b177bacb25e17f99930f3e7c055bc713b80e0e6dea760597436f603b8d4c6b26
TUAB,train/normal/01_tcp_ar/aaaaamhf_s001_t000.edf,20245828,98782503850b03317b1c3a79488d10ce1996bf063790bfff567afba71713b756
TUAB,train/normal/01_tcp_ar/aaaaamhh_s001_t000.edf,19110194,b2b025d1ed5f2f838916f22e3f7f5751bb8429d28d9ee90064f337def2563e60
TUAB,train/normal/01_tcp_ar/aaaaamhh_s002_t000.edf,19483588,5e8a83a469b0b7c8304f17d9e5214988e0e9d0159cea101a456def967ccf9cb9
TUAB,train/normal/01_tcp_ar/aaaaamhl_s001_t000.edf,19849684,f91a561f8b641fe64acb34fabaca33b4f06a01992836aba88ec1f3befc7bd718
TUAB,train/normal/01_tcp_ar/aaaaamhl_s002_t000.edf,17123524,2621acee3ee22a6a65be3b55e116965a6142d87430411b17a9287a414bcc6209
TUAB,train/normal/01_tcp_ar/aaaaamhp_s001_t000.edf,20014744,fc71e3032441cbf8b729370516bd1b9f90b1c0b00add504d1679bb5c973efb75
TUAB,train/normal/01_tcp_ar/aaaaamht_s001_t000.edf,23728594,e68bbb4ce8c3d6d5c4b1eaa64f4221e2919cfa2a182801aad27ade8db91b36ac
TUAB,train/normal/01_tcp_ar/aaaaamhw_s001_t000.edf,23959678,398bbcfc4904f73a1be1f576072eb3eb7a7ff849dfc37997d6bd9c0828268a5f
TUAB,train/normal/01_tcp_ar/aaaaamhx_s001_t001.edf,19007878,d99dc2f297051f08fcf0e760f0a622009cbcc1da92dcb272a11feaedcbaffef6
TUAB,train/normal/01_tcp_ar/aaaaamib_s001_t000.edf,19882696,d7625be51a205f622c7e62e6fd9cd7143c7c11faeb07c89cc0f9d230704d283b
TUAB,train/normal/01_tcp_ar/aaaaamib_s002_t002.edf,18017518,3d60e28e7dfb748290ebd5f08ed662db18dce1586df74c1b121ccd6915e5cb0b
TUAB,train/normal/01_tcp_ar/aaaaamin_s002_t000.edf,23547028,616eea40f3bd10f0b3aa19a0b30fd0f4c2e22585742bf748353a7ba3c68564e8
TUAB,train/normal/01_tcp_ar/aaaaamir_s001_t000.edf,19866190,fd2b9362dbb327e3881c515aad7a356fc479e6736bce28b8de0f96ddf50cf496
TUAB,train/normal/01_tcp_ar/aaaaamja_s001_t000.edf,20080768,973ef68ee2b0da4972afe1f9afd3a1caca43f6cc8753ca915892570993ec178a
TUAB,train/normal/01_tcp_ar/aaaaamje_s001_t000.edf,21978958,ff8df4d9a290cc08500b9c4a9889d074271a518fc701be81fc0cf930c1a89ebc
TUAB,train/normal/01_tcp_ar/aaaaamjf_s001_t000.edf,19948720,bc2ed00c8412f791436b47fca6ca03da51d58f9b62065a18f46d859744fdfe6e
TUAB,train/normal/01_tcp_ar/aaaaamjg_s001_t000.edf,19849684,2b2d9b937289343b4db741989e916df6c77f2f55b8270163b666315aee414ec8
TUAB,train/normal/01_tcp_ar/aaaaamji_s001_t000.edf,19882696,b58dc2d23b7d3b0b9f8d6b55dd4d2c3ed0e0400ffaeab178fcea7b283bba91c1
TUAB,train/normal/01_tcp_ar/aaaaamjk_s002_t000.edf,24801484,ec66dd9bf067696056d20d75f88349e3c11bd96fc24f4bdfd1950b21787179ae
TUAB,train/normal/01_tcp_ar/aaaaamjm_s001_t000.edf,19899202,6e8a6c818f1847c7a91eb0eb30eef4dd1a79ce7a75afd2473fe85f00ab10b01d
TUAB,train/normal/01_tcp_ar/aaaaamjs_s001_t000.edf,19866190,eb08576413184898056d067eb0c351695b668e9afb6ce2e197fbc93f20486c9e
TUAB,train/normal/01_tcp_ar/aaaaamju_s001_t000.edf,20047756,4037eceab03fa1aeecbe9393e8046bf9347afbc363d8f7488c30a4baa427764d
TUAB,train/normal/01_tcp_ar/aaaaamju_s002_t019.edf,17324266,fcbab2348947db7d5b2ffce5b038318d2bc32ca1e31eb01ae9a63201f390bf90
TUAB,train/normal/01_tcp_ar/aaaaamkd_s001_t000.edf,20410888,2b5ee70bc10344649f3b88a5812b1d3c7dca28cf3215016541c0c92cb81f5ad3
TUAB,train/normal/01_tcp_ar/aaaaamkf_s001_t000.edf,19126072,5016d564ebc0737eec04e474f7431fbecabf321f89eb996ec1eb5e7a0a9e92f6
TUAB,train/normal/01_tcp_ar/aaaaamko_s001_t000.edf,19915708,23b948bcb9cb413192a485ac1fda6ab4613fb5599666632c370e11ff03cd16ce
TUAB,train/normal/01_tcp_ar/aaaaamkq_s001_t000.edf,20064262,b984405daaceebb839b5f01030653f2154d81cf9c57b7a9cd8e83dca0ee50c43
TUAB,train/normal/01_tcp_ar/aaaaamkr_s001_t000.edf,19932214,cbe8d9e3779a4606928758ef7bab43f87ebbfa19694f5e643c2212a78277e79d
TUAB,train/normal/01_tcp_ar/aaaaamkx_s001_t000.edf,23959678,8f62d5932279fba3c1a4877d19e124a4c0aa4efb03b05959abfe059886feebdb
TUAB,train/normal/01_tcp_ar/aaaaamky_s001_t000.edf,24339316,81cf288437c3487d317f28dc86ddf6ff22415dec65e13f9a4e07163432e0d850
TUAB,train/normal/01_tcp_ar/aaaaamld_s001_t000.edf,19189584,71c1ef7e0b285048aadd0ac708b87aa705a2a92203c98f07fac6fcfdae359d45
TUAB,train/normal/01_tcp_ar/aaaaamle_s001_t000.edf,23249920,f0f9369b6b73be13e3f458fa27c69bc4afe744f2c2ad40469d6830d5cc58832b
TUAB,train/normal/01_tcp_ar/aaaaamlf_s002_t001.edf,40548208,659e914a9ee16910f5ed35624b74813f06df03e8bbc5e2cd8f4556b01f78ed43
TUAB,train/normal/01_tcp_ar/aaaaamli_s001_t001.edf,19866190,fa1a69fcd32609a7685ee3006c8b8e89bb087355f13bf089499a4b3fe89fd8d4
TUAB,train/normal/01_tcp_ar/aaaaamlm_s001_t000.edf,20592454,cc26181e432105756906ebe6f41ffb60c2eef397f11f4198bd6bd7be708afc3b
TUAB,train/normal/01_tcp_ar/aaaaamlo_s001_t000.edf,19899202,f68d4098522f68a930e1dc774419c60883494e45c562a891fe322caa90ca53ab
TUAB,train/normal/01_tcp_ar/aaaaamly_s001_t001.edf,19783660,25c4a4abfedb2d50fbe140704834cb0e35bcbe77222d9cfbe314c04adf164941
TUAB,train/normal/01_tcp_ar/aaaaammb_s001_t000.edf,19932214,abbf5f07097e5587601f010c839472cec4925480ef4ada4de3c8a4eb39292636
TUAB,train/normal/01_tcp_ar/aaaaammg_s001_t000.edf,23381968,b508c2cfec351b5744d571e2e73cf340fd631aa44aedba1c43bd549f3fbaa527
TUAB,train/normal/01_tcp_ar/aaaaammj_s001_t000.edf,20427394,87aac851ebc8c63d40dd03c07fda0935a471a7b5c2c169b53f006b8d9493a466
TUAB,train/normal/01_tcp_ar/aaaaammk_s001_t000.edf,23943172,8142f15d3079a866e6c216d8c9faf3dc7f5ca3ccab3ffdcc2cb1c668e88166d9
TUAB,train/normal/01_tcp_ar/aaaaammm_s001_t001.edf,19915708,51c1905bbb8cbae992da7c2b69ad3df7c581933202280a617c358f442bd622cb
TUAB,train/normal/01_tcp_ar/aaaaammn_s001_t000.edf,20443900,8ab0000814100eb14b6a3688bb3533287f243e4e3c95c3d4f166b5fbe691216f
TUAB,train/normal/01_tcp_ar/aaaaammq_s002_t000.edf,19375540,3ec85c4a08874de5292f14894633a636328e8c0b3dcb96f2a567d909cedacfdf
TUAB,train/normal/01_tcp_ar/aaaaamms_s001_t001.edf,19618600,783af11c7686acc0834fc84dc358f5091e2e4049f78144a50988f35d26621c8d
TUAB,train/normal/01_tcp_ar/aaaaamnh_s001_t000.edf,16458244,3f8d9d78d188e9b8799354f0fe52e4f4cad617df36e3c2b9d0be6a7f84f6a943
TUAB,train/normal/01_tcp_ar/aaaaamni_s001_t000.edf,16444738,f182f695a97860a012a976fb8b7b1bab910f5849137a2144443d6617c1c9c6a3
TUAB,train/normal/01_tcp_ar/aaaaamnj_s001_t000.edf,19578130,133b1fcbc30149b2ea51f467024b7cbbd027849643a1b89c50b0bd42a973eddd
TUAB,train/normal/01_tcp_ar/aaaaamnj_s003_t000.edf,20645104,55d23de6af092dad626fda2ae578608b69a6d0fabcfdc0b1d20d1738ac36a0c5
TUAB,train/normal/01_tcp_ar/aaaaamnl_s001_t001.edf,22269916,0217d93356c5dc0e225916eb2169439abe5b27e66d3ead500177e13ab13ce20c
TUAB,train/normal/01_tcp_ar/aaaaamnl_s002_t000.edf,22044982,e088222178fb6913eaeb9de04173f779b5f6dd53041ed20680dc45f78ef2c126
TUAB,train/normal/01_tcp_ar/aaaaamnn_s001_t000.edf,20415502,392056b64a2c5afa8a30f4f08629c5122f2dfd328aebac889e691409afa5e9bf
TUAB,train/normal/01_tcp_ar/aaaaamnw_s001_t000.edf,31090270,a9d7f43eec036ce636430e4993dc1cf6a27188fece0f5f8df847d196ce99147e
TUAB,train/normal/01_tcp_ar/aaaaamnx_s001_t000.edf,16404220,d851321d61d8c4fed49c49dbb719e7250de611ebd754cfeec8bab2a7b1d260b3
TUAB,train/normal/01_tcp_ar/aaaaamnz_s001_t000.edf,16269160,933328b5b4d5d40b0c86232fc46743e89c3e8a4181a4b1bb2d80f5adffb1dcf1
TUAB,train/normal/01_tcp_ar/aaaaamob_s001_t000.edf,23764990,0883640d24e7665b726a9c26a508b31d185b7d42c0fc4b2d44418c58ca29b376
TUAB,train/normal/01_tcp_ar/aaaaamob_s002_t007.edf,17157160,815c74ffb5deabb1114ca9b4eb0b795d580da4ff7d357b6473669a15fffe3634
TUAB,train/normal/01_tcp_ar/aaaaamob_s003_t001.edf,32507794,df1a388b5b0b5181c583ddec39308c1febf81cfdb1e41c720477da5bffe4314f
TUAB,train/normal/01_tcp_ar/aaaaamoc_s001_t000.edf,25428712,ecd0d284f23fea673f5204cd1b8ff3263976a61dcfd46c356cd8dbda064752e5
TUAB,train/normal/01_tcp_ar/aaaaamoc_s002_t000.edf,18241036,702e08838ae7616af7c8183564f8f86d530ad4fcbb146183afc0b17d34d2302f
TUAB,train/normal/01_tcp_ar/aaaaamoc_s003_t000.edf,19983310,55c3b114cecb6c54a91f181f0ea44ae4d6253c544c805a2b2987d4ace59426ee
TUAB,train/normal/01_tcp_ar/aaaaamog_s001_t000.edf,19159444,f5fe9f756c05a82ca54ac126a24a1886732b105cd0887027281ec7cd6a9c2c83
TUAB,train/normal/01_tcp_ar/aaaaamog_s002_t000.edf,24884014,b0c5d4522932930e4d8902d6ebefc5df0dd632555c00974ad2dc603f0a3801ca
TUAB,train/normal/01_tcp_ar/aaaaamoo_s001_t000.edf,22870282,616ffbee47995141562594b7052c7aeca8ecebbf98d5c6a7942b9d630278282d
TUAB,train/normal/01_tcp_ar/aaaaamoq_s001_t000.edf,20097274,fb6ee81c445a48f7adcd9e5095183b1ea631ce2585daef5e8398e0e64a3d1cec
TUAB,train/normal/01_tcp_ar/aaaaamoq_s002_t000.edf,18983866,3c6d5fdcd579531b77d8aea2932fc824e7da72838f2a913551c2a69e1363d4e1
TUAB,train/normal/01_tcp_ar/aaaaamor_s001_t000.edf,19932214,e2c5a4adc2d0f9bab54c1d075e9558772990030ca69c6fec32704ce0e5d6c7b8
TUAB,train/normal/01_tcp_ar/aaaaamot_s001_t001.edf,30149428,10a1142c91d746600d6efc4c6aaa372f536f692c6ed04187ab30a3fefae5f590
TUAB,train/normal/01_tcp_ar/aaaaamov_s001_t000.edf,24322810,a44ddbeec2a1c78978a8f4f2b900b4c7048315ea4351483a6069e02567aa8243
TUAB,train/normal/01_tcp_ar/aaaaamoz_s001_t000.edf,23844136,fafc6c9f9d9bb22ea46d3369eedcd3f8d194d46e446433681178a8ded8b26eac
TUAB,train/normal/01_tcp_ar/aaaaampa_s001_t000.edf,19882696,747938935bf68ccbc40d9a44e4f7bb58f1c3d774362b82c5d67323e3889704e7
TUAB,train/normal/01_tcp_ar/aaaaampm_s001_t000.edf,18767770,5e8dc8224088c9ab39ec509ad6237ddc921142d3ed09cd3107386b5a868a124e
TUAB,train/normal/01_tcp_ar/aaaaampm_s002_t000.edf,22860088,f54dd36fd50f71024d829911db2f6b25a99ff4a8d72476ab1487e7604cd8a232
TUAB,train/normal/01_tcp_ar/aaaaampv_s001_t000.edf,19882696,4ab9a9acb27c8cc1b9dd81173fd78fb54f6b66dc4e78adf0f1c85c5724151ffe
TUAB,train/normal/01_tcp_ar/aaaaampw_s001_t000.edf,22853776,ece75c70eb93bd916998ddb6fed44f94baae7367338458db4fdf83758e68a969
TUAB,train/normal/01_tcp_ar/aaaaamqb_s001_t000.edf,16309678,4028e74c1410947dc5bdcfffe10bdde91a12582660a8302088567b9bcdab90fd
TUAB,train/normal/01_tcp_ar/aaaaamqc_s001_t000.edf,19948720,48717259f3af024a3d30f68cb7ccc7adc0d465fb0649c7c85022c2f07548f00a
TUAB,train/normal/01_tcp_ar/aaaaamqe_s001_t000.edf,19866190,2c9a66e8a8ba3e38aa06a858bdd408e11c05f361986cbef843e28d218405b367
TUAB,train/normal/01_tcp_ar/aaaaamqr_s001_t000.edf,16390714,6bd3b1b5f6303a174c76867a61cc002e6518b53c422948aac62d292f6aa2fd1c
TUAB,train/normal/01_tcp_ar/aaaaamqu_s001_t000.edf,23134378,ee15ee5c2207c32a0413c98ad9db6b699922210860332a2c68f2cfe01122cb73
TUAB,train/normal/01_tcp_ar/aaaaamqv_s001_t000.edf,24751966,399f690f293ee166691f54fcf7a7ebbe04db978e37e9c1abbad6637130edbcdc
TUAB,train/normal/01_tcp_ar/aaaaamrc_s001_t000.edf,19965226,ca54593d2acadc11d8372cb6324f2bdef611be3e0cec20b75f936ee9aabcd0dd
TUAB,train/normal/01_tcp_ar/aaaaamrf_s001_t000.edf,18916336,2b45e882a2f75fa86d15f43297fa976f51489ac36fbfbc56747d4202d7439140
TUAB,train/normal/01_tcp_ar/aaaaamrm_s001_t000.edf,27706540,3cd224b47f656f9691df8e12ce7addd45c8df6edd45d899d438ce4c4f35188bf
TUAB,train/normal/01_tcp_ar/aaaaamrv_s001_t000.edf,20707996,98afc1b15a6271ca7a102bf6f36d01ad46fe27a292275fbe03abb9ea812c9fdc
TUAB,train/normal/01_tcp_ar/aaaaamrx_s001_t001.edf,22193536,c0c323874d88f4aec74b7fa5330315298e898dcfbee6916bc035a8b4e23a9113
TUAB,train/normal/01_tcp_ar/aaaaamrx_s002_t000.edf,17336134,52275ae5061e2e44cbc956540fabf5cb86e92d6fe9e325cd693bd877df9b6e3c
TUAB,train/normal/01_tcp_ar/aaaaamsf_s001_t000.edf,19686178,bf1eb1ae0f470683cc04c583344104c6d43444c6db8ca2e76108da6fce8a5721
TUAB,train/normal/01_tcp_ar/aaaaamsg_s001_t000.edf,21384742,0b2046c5cfa6d6d21752e078dc3301545bab8a7ca3bea4b3456ede9a8dd6c47c
TUAB,train/normal/01_tcp_ar/aaaaamsh_s001_t000.edf,16498762,a16ed5eb64a058d4841940237b98d3a1884ba540144706f432fe42e12db41970
TUAB,train/normal/01_tcp_ar/aaaaamsl_s001_t000.edf,23266426,af3471cd5c56e9cd9f8403efa94d7cb4e9de3a6ee0ee1e485431acd8b511877b
TUAB,train/normal/01_tcp_ar/aaaaamsn_s001_t000.edf,20163298,5b38872b9b47eade921be11e40c5f76a5b7a464a339fa8110dfd168ff9557828
TUAB,train/normal/01_tcp_ar/aaaaamsp_s001_t001.edf,22490644,754d2fc726fb0a2cda5777c247d2ba6ea6d06471dcfdf6747952eb49c67f067c
TUAB,train/normal/01_tcp_ar/aaaaamsq_s001_t000.edf,20526430,a4765c07eb8177a387ac7394d0521ae05de997471a9861b6241dc0228844e8a6
TUAB,train/normal/01_tcp_ar/aaaaamsu_s001_t000.edf,19780720,77010b9400f9c72b80e46e231a552cbabb9d0d8a63680f157e9941d06344b7ef
TUAB,train/normal/01_tcp_ar/aaaaamsw_s002_t000.edf,19483588,78c4ec576c5ec98cdd1e3b00ce4f1296c306cc75a2d3eadb4103d1554c061a1d
TUAB,train/normal/01_tcp_ar/aaaaamsw_s003_t000.edf,19794226,99aa4e2795455a14fd8f7d9e265679b82aca9178dcb301b082b6eea5e5bae024
TUAB,train/normal/01_tcp_ar/aaaaamsx_s001_t000.edf,16296172,0659994e45691a2d9ff8e76133bd6a6fabe24e20a8c285c41fcb364de6f8a22c
TUAB,train/normal/01_tcp_ar/aaaaamtg_s001_t000.edf,23811124,042ccd15de2063cae4a9c63bf9c87549c574228aa1ea4e488ca5c8031c4af3da
TUAB,train/normal/01_tcp_ar/aaaaamth_s001_t000.edf,20266936,f54f5c52fc9f83a514b0a8b9c85823bee1724e22493f15b46b6f943cd5999c8a
TUAB,train/normal/01_tcp_ar/aaaaamth_s002_t000.edf,19132432,76af6a5a154aac90785791fda4d898b5a1181d9159545a34b232dec9a5059fff
TUAB,train/normal/01_tcp_ar/aaaaamti_s001_t000.edf,18727252,a7fb1ee6effdcd86f5eb9b5d6fc41c7e65cc6676803414af42708f6ab6eedaff
TUAB,train/normal/01_tcp_ar/aaaaamti_s002_t000.edf,16701352,fd8f247795d099da31ec970fa380026f91cc200c902f49a4252e8c8ed1452ace
TUAB,train/normal/01_tcp_ar/aaaaamtl_s002_t000.edf,19132432,91242ab729a33dddf40f03d98f758a41ca330c7d0f5cc782c802bea22e8f0c8c
TUAB,train/normal/01_tcp_ar/aaaaamtn_s001_t000.edf,16269160,dda0474b305efdf0ebf90f0f5645e709693fc6ec4ab86d21e128ebe71d8b853c
TUAB,train/normal/01_tcp_ar/aaaaamtu_s001_t000.edf,23266426,4046f4e4aef47e79561f8dbc97c2f41bfc6645b8f3d674b8f4aacb0333bbde44
TUAB,train/normal/01_tcp_ar/aaaaamtx_s001_t000.edf,19578130,2720a24a915fba3266f9534230f1ea9e61c5bac35324eec72bd4808b03709d33
TUAB,train/normal/01_tcp_ar/aaaaamua_s001_t000.edf,19965226,8b0c45f6019e75fea7f6b15b0335e048a62ba17d76ebacd3b8d165c325538d6b
TUAB,train/normal/01_tcp_ar/aaaaamuf_s001_t000.edf,23101366,4259c4ff5c7f33d15c4fbb0fac427e0940e1dd6dc460d1d41582b24ee5ffad6a
TUAB,train/normal/01_tcp_ar/aaaaamuj_s001_t000.edf,19141950,00f2106313a37f821816d6cadfccfcb235de032f85539cb288ea7808faef633e
TUAB,train/normal/01_tcp_ar/aaaaamuk_s001_t000.edf,22820764,f0eb3a0f7ac3fc48f58659b850493d76ddfa89928fd7bdaf887fe4b6fb1adf29
TUAB,train/normal/01_tcp_ar/aaaaamum_s001_t000.edf,19866190,f98e39980a81de0ad1748978d8fb03835858bac09c501adfa7000a3523f933d2
TUAB,train/normal/01_tcp_ar/aaaaamuo_s001_t000.edf,22820764,5563baaa038eeba121a86be582b940dca39f538fe7a91b5f7733283ac4f9661d
TUAB,train/normal/01_tcp_ar/aaaaamux_s001_t000.edf,16728364,8f3b1dafbff4af80e3b010f0aad3ffe46db1a070568c598209677a088cfdeac6
TUAB,train/normal/01_tcp_ar/aaaaamvc_s001_t000.edf,24405340,f5eee585b760b3a5fadec0cf34d9e75e7ccb43e9402d9a4607133e16dfbeaac3
TUAB,train/normal/01_tcp_ar/aaaaamvc_s002_t000.edf,18902830,f3044025c28a2e208bed6efcba5683aefaea574e165284ddfa966f228ac5119e
TUAB,train/normal/01_tcp_ar/aaaaamvc_s003_t001.edf,18335578,4c01c324adc935c21f9413ea689ffa329a769eb6f277d19ce996813fdecabc13
TUAB,train/normal/01_tcp_ar/aaaaamvd_s001_t000.edf,23035342,8ffbd03f84da6160db9ee7ad22c069a014232ebeb91469d1d22eeb7f7b4d26da
TUAB,train/normal/01_tcp_ar/aaaaamvf_s001_t000.edf,16282666,0936614fc4d3a48611a1f0458d7c11824eb0623704b50f2d2159a6e8ac49069c
TUAB,train/normal/01_tcp_ar/aaaaamvg_s002_t000.edf,22688716,039a9628087a3212b81d8ba8009cd766d8e41e239d7930e6c9d06aa9b3ccb4ba
TUAB,train/normal/01_tcp_ar/aaaaamvg_s004_t000.edf,14378854,594a86af5ed64996977b6a2ee46d04d6fc707fcb8dfbcbc0e40aa3b05f8a2aee
TUAB,train/normal/01_tcp_ar/aaaaamvh_s001_t000.edf,19899202,07f8132f2e087f266fbc094ff6fc1b8c8588486ecf42341bd2d83d67d803843c
TUAB,train/normal/01_tcp_ar/aaaaamvj_s001_t000.edf,20658478,442faf384ff46edcaa976a93bd123fee9722aeed9338e1dbb10692ab0396c05d
TUAB,train/normal/01_tcp_ar/aaaaamvl_s001_t000.edf,16458244,42eb3c60230a93f73576f0aa469e2e77d4f53e166c859be4b3184bc4a9378549
TUAB,train/normal/01_tcp_ar/aaaaamvo_s001_t000.edf,19981732,55a05143781b511a1974e47d30cff202888510cba8f25f77d57b7770f8b259cb
TUAB,train/normal/01_tcp_ar/aaaaamvq_s001_t000.edf,18713746,7da6445a0e69ea45b279a51f257701f2ceae3a08f23afc3c9755a581980e6396
TUAB,train/normal/01_tcp_ar/aaaaamvr_s001_t001.edf,22044982,3466f22b18ab1b55dfdc2aaa8182ced8d85ddab9f286ce8d473b9b62038611a9
TUAB,train/normal/01_tcp_ar/aaaaamvs_s001_t002.edf,14728498,990981f5aa9843241e8985608945cd41f21193ee9ea136f800456d6447b5daec
TUAB,train/normal/01_tcp_ar/aaaaamwd_s001_t001.edf,22243054,cbfec7995fda2d784c8493ba417597f4c374d0c1920c646e9465fa9c8a481374
TUAB,train/normal/01_tcp_ar/aaaaamwe_s001_t000.edf,20889562,da5c90b978dc3630f30a6a1bbfee671f7d4a78cf5c27bc38b195666d639bd65d
TUAB,train/normal/01_tcp_ar/aaaaamwf_s002_t000.edf,20253430,e8cec5328caf28cb09510fdd38c1bc7df6c87bc0df11ed2ebca04b3ebbcfe364
TUAB,train/normal/01_tcp_ar/aaaaamwg_s001_t000.edf,22969318,2c6e94857ed05b74d12e6e9d85e2434dae50fee59400ffc5e047710a870b8780
TUAB,train/normal/01_tcp_ar/aaaaamwh_s001_t000.edf,22837270,aa63541536dfb88037dbc5e6b880eb046f3eb548156ce9c50f5773b5d3990686
TUAB,train/normal/01_tcp_ar/aaaaamwi_s001_t000.edf,20523550,2ac1140b8e12fe07bf88c72ab2a2da7e63774fbff38c777b2dc6cafce72cf418
TUAB,train/normal/01_tcp_ar/aaaaamwi_s002_t000.edf,16899428,32b9148f44f9fb1611bc330bdf102aed3c01ab4b71ac4119c88e041742d14f44
TUAB,train/normal/01_tcp_ar/aaaaamwp_s002_t000.edf,18686734,26206a895eafac590024dced01908359e4c5128c01c77a65f1069802f2b3c7c6
TUAB,train/normal/01_tcp_ar/aaaaamwq_s002_t000.edf,40458460,af543b0252b23431b9d8009eb666329c20ea52d745b7d2ba55d594eba80aba9f
TUAB,train/normal/01_tcp_ar/aaaaamwr_s001_t000.edf,19699684,ac703f5695937830dbd287b58798c92af48561bea4e4779294c9c2817412ccc6
TUAB,train/normal/01_tcp_ar/aaaaamws_s001_t000.edf,16363702,d69f3c6f56904dcfbe825d848341b9a488f3b0d2e8be38014b2f0dc2c801be51
TUAB,train/normal/01_tcp_ar/aaaaamwt_s001_t000.edf,17498206,9202ad1344876c8d56f180801854ff94d7c627b185d8ac964e3db32f5d272fc7
TUAB,train/normal/01_tcp_ar/aaaaamww_s001_t000.edf,19199962,45bea035ec587621b534ba45c4cd242f5e2cd0b98bf1265260fbc5b23560757e
TUAB,train/normal/01_tcp_ar/aaaaamwx_s001_t000.edf,18848806,0d196c4a42ac23bc376bd33204b715f31a5ec207466f99e8c364579c4ebb8f1a
TUAB,train/normal/01_tcp_ar/aaaaamxa_s001_t000.edf,16701352,8e42e90382b612f80d5c453ad89a1a8f19d579798a32e21291ae4a3376047003
TUAB,train/normal/01_tcp_ar/aaaaamxb_s001_t000.edf,19551118,68d2f8faa245e7aafe744681edcbe3059b72b54d6179d623b3ca5d952e45fbab
TUAB,train/normal/01_tcp_ar/aaaaamxc_s001_t000.edf,16404220,a3c057322204f1f32b6e8df2eea369917b2324938089ec3eb9b9ca6d1e49ab26
TUAB,train/normal/01_tcp_ar/aaaaamxf_s001_t000.edf,18740758,595d000707a61635725126498ad2bd6135461efd198e0ddb57d1589f2a0e3a99
TUAB,train/normal/01_tcp_ar/aaaaamxg_s001_t000.edf,16885422,d6b9b9ac3153b886c34c7dc8ffb0fa7e8306e74891b1d411c157b556d1d8df64
TUAB,train/normal/01_tcp_ar/aaaaamxu_s001_t000.edf,16269160,ee7032b24fa49b981ad543bbc82be630aec696b1cc5dcfddd1ffd9c3959efa65
TUAB,train/normal/01_tcp_ar/aaaaamxw_s001_t000.edf,18875818,ab31991b34a58b87bf1b06af9b7b66d2c0b20e648bd98ce9f7b7ce02f5ee36e9
TUAB,train/normal/01_tcp_ar/aaaaamxx_s001_t000.edf,17214580,5a814597e3cb524583bcc62654b91e13b267d8727ac5a5d89073391e68616086
TUAB,train/normal/01_tcp_ar/aaaaamyc_s002_t000.edf,21896428,9e900dec495529d3e1748c682b11e8e13e4f4fbac65500fa0f3344b7e89550bb
TUAB,train/normal/01_tcp_ar/aaaaamyg_s001_t000.edf,16309678,1e3134bea31e6f82ebf00e55137266c05ee07b9a40468a9dbd7ec9af6aa0fea4
TUAB,train/normal/01_tcp_ar/aaaaamyh_s001_t002.edf,13014214,d5b35ac1307bb4a04eb9c89deecc964e5e98aebadeae6b7810f439e4b5b2abb3
TUAB,train/normal/01_tcp_ar/aaaaamyj_s001_t000.edf,16269160,5994e84518857b4941e371ec5f91e99852fc3cd33463ed2fbb85f4ccf0e9eb51
TUAB,train/normal/01_tcp_ar/aaaaamyl_s001_t000.edf,16390714,63557eb1a33bc305b93a7354832ea0a5b2de053d96ba5c7c19f1abeeda6e7d27
TUAB,train/normal/01_tcp_ar/aaaaamyp_s001_t000.edf,17109518,9ecd8b6f1a2384104979820a98275e73f8cfacf4f5753aff51d151e552526a3c
TUAB,train/normal/01_tcp_ar/aaaaamys_s001_t000.edf,24359254,34e5b93b42e27094e1c7f83081f556c946177da1e501637a3e0277ce9a6e9ffa
TUAB,train/normal/01_tcp_ar/aaaaamyw_s001_t000.edf,18713746,6302437ec72b92afde07fd46ae1ceffa4356c877e84e669e2b03ba20d3512a02
TUAB,train/normal/01_tcp_ar/aaaaamzc_s001_t000.edf,18673228,93fed65371d362ab31ceb62db71c679727f93a5e8e73dc7e6bc5418995d052ac
TUAB,train/normal/01_tcp_ar/aaaaamzc_s002_t000.edf,21879922,a2615a834771721a5638ed33d19a203e7df67b66b522a80b61b2fe4ebd1c0e7b
TUAB,train/normal/01_tcp_ar/aaaaamze_s001_t001.edf,15890992,85e5fd8f94ffec0c32654f214732b91c8c79c4418a4ae0eccd18204260d84e14
TUAB,train/normal/01_tcp_ar/aaaaamzf_s001_t001.edf,16228642,ab3849bc66735220b8c4e287fa49207af06586c3e28fca6482ba464f4df942cd
TUAB,train/normal/01_tcp_ar/aaaaamzo_s001_t001.edf,18484144,3fa1216251e48b956aa63fa185e9385eb4dd74f8e070c3044c49de469415b4e6
TUAB,train/normal/01_tcp_ar/aaaaamzq_s001_t000.edf,16269160,0f0d779f7357ea44840f07963e48255c3d31905d458d5e3c4922c99d1f17e191
TUAB,train/normal/01_tcp_ar/aaaaamzs_s001_t000.edf,18767770,fef5878ca8a1ced1d60a0c6782bee90c515606070f3853f8b860cf7253db2cfc
TUAB,train/normal/01_tcp_ar/aaaaamzv_s001_t000.edf,23130208,22de506a1836589f94b4b7419b53792869f4723a9528e7bf7460272ea5346e1e
TUAB,train/normal/01_tcp_ar/aaaaamzw_s001_t000.edf,16269160,e59028908e740534d4fd234f880298d9a4ba2a3dae1358c117431487050cf675
TUAB,train/normal/01_tcp_ar/aaaaanaf_s001_t000.edf,16363702,b57f8f519b2e2650a7a2dce08c88a6f380d40f2dbdfb56c249f02f91b380f0fe
TUAB,train/normal/01_tcp_ar/aaaaanah_s001_t000.edf,18794782,26cdfbd23548b99bc68c782aeb01bf8b8d1156c507883f7ac2935bf4ec78b223
TUAB,train/normal/01_tcp_ar/aaaaanaj_s001_t000.edf,16269160,0e1144a80b0acff8c10c54d1f91d533bb4339a23b5f0bd52e9e85897fe1e1bea
TUAB,train/normal/01_tcp_ar/aaaaanat_s001_t000.edf,16269160,4797d6656a000732e99e2ab1863109ea428a7b12cef6d396186c94a11e9dba23
TUAB,train/normal/01_tcp_ar/aaaaanaw_s001_t000.edf,19632154,715b9e83b9da96296a2c3cec7ddc17b8e9455decc9b2612f3797c87dea6538d9
TUAB,train/normal/01_tcp_ar/aaaaanax_s001_t000.edf,16255654,88e01014cb1652a12ae0bc82b05d9ae73f3e51f7186560f5bd8ebf90e579a776
TUAB,train/normal/01_tcp_ar/aaaaanay_s001_t000.edf,19866190,39dbba4766f067f6a8768014bd479553ec5c7759b475d67e9b5b94392abc577b
TUAB,train/normal/01_tcp_ar/aaaaanay_s002_t000.edf,18997372,812c2f82fcd872c8c937f3c4ccebba42ef6f408f2a47079229afa36952720a81
TUAB,train/normal/01_tcp_ar/aaaaanbc_s001_t000.edf,19416058,538b9e35622d230579fd683b725a3b82b86f203d7e53b372dbaa74618734fc92
TUAB,train/normal/01_tcp_ar/aaaaanbe_s002_t003.edf,15940296,8c4fa795efd459d3451c1516ed03bae60231417ee586451741ae28b08a751738
TUAB,train/normal/01_tcp_ar/aaaaanbg_s001_t000.edf,20293948,264a5a0fd958fe1d7f3da546bb24ea7cfb658c60bf52202ad90a225e6aa28271
TUAB,train/normal/01_tcp_ar/aaaaanbh_s001_t000.edf,16913434,104ddfee03ceb752788478c66131c5f7c19ef4b348e3f207c600ea6cce4e17e5
TUAB,train/normal/01_tcp_ar/aaaaanbi_s001_t000.edf,16242148,b68fd19f13d5a0495ef50fb71e41fb90b17c911ad329ebdf04cd07087eba92a4
TUAB,train/normal/01_tcp_ar/aaaaanbs_s001_t000.edf,18214024,3f909918b7686b81255f07e1d46af63046dad2fc149a402e2c6c483134a93452
TUAB,train/normal/01_tcp_ar/aaaaanbv_s001_t000.edf,24570400,7dbe2fe09da41025cbddf7bb9a25a1ea6ae2956b12b10be03054710495733b67
TUAB,train/normal/01_tcp_ar/aaaaanbw_s002_t000.edf,16282666,d898bd325afd9a4889360f369159089a87bf6375d4f7ea89e651b714739a1577
TUAB,train/normal/01_tcp_ar/aaaaanbx_s001_t000.edf,16871416,666e59e78602d15ae368c43b8a6a600f8222936afce20234f2f8763fb273c4e5
TUAB,train/normal/01_tcp_ar/aaaaanby_s001_t001.edf,15728920,72b2fe33c363b4d0f24a0a78c4be0068e56e99f3a4216f68fd156fb99e160127
TUAB,train/normal/01_tcp_ar/aaaaancd_s001_t001.edf,16215136,5e2aae6a735042616ca84a229ff58f0664e9120f47e707ec8259aca8d690c562
TUAB,train/normal/01_tcp_ar/aaaaancf_s001_t000.edf,18902830,a053f4f3dd2a07b9c147198cf774e50c770a2700e67d1405c7e8e32415035226
TUAB,train/normal/01_tcp_ar/aaaaanch_s001_t000.edf,18700240,a61078530cb82b4fee8f072d3c33949277985bc69d72f9adeb8254f3b511d43e
TUAB,train/normal/01_tcp_ar/aaaaanci_s001_t000.edf,16255654,5a8c76d70f1078c2f9e57c112d2e0470d7714188cdb5d0914f57cdfb2f9a302e
TUAB,train/normal/01_tcp_ar/aaaaancj_s001_t000.edf,20104864,8ef766e5c7b2a1b48564bff31a98274ce36909e53735ce071737c84f7addef38
TUAB,train/normal/01_tcp_ar/aaaaancn_s001_t000.edf,16955452,2105974a705908731cd5b6a513c7d52015f442734f21b0d5022b69cc3d8456ae
TUAB,train/normal/01_tcp_ar/aaaaancs_s001_t000.edf,14944378,b587a62f6c08d2d6c1b175074a04ecf9f4c6c69024492983043d8604d8a30b31
TUAB,train/normal/01_tcp_ar/aaaaanct_s001_t000.edf,29390152,fe11bc088b827ca66f391d18a916e0e866d82f4563abf90df7a179326c6d05a6
TUAB,train/normal/01_tcp_ar/aaaaancu_s001_t000.edf,16242148,189a9cc4d78f125f1b49a22c6f12fe3082634d07c1c956cfe0fa8515e3fd3dae
TUAB,train/normal/01_tcp_ar/aaaaancz_s001_t000.edf,16606810,d68b1537ce8a423537f223446ccc35abbda6aa21644b423d349318ea0fa4a6d1
TUAB,train/normal/01_tcp_ar/aaaaandc_s001_t000.edf,16539280,233f8e5f569c40fee69695e1fb7208dd3463284416b8dffed87b0d8a8f6e3a4a
TUAB,train/normal/01_tcp_ar/aaaaandf_s001_t001.edf,13930156,7ca09b73ec1e51993a21a072720027e763ba8e501974961f7b8c7fab1e71a2c1
TUAB,train/normal/01_tcp_ar/aaaaandl_s001_t001.edf,17322628,3570511cc4290ae3d9dd534e107916fb8e77957ad2312cfbc19f2c9385e516a0
TUAB,train/normal/01_tcp_ar/aaaaandn_s001_t000.edf,18767770,4ca2c6fed593407d0de98fcc63329cba0b8da85620c83ea0e039595d38634b89
TUAB,train/normal/01_tcp_ar/aaaaandp_s001_t000.edf,18187012,4ff617e66294b4add13c957fd2703dc577b8a6a0f81f3eed6e54252b85fd19c3
TUAB,train/normal/01_tcp_ar/aaaaands_s002_t000.edf,16998484,167009a733c0721a41cac838e5be6c1504083aeac386b1248a7e6dea14d15891
TUAB,train/normal/01_tcp_ar/aaaaandt_s001_t000.edf,15485812,5e390d05cc91881f4a002d264c684e100a132b4e605040c05dadbada897191ce
TUAB,train/normal/01_tcp_ar/aaaaandw_s001_t001.edf,13916150,6e96c37ba8565f6a76bc512e302bbe09f6311a656ec94ffc7c579ea8c1cc5ef2
TUAB,train/normal/01_tcp_ar/aaaaanea_s001_t000.edf,19980748,3473229b5637a67bee44bc9997e6a3c3dbebfc1afdf003ec8e7f877ddfd3d51d
TUAB,train/normal/01_tcp_ar/aaaaaned_s001_t001.edf,16998484,07c15e2f93a5be078e66e5d6e599786fb2cf9cc287a201828dffea04a34ba4ce
TUAB,train/normal/01_tcp_ar/aaaaanee_s001_t000.edf,16822906,53da15e21619751c287c04bc807974f9eb63e0a020122b517b629ad6409894cc
TUAB,train/normal/01_tcp_ar/aaaaanep_s004_t000.edf,16282666,d35ebd2caac392bf4f8a463365c1393b4b5c08213aa3fb9e77cb281c206f0215
TUAB,train/normal/01_tcp_ar/aaaaaner_s001_t000.edf,18727252,8f2575d254dfdc8854bbfa0bd219bfdb77fb8554f83dda58650298db0b15ddb4
TUAB,train/normal/01_tcp_ar/aaaaanet_s001_t000.edf,17903386,4e34341d28690b2a78b4e33025ebe969fb232b2ded3fb3ae0ceffe9f05433bf0
TUAB,train/normal/01_tcp_ar/aaaaanev_s001_t000.edf,20429008,572bc2115736d2c79e220f9b71819cf86a66af811c916ea9a1f987b82f89fbb6
TUAB,train/normal/01_tcp_ar/aaaaanew_s001_t000.edf,17201074,dd2dfcdfb548c8c71b86009cf39d675367d7fd2bca3e95d4e5a6b742c3d0959f
TUAB,train/normal/01_tcp_ar/aaaaanez_s001_t000.edf,16242148,55882286e5be17d28829cbbb19d262824b7a3ca422eb47dfc85a2d2eeb2752bf
TUAB,train/normal/01_tcp_ar/aaaaanfb_s001_t000.edf,17093026,7955cf289c8f9e98ef14f5c006760e14c348da5fcb888bb287ee0f0f29245db9
TUAB,train/normal/01_tcp_ar/aaaaanfd_s001_t000.edf,16539280,72176ab87321e098757037a17a1575a7947fc378e0b51359478dfbf7d9c6f242
TUAB,train/normal/01_tcp_ar/aaaaanfh_s001_t000.edf,16269160,aaa21f255a7865d43d9a504fbba5f46351eeb9955fa171d8ecab0f0d2288a47e
TUAB,train/normal/01_tcp_ar/aaaaanfk_s001_t000.edf,16809400,4733722fa746b02e591743f242fbd92e84d2fe1be4e835b573b32351024dbbe6
TUAB,train/normal/01_tcp_ar/aaaaanfk_s002_t000.edf,18700240,0af846dd3306526d59e0c96b0d7124523eac4ac5620cb43675fe7934617d8750
TUAB,train/normal/01_tcp_ar/aaaaanfo_s001_t000.edf,19497094,ca8c9c29b915e1f786e1d37d1631b16a2349a897ff3ad5a46790a0594bc3181a
TUAB,train/normal/01_tcp_ar/aaaaanfq_s001_t000.edf,16255654,1ef7b0d374cac22b5607db51440e45f845117013e795c5b420191f1aefe97753
TUAB,train/normal/01_tcp_ar/aaaaanft_s001_t000.edf,16255654,28deb74e27cf10ee0e5f2de28703fe34250190d91ff51fa5d45bd8984c2f9cfb
TUAB,train/normal/01_tcp_ar/aaaaanfu_s002_t001.edf,17011476,a2bf68c985df0ebfc7b35317fd588317b7b13f302f1be2bcb3c7a50476f4a606
TUAB,train/normal/01_tcp_ar/aaaaanfw_s001_t000.edf,17753794,efc20ab9aa81674eacad1c6138aead77da9d1e46e3693e898130886c563f9204
TUAB,train/normal/01_tcp_ar/aaaaanfx_s001_t000.edf,16969458,f223af3f27274d6e0a09892c156dd27c1fa766e4400a4c4037f6d5e517533b50
TUAB,train/normal/01_tcp_ar/aaaaangb_s001_t000.edf,18790238,f2e3ca0c957b19dfb6857853d6d53ae32e636a25dd4227c2d14c20d5d381664b
TUAB,train/normal/01_tcp_ar/aaaaangg_s001_t001.edf,15485812,8d09e116fac9d1d852db04e669d48cba9731eaf2cfcb9caab2c03ed2de3ef75f
TUAB,train/normal/01_tcp_ar/aaaaangh_s001_t000.edf,17309122,9c4308886b36ba08dc528cafb56b301345fd2a5f9946081d9a9b078f50079d58
TUAB,train/normal/01_tcp_ar/aaaaangi_s001_t000.edf,14567404,17a03d77ac52dbb75c325639370317a820a6174905af25f1a726916162eaf782
TUAB,train/normal/01_tcp_ar/aaaaangk_s001_t000.edf,22427896,8b0a5bd0c298dab76401ce8999fca87721efd386288223717ca8e5905fbd4312
TUAB,train/normal/01_tcp_ar/aaaaangl_s001_t000.edf,20496538,a22cf043aa4b82fd5af77aaa4740036a24ea3532356d4ffe1db2c4f57bbdcbc4
TUAB,train/normal/01_tcp_ar/aaaaangn_s001_t000.edf,18848806,fdc3f8d26cf30a1a012097b31aa6408761370bf413380e1937d55d22101ff842
TUAB,train/normal/01_tcp_ar/aaaaango_s001_t000.edf,17093026,e48b1a04337a4d76bbc957cc1fbce2d47685d7a94948b7604d6f0f0907084489
TUAB,train/normal/01_tcp_ar/aaaaangy_s001_t000.edf,16969458,6b4a9f5ef45dca3a30f338ce4e054bd8a728e4541941557b99fd48e3d494eeb2
TUAB,train/normal/01_tcp_ar/aaaaanha_s001_t000.edf,16903942,ff2fcd03b5177fba102573cd2032b5c1dee5633e00d9119ed39caf5ab10854e1
TUAB,train/normal/01_tcp_ar/aaaaanhn_s001_t000.edf,19406502,f2e8bf81e0d53ada1c31138c40ccb738b040cee224062e8aaec3416592522d75
TUAB,train/normal/01_tcp_ar/aaaaanho_s001_t000.edf,17309122,6a4ee01ee855743490ae689325a2e1426bae007bd4d385a5d1e78f1390d7af0f
TUAB,train/normal/01_tcp_ar/aaaaanhv_s001_t001.edf,16984978,2b0d24bdc6dcfa912d84d7c51846fb9b0e55136d98864b1d7ee5f44b96f66303
TUAB,train/normal/01_tcp_ar/aaaaanif_s001_t000.edf,20091358,a87119bf07936a9475f1efe7a09f04b27d773a93534db90f9c8b8c07fabf11f5
TUAB,train/normal/01_tcp_ar/aaaaanil_s001_t000.edf,16269160,0fa4493c4e135b71c1c26c4c12c915cd70fdc0825f0ac81849f785aafd0272d7
TUAB,train/normal/01_tcp_ar/aaaaanip_s001_t000.edf,16885422,14bc87f0304452d0b0ba8f423eda1c1ba3f587143c498c1ecd94415e34424652
TUAB,train/normal/01_tcp_ar/aaaaaniv_s001_t000.edf,18767770,20c6645a94f1a82ca13f13b8c5ec1f4367db3a77b17f9c8fb6954cb035fdefeb
TUAB,train/normal/01_tcp_ar/aaaaaniw_s001_t000.edf,15848978,1e5d89eb235aeaaa4c41fda86ae0e2ec531ccdb36667b3cfc8f5b8b295ed25bf
TUAB,train/normal/01_tcp_ar/aaaaanix_s001_t000.edf,14270272,b0dcc5f6dd678e01f9e4c4a150cb90e4860fc781686e7c669d6429d5289f1b49
TUAB,train/normal/01_tcp_ar/aaaaaniz_s001_t000.edf,16296172,101377e7dc2a42c0c412c4d3d75d7c320103ba45fd36899493b486b2edc67791
TUAB,train/normal/01_tcp_ar/aaaaanjg_s001_t000.edf,18832256,35d79d06e881f904d639368d36ffc4521e3145dd388ea543927450d02411dcbc
TUAB,train/normal/01_tcp_ar/aaaaanjy_s001_t000.edf,23101366,34deb741507e850cae84abc36eba419f5764a742d24ae85047442d53e976d919
TUAB,train/normal/01_tcp_ar/aaaaanka_s001_t000.edf,21110822,86d64a1fdb673e82155c18cf754d99d917321110f5be2e6eb0226b094f918e2b
TUAB,train/normal/01_tcp_ar/aaaaankd_s001_t000.edf,17753794,ef3a5e4e326174450e6e9bbe78f19c438a155b3c7730bec21be3b943e941126a
TUAB,train/normal/01_tcp_ar/aaaaankg_s001_t002.edf,13784056,86ec44fc8a055ca60052ca3c7d922465df3d5049da97f38a20ecc8d10e313500
TUAB,train/normal/01_tcp_ar/aaaaankh_s001_t000.edf,20372916,98dad5fb69d8c6ff2a9895665a7e7615460f7914dea07e082ade4e3945f94d18
TUAB,train/normal/01_tcp_ar/aaaaankh_s002_t000.edf,16633822,7200263633f6f64e4ca7270690fd602bafd755afa41beb99b30a97a3771bfd79
TUAB,train/normal/01_tcp_ar/aaaaanki_s001_t000.edf,16927440,5dc9376d0b6540144ab639bf9d0df08661a238b1e8d9cb21e937d1ab0a59fc04
TUAB,train/normal/01_tcp_ar/aaaaankk_s001_t000.edf,17363146,e8bb37342ff1a09882a14ac8a42151a90f2681fb8f4372761f66ef6399fc04ff
TUAB,train/normal/01_tcp_ar/aaaaankm_s001_t000.edf,23160110,dbbb723e035663a15ea8bee70371bbe20c0fa849c1d5d7dd80e9dda62a859a47
TUAB,train/normal/01_tcp_ar/aaaaankq_s001_t000.edf,16296172,a27f8d89a7e90e7302ca199f0106097a5f883fe777094d4052708aff094b8b75
TUAB,train/normal/01_tcp_ar/aaaaankw_s001_t001.edf,17120038,a0d58ec7181b2d146221e26c809a3f3d35cabf16b85b175d6d78b9edccfc0cae
TUAB,train/normal/01_tcp_ar/aaaaankx_s001_t000.edf,19321516,2fa05274bdb308a8da6f59981f5f0d6b8d8bac8ab14cba2257d132affaf3fde2
TUAB,train/normal/01_tcp_ar/aaaaanlb_s001_t000.edf,29027020,4ca5b8234db564fa16fbbb795522c3232725677ff1adb4a069bcda7e9a72e6f3
TUAB,train/normal/01_tcp_ar/aaaaanle_s001_t000.edf,17444182,2e68c47326d07cdc91e038b2347cb5cf35e2714e154050385cbcc80097ff2b31
TUAB,train/normal/01_tcp_ar/aaaaanlk_s001_t000.edf,16242148,d7416e32ddb385a14cb8c798e1ce74923f063930d2b7afa4e46a0d69b47624ea
TUAB,train/normal/01_tcp_ar/aaaaanln_s001_t000.edf,20982754,28b4e26d8d2ea06e7afa568d6869a15a6d6173587e47f1041b67281d1ab24466
TUAB,train/normal/01_tcp_ar/aaaaanlo_s001_t000.edf,22669900,df93cc4a07401adadbb63dadae4cdb92b9b015bd014261359443ceb1ef421d30
TUAB,train/normal/01_tcp_ar/aaaaanlu_s002_t000.edf,19024384,58e358bb9af6ddb4033a1ba5c207171599a5e88c243fc7210fd37b4c3d90c7fe
TUAB,train/normal/01_tcp_ar/aaaaanlw_s001_t000.edf,16969458,2adbcb9c8c5bb01fc350452de1ab6279acecc4ce1cdadb82bff20ece3b3b0a42
TUAB,train/normal/01_tcp_ar/aaaaanly_s001_t000.edf,17809818,39f45935ca5c90cfd1b0f3713368d2e1c8959ca7c4c627809c27af44d3bf8084
TUAB,train/normal/01_tcp_ar/aaaaanlz_s002_t000.edf,16885422,2c0309b4c94afecaaf4256b4eb341a78959002e780a583a600cf0cca2c759840
TUAB,train/normal/01_tcp_ar/aaaaanma_s001_t000.edf,16843404,fdf23e37d9196ab160e913c82e76fd0812f1425e991fdab619d2b80f7a462a8e
TUAB,train/normal/01_tcp_ar/aaaaanmi_s001_t000.edf,17876374,66f1215987b45c1f5a9452faedd5636d8a8f369a400f73995e815a881d321aba
TUAB,train/normal/01_tcp_ar/aaaaanmk_s001_t002.edf,21896428,988c7ba0a3f2e6f43c2d6c5b2c6080b2e8003f8ba6dc3506e8344fe551c3c10a
TUAB,train/normal/01_tcp_ar/aaaaanmm_s001_t001.edf,15890992,09cce5910440c39d5b86585078da1fe317779ef8f5acc294bcfc9bc91235a679
TUAB,train/normal/01_tcp_ar/aaaaanmp_s001_t000.edf,19672616,cdd98f8007657969265d708cbb7874fd26f90b6235835945f6237c817710062c
TUAB,train/normal/01_tcp_ar/aaaaanmr_s001_t002.edf,13041226,607f9dd5a07624cace3cc64969c6e6714d4812e2b55a6b209989aa03e21bf60a
TUAB,train/normal/01_tcp_ar/aaaaanmr_s002_t000.edf,17646772,09b395d3b9b42e330200756b0651d542e72a48f11d7ffc625e493a3f2d49780d
TUAB,train/normal/01_tcp_ar/aaaaanmv_s001_t000.edf,18821794,1a9f7f91abbe6e7c92f97ce7d128e6d145bfd883faec7fa2b7cfc96ea3326cc6
TUAB,train/normal/01_tcp_ar/aaaaanmw_s001_t000.edf,16913434,16c5b3d4c3557337988b00699c6cb6399194826250f636e6e343e9a8748e0dee
TUAB,train/normal/01_tcp_ar/aaaaanmw_s007_t000.edf,16350196,6f001ca7b88f8694318881fcbcff7aec995c3a9fb225beba17079c380dfd9035
TUAB,train/normal/01_tcp_ar/aaaaannf_s001_t001.edf,18349084,93bb0bb5b88ba6d1e28762f69420be76df76a24cd863258ac5927d1956e17927
TUAB,train/normal/01_tcp_ar/aaaaannt_s001_t000.edf,17879848,39b2ab5ecd1e8a7da650ecbc6cac7cbd397bfe909c40bd58084774cadd3d1490
TUAB,train/normal/01_tcp_ar/aaaaannz_s001_t000.edf,32516878,01d06fe46ab8de698e140bdce28a7bef48f82985309383c6835ae02c26caaada
TUAB,train/normal/01_tcp_ar/aaaaanoi_s001_t000.edf,20091358,dd47ad2819a27d01c16d7ea5865d51bce5e6d3029a2e9f339af0d55f156c21d9
TUAB,train/normal/01_tcp_ar/aaaaanoi_s002_t003.edf,22342090,62f17c22bdc3b50b6801a1af84c447508bc137f56a2bfcdbcea770cf060a9f0a
TUAB,train/normal/01_tcp_ar/aaaaanom_s001_t000.edf,16363702,16f187771f5b7d03e0efcc2eec8db2ec4c84ea2a1a578a5271ceccb7d26cd793
TUAB,train/normal/01_tcp_ar/aaaaanon_s001_t000.edf,16255654,c1bf18e4eef59a2bee372249d8ac29e5a32ca20eaac895aa478c4fbecf59e04d
TUAB,train/normal/01_tcp_ar/aaaaanot_s001_t000.edf,19406502,7bb8deee57404cc348aed2c6059c8cc83656a17eb4a8a5eccdbefbf783cd03c8
TUAB,train/normal/01_tcp_ar/aaaaanov_s001_t000.edf,20064346,0ac72d46e16d104b6cabb04de019b1b3a9b65f46d4dd199d1d04bc2dba6df945
TUAB,train/normal/01_tcp_ar/aaaaanpc_s001_t001.edf,19308460,14f6371c0dae8e2f81dd065c4d151cc1e68d6083c34ec10591f245be3ad87e82
TUAB,train/normal/01_tcp_ar/aaaaanpe_s001_t001.edf,14040670,ab133237ef73aaf5b54cd0f6ffa158940f5e80bc49be094953775f13c4c0c4ed
TUAB,train/normal/01_tcp_ar/aaaaanpe_s002_t000.edf,30446536,faa9f1c9fd89e988fcd7eedfa168c447e9b5f4f7eb68392c627d876858f0b83d
TUAB,train/normal/01_tcp_ar/aaaaanpf_s001_t000.edf,21059210,f0b006920929bc5bd443aeb776e7a67aac6ea58825bd20d1e828982322a157a2
TUAB,train/normal/01_tcp_ar/aaaaanpg_s001_t000.edf,19996816,7756ab24feba55b98a134914ecdfe03ce33d20b85ef0bb4b073dc34a4bf69a4c
TUAB,train/normal/01_tcp_ar/aaaaanqb_s001_t000.edf,24406644,856590af0477c61ba37bd607a771ed5e53f3ae9d333a01cbbfad48f622a48497
TUAB,train/normal/01_tcp_ar/aaaaanqf_s001_t000.edf,16282666,d9a196b60c0089334e8794cef8defde4fb7a64e926e1aec0a8abf83309eff30a
TUAB,train/normal/01_tcp_ar/aaaaanqk_s001_t000.edf,22886788,f8cc46fbe5833cb2c6c28e8bb13cddc6b482d93604119481a378f812cff6272d
TUAB,train/normal/01_tcp_ar/aaaaanqq_s002_t002.edf,20658478,ab0b9c5d6cccd50ddd86e2d3557dc4f78fe75e53e005df916ed4b05f0e7650f3
TUAB,train/normal/01_tcp_ar/aaaaanqu_s001_t000.edf,16849918,0b791e896239b63a85f02603ee29581fe491773e8c521377fe1595b2b023831d
TUAB,train/normal/01_tcp_ar/aaaaanrg_s001_t000.edf,16498762,a5e0fcb4a9376167d5abeed140012171281010b4806b909ed72a7172c53282d4
TUAB,train/normal/01_tcp_ar/aaaaanrk_s001_t000.edf,21619450,6e33100c760eacf8c1ed3a925a5f51368e9301459430f354096ef30594e3210b
TUAB,train/normal/01_tcp_ar/aaaaanrv_s001_t000.edf,17849362,5f65a4b25fd0285409412d8f2c9cce11dd0d3004a493434bb3758a8ac1357c4b
TUAB,train/normal/01_tcp_ar/aaaaanrw_s001_t000.edf,19159444,cc4b28c0a97257700182fdc287f160b4eed4ed57b66b80cf612ef681d2764df7
TUAB,train/normal/01_tcp_ar/aaaaanrx_s001_t000.edf,19767214,2dc55c02c04f24d7ae43b2adb6d97d6465cb7555a99987825800a385d2ac2e6c
TUAB,train/normal/01_tcp_ar/aaaaanrx_s002_t000.edf,25758832,5386a592bd0188cd2d9b88d769fd924eb073340b50298cf4fa413bb9891e526c
TUAB,train/normal/01_tcp_ar/aaaaanrz_s001_t001.edf,21566308,88304bbe36ef467781f18f505a21ee9edf06b299ac39d10f0e2e4bda28a5bc98
TUAB,train/normal/01_tcp_ar/aaaaansb_s001_t000.edf,16255654,e987f4f560fbbb516804d98ba640090ad351b147ae9e8749652a51a437e2657f
TUAB,train/normal/01_tcp_ar/aaaaanse_s001_t000.edf,16282666,2755bfd1df3ad2e18a529df97ee9afa51064c97e47a1ff769849ff0768118e33
TUAB,train/normal/01_tcp_ar/aaaaansg_s001_t000.edf,20645104,e3b23932e671bfcfb22a97718155781d2378a14fc8c907ef94806f4f093e1e94
TUAB,train/normal/01_tcp_ar/aaaaansh_s001_t000.edf,15539836,1bd151f7bb17be4befd3bb2623cbc20149f2929efa5e444adb252e6780eb07fd
TUAB,train/normal/01_tcp_ar/aaaaansk_s001_t000.edf,16242148,b0291e7f0ddbbfec22c1d22ea32ce5ed4b6139c946fa62f9256bc2ea2e064cd1
TUAB,train/normal/01_tcp_ar/aaaaansm_s001_t000.edf,18983866,cc29d4d35b79862c77bad6f288c6a299abc228c9d2715a6661ef0dd4a309aab6
TUAB,train/normal/01_tcp_ar/aaaaansq_s001_t000.edf,19402552,15673297a6f8a2f7e0c283d471c0f5212c103bb5f841f5f0e70b86c6c040021e
TUAB,train/normal/01_tcp_ar/aaaaansu_s002_t000.edf,19551118,eb46c5f4c52c590af64efff86e65aa00dda0612216ff27f667497371c34b5d36
TUAB,train/normal/01_tcp_ar/aaaaansv_s001_t001.edf,14878042,341822aa54770cd1a5b8a47555d74513252cb696b2e7e98fd002bea6fdb99ad5
TUAB,train/normal/01_tcp_ar/aaaaansy_s001_t000.edf,17498206,94eab4fac9bd3fd7a0e41f1b77566182eadac4c9ba9c393d7750475d0ada4d03
TUAB,train/normal/01_tcp_ar/aaaaantb_s001_t000.edf,16471750,00ff7eed5ea50c4c53c1d5d75278d4d902281a7a5723fddcf5667e162d7b085b
TUAB,train/normal/01_tcp_ar/aaaaante_s001_t000.edf,20456020,849a21308d97daf486c6420a3aafb02f007d857c7db9168e24ba8f475f52d409
TUAB,train/normal/01_tcp_ar/aaaaantg_s001_t000.edf,18700240,e20183ad7a950ad7956d475d2cea9e3782f7674a1d76eb02eb2e91120a513040
TUAB,train/normal/01_tcp_ar/aaaaantg_s003_t000.edf,17722822,768f5cf031c5ca4d59d985d0163b6162cc576e75617b80bc966b93a64f8a07f3
TUAB,train/normal/01_tcp_ar/aaaaantj_s001_t001.edf,15958522,062ad5c97982b987b7ebe43d1eabdac24879cf52ef379114ccf05b290040e7d0
TUAB,train/normal/01_tcp_ar/aaaaantk_s001_t000.edf,17484700,d3d73769460cdc8158d86c17204e2fb9c7b751b26d28fc8b6436bf30a13159d1
TUAB,train/normal/01_tcp_ar/aaaaantl_s001_t001.edf,28856752,435b79cdd4c7735990ef535ddbd99a544dbc1863208a7d9cc11e9cbbbaf125b9
TUAB,train/normal/01_tcp_ar/aaaaanto_s001_t000.edf,16944460,ed74d525bc6ed0c3cbfc3edebf83b8086d8edc147e4819bb80dee998cb30d413
TUAB,train/normal/01_tcp_ar/aaaaantr_s001_t000.edf,27458950,67586913b406ad85c795ebbbc7372c231708d515d0357342772d3ae2caea0eea
TUAB,train/normal/01_tcp_ar/aaaaantx_s001_t000.edf,16336690,9a5a94661ae1404d051835e555ab4497bd65cbb0a42f115e4a47a5a4a3d5a75a
TUAB,train/normal/01_tcp_ar/aaaaanui_s001_t002.edf,17389638,dce4cedd0b55f132051928c984a6328706c45c8848068317473404a5c6f482a2
TUAB,train/normal/01_tcp_ar/aaaaanuq_s001_t000.edf,16350196,0a975a13abe6b18715afe1b94f3ce7bbcc16c07af482099bb1e8f29dadb7fffc
TUAB,train/normal/01_tcp_ar/aaaaanus_s001_t000.edf,23943172,69a03a681c6128d3b53fd73f61231ce5656862b8b08e7130ebdb73dc530c1ebf
TUAB,train/normal/01_tcp_ar/aaaaanut_s001_t000.edf,19981732,2b5daceba768ff329eb48b85e011ccffe219c23e27ae232888959d93df9f1915
TUAB,train/normal/01_tcp_ar/aaaaanut_s002_t000.edf,49834124,95f9b63a1b1beda443c1d459c26832611a359112c76b05faa1603d82fbb65d9f
TUAB,train/normal/01_tcp_ar/aaaaanuu_s001_t000.edf,16593304,88f861c78943441517d52e53b4b1cbdec0902dab54c8071e9a556757f4af9925
TUAB,train/normal/01_tcp_ar/aaaaanuu_s002_t009.edf,18332172,bfa887947000d0b05eddd2ab194d3d30b6334cd732047b708b6fa8f500b20bc9
TUAB,train/normal/01_tcp_ar/aaaaanuy_s001_t000.edf,20765084,1f37839bdee4abd7361f1d70d36741067c556dee5153abb0b0361490bd35ebd9
TUAB,train/normal/01_tcp_ar/aaaaanvc_s001_t000.edf,18103944,300bfd391a805fbeabfe65f16acf8125dcdd559ae2e542b59c9ea768e2154385
TUAB,train/normal/01_tcp_ar/aaaaanvd_s001_t000.edf,18808288,6046bcb280c3b1b2ee7659b837d08813d990435ffdf1826bdfb9ca788d2a0cb9
TUAB,train/normal/01_tcp_ar/aaaaanvd_s002_t000.edf,19321516,ed20a88c63136e1f0bd2f89889602c5b56bba7104dbb0ebf3b5c3cbca003195f
TUAB,train/normal/01_tcp_ar/aaaaanvd_s006_t002.edf,37727960,d858984558dd4f3f4efb31cfb4eaa642ec95788b066dd0074c7c0047619917b8
TUAB,train/normal/01_tcp_ar/aaaaanvi_s001_t000.edf,19443070,b6509c5943812d5c0efb5a7f446d0271b4be933bc51ac782c866337a1c7ccb04
TUAB,train/normal/01_tcp_ar/aaaaanvl_s001_t000.edf,14715970,e72a5187a80647a61fff06131e4a6b879afbe8dc3549c7aa51b535f782de42ae
TUAB,train/normal/01_tcp_ar/aaaaanvn_s001_t001.edf,14972584,a2d88da2fdb28a03f1eb548d81399033d07a1481501e0067d735aa39579453b6
TUAB,train/normal/01_tcp_ar/aaaaanvo_s001_t000.edf,19105420,17399dc9734376185ca4db68aaef01e7461bdedcaae02931452a616e158728ee
TUAB,train/normal/01_tcp_ar/aaaaanvq_s001_t000.edf,16269160,483e3b907e2978a50a75cebe380c925adefb0fb1b23f11bb46ab9d9ea1d86893
TUAB,train/normal/01_tcp_ar/aaaaanvs_s001_t000.edf,16336690,dc7e13454dfab8b385d2ad75e989ed1685a6f01308ba31f89245ca343ae468ce
TUAB,train/normal/01_tcp_ar/aaaaanvx_s001_t000.edf,20239924,7af9b759d66c6f60d862ece68e12e41b51bc4a1ae681dbecca9306e34f879d42
TUAB,train/normal/01_tcp_ar/aaaaanvy_s001_t001.edf,14905054,9a5f57b334e7ecadd34ceac40c57d4b4926f02d6ef0843e1540ee6a33aa19f7c
TUAB,train/normal/01_tcp_ar/aaaaanvz_s001_t000.edf,23414980,7abc118cb67258a2ffcf0c18bb16c0f53d22c49ab72b30d4f19b6ab1b1858dc7
TUAB,train/normal/01_tcp_ar/aaaaanwb_s001_t000.edf,16498762,377496462e4d4306a43efa0fdaa2a43c7e8ff98fa82f538e88951578ee2b05a6
TUAB,train/normal/01_tcp_ar/aaaaanwe_s002_t000.edf,19216424,68031b73808b9b0e554d2d2ca4ea6f50b8524410696691261fbbe939e2675c5a
TUAB,train/normal/01_tcp_ar/aaaaanwh_s003_t004.edf,33092460,eae44c5d08e3167dd6ada2ac9e5e22571d90742766223cabf851f72fd85db245
TUAB,train/normal/01_tcp_ar/aaaaanwj_s001_t000.edf,24900520,e2d689aad57a5235f46ff0ae826eb3e6e5aeab875180bb800d621f03bb7b5fb5
TUAB,train/normal/01_tcp_ar/aaaaanwl_s001_t000.edf,25016062,f6b8bb5f8d1721697221e46825aeb4c340a5699f72a51d22a61ad0d41eb2c2bf
TUAB,train/normal/01_tcp_ar/aaaaanwq_s001_t000.edf,19462526,8ef90e871b57aa2b72ae1978e82a99854f31d13f5d6696af7fe299035f82b8ae
TUAB,train/normal/01_tcp_ar/aaaaanwt_s001_t000.edf,14616450,ed8817b5e3327a138e12b3d900597886290c652701f13198c02c5c3ef0969d95
TUAB,train/normal/01_tcp_ar/aaaaanxj_s001_t000.edf,18061926,feb69ca9755b2787500132c26f5ba3923eecab9c39dd7f7b77c3b73241e119eb
TUAB,train/normal/01_tcp_ar/aaaaanxk_s001_t000.edf,19322466,ad0ccafec22bbbd470d187984d7108e899cee10127f2d458be27aad2295ea2e9
TUAB,train/normal/01_tcp_ar/aaaaanxs_s001_t000.edf,21945946,41bdc1db58d167734f4883eb6466603d68bdadb9f122d6934243bc68348da81e
TUAB,train/normal/01_tcp_ar/aaaaanxt_s001_t000.edf,21863416,2884b9de9a99603bc21c1db3e366da462e195127469f41159b9c87d2a30d3a26
TUAB,train/normal/01_tcp_ar/aaaaanxx_s001_t000.edf,21045204,42cc0b77140eaa3cbfd13fe7fd48d7a47cc6d7516f626d28528643e3886bf254
TUAB,train/normal/01_tcp_ar/aaaaanyc_s001_t000.edf,24834496,595db764de719b18fd4c26cd29bcaf84c190fdc83ebc978a6dcac3cd41b4352d
TUAB,train/normal/01_tcp_ar/aaaaanyc_s002_t000.edf,17066014,c243b54067a76c066d15b94e201889b750a8effe9814c2088a7868530c972294
TUAB,train/normal/01_tcp_ar/aaaaanyc_s003_t000.edf,17336134,729967bb162834253d710c70458d7a57c66b77ee4ebb84fec2a2a3ba3f9b7f68
TUAB,train/normal/01_tcp_ar/aaaaanyd_s001_t000.edf,21401248,bffaf53107e86d00a0a76314aab9d0c14d6cb66707e76c88ae8ae1915846ab24
TUAB,train/normal/01_tcp_ar/aaaaanye_s001_t000.edf,20967920,b38f8fabc710a0bff7ddc121dee31e152379beeb2cbe54024e5faa453b6e362a
TUAB,train/normal/01_tcp_ar/aaaaanyj_s001_t000.edf,17181886,0b68f0493e37a9c0a2556fa648d7b27d34a1083e452aea712858e048354ac9de
TUAB,train/normal/01_tcp_ar/aaaaanyq_s001_t000.edf,16701352,04c0ac456f5f6d2c875793c4d49b55ed5e5951513bcfff8f4a5f32b1ce4931e8
TUAB,train/normal/01_tcp_ar/aaaaanyv_s001_t000.edf,20302886,1915da23d06478b43b507a66577ca1bf427c3b845c88a61b754c6cc95b78de72
TUAB,train/normal/01_tcp_ar/aaaaanyx_s001_t002.edf,17333614,c3d6627ae250e0ed7f1f534cb221205ca135e9d3d37246d2ab8c3ed051524f78
TUAB,train/normal/01_tcp_ar/aaaaanyy_s001_t000.edf,32530384,9ece596a6a19353a5d191cd35faedd27858b9060fa2bfd055361dc829b4d646a
TUAB,train/normal/01_tcp_ar/aaaaanyz_s001_t000.edf,25329676,b1d842ad51795186dc12cf9258a6d447ff1f2e5738312a9483079307918949e5
TUAB,train/normal/01_tcp_ar/aaaaanza_s001_t000.edf,17376652,6aadf747a42fc9580cb2bf6b1cf6bf64168b2e1f5f7333da6f3048e57cb5349c
TUAB,train/normal/01_tcp_ar/aaaaanzi_s001_t000.edf,17697770,2583d3af95ce53572dda1029a5e234dda33ecf9baef7c638aa0638a53b7ef0db
TUAB,train/normal/01_tcp_ar/aaaaanzp_s001_t000.edf,17228086,d3157c37b67c64945653a14e751dcb64f6fc65a4f0a1a836fdaa2bb8eb7c6694
TUAB,train/normal/01_tcp_ar/aaaaanzs_s002_t000.edf,19429564,10c015967f16594d3190afea08d08b38f0695aa2415b87f2903c4917b1212bb7
TUAB,train/normal/01_tcp_ar/aaaaanzv_s001_t000.edf,21333910,0eeac9807c81e679ccaa0d8f219b5a1954f3d0c3a521ddef8d7d86e8c02a8bea
TUAB,train/normal/01_tcp_ar/aaaaanzw_s001_t000.edf,20145382,6d00788e8282915ea5df08f50deda4a5711e824180542a1a8c77f9390f9944d9
TUAB,train/normal/01_tcp_ar/aaaaaoag_s001_t001.edf,17106532,e39d53214515737cdb93bca5bb1d7b343c323bd7366d3e374a15e86ea449af58
TUAB,train/normal/01_tcp_ar/aaaaaoah_s001_t000.edf,18335578,33741072836b117c624ca93c0ec3270e59c6814a2d9ccfc7ce8d6a8cc5808066
TUAB,train/normal/01_tcp_ar/aaaaaoai_s001_t000.edf,21863416,f3b5e70112825d581dc5c5ff0dea72c06346e31f3cf87152f7e7a650cd5df0d7
TUAB,train/normal/01_tcp_ar/aaaaaoaz_s001_t000.edf,17795338,4f1ee8e5b05417e3d1b165cc09004b9a0ffe450efed1fe18d1a0db1e0d5d3e4e
TUAB,train/normal/01_tcp_ar/aaaaaoba_s001_t000.edf,22259560,d7cc7ca7a26dd107dbe47a9699e63785c68938cf8fa6d7de4ae79ff0425c7396
TUAB,train/normal/01_tcp_ar/aaaaaobe_s001_t000.edf,22226548,44d46219fcabb6376ebae367260599b59aff5773416b0a9ad4de9c58e0687548
TUAB,train/normal/01_tcp_ar/aaaaaobp_s001_t000.edf,17543704,5d20987926c43bfed475c6ec43fee861db0f39b2307070c16d3741d1aaebb056
TUAB,train/normal/01_tcp_ar/aaaaaobs_s001_t000.edf,21962452,24b05a20b7804f5621511446b7bcbc7b373d29db1249e60d07b73eb6e019da3b
TUAB,train/normal/01_tcp_ar/aaaaaobv_s001_t000.edf,17943904,c64d2c9dcf483b94b8ef217b3e648d7145879cf9399ad4ba3adcc651c984c9f0
TUAB,train/normal/01_tcp_ar/aaaaaobw_s001_t000.edf,17025496,ad2428e3366f405f200188e38943747a86df42c74423a5495fdb4c1d8ab35a4f
TUAB,train/normal/01_tcp_ar/aaaaaobw_s002_t000.edf,17935872,d621df38f31d51e7e2056ee2328f517206fd6de3a60f3ad055b7a2856ab7a1bf
TUAB,train/normal/01_tcp_ar/aaaaaobz_s001_t000.edf,22672210,efb8a5e68b716e9e069ff0a12e58bfdb487a654548c83f7086da31bc22dcb58e
TUAB,train/normal/01_tcp_ar/aaaaaoci_s001_t000.edf,20496538,4583b9054e1eae8e8b683b6d62cd045b62d87d6ed253fbddd58194f3bec457cf
TUAB,train/normal/01_tcp_ar/aaaaaocl_s001_t000.edf,21846910,f89e99bbed2a0294b56508fc4f34ebeeefaf9f11ba10a9cd6599744f8b717aec
TUAB,train/normal/01_tcp_ar/aaaaaocl_s002_t000.edf,21901162,ade6bad38e85cd87c280c0130d96608be27f7943db133ec904c58b1d8f6f1762
TUAB,train/normal/01_tcp_ar/aaaaaocl_s005_t004.edf,33602566,a45d5211d3297f595f2dd417f1d01bb8fe05d8df3510c3c76f348bd5d17fa7fd
TUAB,train/normal/01_tcp_ar/aaaaaocl_s006_t000.edf,88367920,6a0158ff80c81c59aad799025e3fd27d844709fc10f40544c276deb702d55a44
TUAB,train/normal/01_tcp_ar/aaaaaocn_s001_t000.edf,21351730,34e1e19d38eac74785d428e503a73e08aab78aae6c896aa932a86710f0416d2d
TUAB,train/normal/01_tcp_ar/aaaaaocs_s001_t000.edf,19213468,93de24cbf780e5eb8491167ebd17e782b911945974f2dabb81c36be5bad4b1e8
TUAB,train/normal/01_tcp_ar/aaaaaocu_s001_t000.edf,18821794,865c7bdc691cb8f145fbde1c2abceec89fe652bd302cadec57e826640a8fd6a0
TUAB,train/normal/01_tcp_ar/aaaaaocv_s001_t000.edf,21912934,86261cb79fda94867d98ef521ca9657b7bec1288e672c4164fca9ba73ede6e03
TUAB,train/normal/01_tcp_ar/aaaaaodb_s001_t000.edf,18308566,37aa74d3b477d5e7c22dde8bc4dbc9950734b9d68eb291516c237f0c61787f70
TUAB,train/normal/01_tcp_ar/aaaaaodb_s002_t000.edf,20645104,3b5eddd90a563300cf4d11444495d67e6d3417ad20199c75f5725ea9e4539e50
TUAB,train/normal/01_tcp_ar/aaaaaodf_s001_t000.edf,21021610,67cd9b615e782130ba87e9b83c2d83c15591f533868ebfb655f8ec3f8aecb538
TUAB,train/normal/01_tcp_ar/aaaaaodh_s001_t000.edf,20618092,7a6f9dd267e387d8547e158c8b3c942fc9df54e84dfcde0d8e4dd822ba4d2b07
TUAB,train/normal/01_tcp_ar/aaaaaodi_s001_t000.edf,21599320,dc7d10abb461131ebf2fbc9a89f4f554c859aeaf7d058519680b4c3bf90766fe
TUAB,train/normal/01_tcp_ar/aaaaaodm_s001_t000.edf,22028476,3ac970db726b429799da074d2325e9c778d75f482bdf6484d10a003734c42913
TUAB,train/normal/01_tcp_ar/aaaaaodm_s002_t000.edf,16714858,702718e7f807905f4b71384a43c00334a781065e2fc0137b06f9bf90b287703d
TUAB,train/normal/01_tcp_ar/aaaaaodr_s001_t000.edf,20347972,51ab81612a6ab9c30766619acc5cd95fc1cef846fe43d6636059abdd8e26e261
TUAB,train/normal/01_tcp_ar/aaaaaodt_s002_t000.edf,24801484,f473400aac70656f218d20026378a17d89d2a9c49d05aac36e9a88b5480db9c1
TUAB,train/normal/01_tcp_ar/aaaaaodx_s002_t000.edf,25841362,06803b55c2932560969f23d3f9e6d43c63a436822f0b01bbc94ae7e5cec6b369
TUAB,train/normal/01_tcp_ar/aaaaaodz_s001_t000.edf,21335224,70055bd811f39653b8b79201c23a6c30535dc27f104fbbcc0d2bee7d5408ba65
TUAB,train/normal/01_tcp_ar/aaaaaoea_s001_t000.edf,20856550,14bf81ede5ad203e1f73385544d3a1d8ed1ce420bf0e4d65cf57a6b2b427c1b0
TUAB,train/normal/01_tcp_ar/aaaaaoed_s001_t000.edf,21023272,1d04b33971a05d03e47c7db851313fac14d9d5398d8d0f5188f291ebfb4f12e1
TUAB,train/normal/01_tcp_ar/aaaaaoef_s001_t000.edf,20253410,294dbcd5a2e5b69a75f005878b35f6e8e33d7d2eaf9d672019cc2181596222d4
TUAB,train/normal/01_tcp_ar/aaaaaoen_s001_t000.edf,17565736,3cad5794e466ae1d218c385cf852cfc4cd3c7269903775756e7ab255dc8ffed1
TUAB,train/normal/01_tcp_ar/aaaaaoen_s002_t000.edf,22441402,d4827af1560126694dcc38dc0b0827106d8fc1dc57151f52c47de1e3f23021a3
TUAB,train/normal/01_tcp_ar/aaaaaoen_s003_t000.edf,40998646,f5e1abf394418668fa68e90981516b81581ddffce7dee448de90c2d74606f143
TUAB,train/normal/01_tcp_ar/aaaaaoeo_s001_t000.edf,21239368,a9a08de48b66a3fa32eef8d97df74416a49b70b40d1277004fe850c7bdf0a162
TUAB,train/normal/01_tcp_ar/aaaaaoep_s001_t000.edf,19942792,a1dc7268273eab60f80940a8d1c34b821c9e0cab7477b3bb2e9256c0f33a7a74
TUAB,train/normal/01_tcp_ar/aaaaaoeq_s002_t000.edf,20840044,e8f4bf281bb4c17401a0cd5060f5e4ce03ed6a97e4bf1a27dc65f0fc7b7f0cd4
TUAB,train/normal/01_tcp_ar/aaaaaoes_s001_t000.edf,18983866,85121ac92eebd05f90b20473f7f6bc2e66f4e97144d30c7b1a2a20c7715d31af
TUAB,train/normal/01_tcp_ar/aaaaaoet_s001_t000.edf,21962452,38211c980ac8ab7975f73f09bf5d2415d45834bd77f95105f7a07b122d1ec2a3
TUAB,train/normal/01_tcp_ar/aaaaaoeu_s001_t001.edf,17406796,19115df08047189d6ce565df59f6ea606fdbecc7c460f35249617340cf09d8b3
TUAB,train/normal/01_tcp_ar/aaaaaoev_s001_t000.edf,18349084,78fb820bf431c43c12560ad34bc7d2f90062f65bb1c7ee0c32bb71a848660e78
TUAB,train/normal/01_tcp_ar/aaaaaoev_s003_t000.edf,82019210,b2d4450a31a7884d3a98f3380c7e1fc166c345a757ed4b218d9def2cf31f004d
TUAB,train/normal/01_tcp_ar/aaaaaoez_s001_t000.edf,20172394,87128b5fff8e23623d1f0e20c956f70274e404ef6a12f9f26cf8ea183126859e
TUAB,train/normal/01_tcp_ar/aaaaaoff_s001_t000.edf,21252874,bc706e6d60e0d7f94a78550773a5393a7fa9991d4a3e7236089affe603eb0fa9
TUAB,train/normal/01_tcp_ar/aaaaaofg_s001_t000.edf,42680960,9a295585bc518df95e0331d7186ce1dbffeef77fca7c233e0c929d66d368e55f
TUAB,train/normal/01_tcp_ar/aaaaaofi_s001_t000.edf,17066014,5762a68d1c3fcf74dcb809ba0ef4708c92468c5bf30b67561fa425d26236f404
TUAB,train/normal/01_tcp_ar/aaaaaofi_s002_t000.edf,21846910,dcd6b9332a74ae2e311491e4926cabb292c394011e03870e1849459fd8a1b117
TUAB,train/normal/01_tcp_ar/aaaaaofp_s001_t001.edf,21153658,1b14ac9ea02912f3b339d307ba2b7f60bad3bcfe936ec41533ad6f3de2e54c8b
TUAB,train/normal/01_tcp_ar/aaaaaofq_s001_t000.edf,22276066,d3c1d25e3508d4ca7c106a4354475ba65f95db57bf0a42e5c0f26ca81ab0736f
TUAB,train/normal/01_tcp_ar/aaaaaofq_s002_t000.edf,16485256,694780d577104e2b0b2f7d02c9c21e22de8cb4688f99f5b9f0575e0cd6270ae4
TUAB,train/normal/01_tcp_ar/aaaaaofx_s001_t000.edf,21945946,861308fa184c116e7700499d7f5b96a96be9fcfff4787f0ec2b7bb2138b5f230
TUAB,train/normal/01_tcp_ar/aaaaaoga_s001_t000.edf,22011970,920d095b79fe4de9ee8f820e3c74b223d2ee600e0d09f205e170f78bf2a9ac5f
TUAB,train/normal/01_tcp_ar/aaaaaogf_s001_t000.edf,16350196,243d7ae7d9d51c6ea9195260a2adda88f0aa450de3b94f51ab4aaf9a7893b955
TUAB,train/normal/01_tcp_ar/aaaaaogq_s001_t000.edf,17174062,bbc869fa676a37eef5ed33efd3f1df74f5e21c56031d22f8b91d7c1743e289e6
TUAB,train/normal/01_tcp_ar/aaaaaogz_s001_t000.edf,19904094,3559c11df7da1466ccbbbaea40726a95799c604c481048d6eb6cc80258961ce2
TUAB,train/normal/01_tcp_ar/aaaaaohg_s001_t001.edf,16539280,232d20ab04d250bc821f6f773592b99daf5c0c6334fe8e2718c2e4f611cbcdc7
TUAB,train/normal/01_tcp_ar/aaaaaohh_s001_t000.edf,17403664,3889e57d83fa2f932adf77c4aea2de9c6406f900a4d348a8cb5a635a57644dfb
TUAB,train/normal/01_tcp_ar/aaaaaohh_s002_t000.edf,18051952,d9bed3a86c60006b3188166956a6e03eaae37e1fc6dc5ae889ac707a21e0cb29
TUAB,train/normal/01_tcp_ar/aaaaaohk_s001_t001.edf,16917448,a7f6b82af6c18361b5d9028c71be31724ae3db99deecc6e0c6af1d6eef811e4d
TUAB,train/normal/01_tcp_ar/aaaaaohq_s001_t001.edf,25034554,ed139f20b6d91a9b04951e86b7b64718f0e46d5f1feca9c128c23714adaf7fb4
TUAB,train/normal/01_tcp_ar/aaaaaohs_s001_t001.edf,16741870,8b95a4f3c744fdaff5c1dd71d681701bbd3121cc161fead5955ec86bdc9aaa4c
TUAB,train/normal/01_tcp_ar/aaaaaohv_s001_t000.edf,19551118,9edd51351bfacacb80b1911ce0b999923c618a9258d1e5b1dc85f4eb421aa595
TUAB,train/normal/01_tcp_ar/aaaaaohw_s003_t000.edf,17935872,38e49983a5933c84608108ea1185de31d243c9a2893698109c236a33a35a446d
TUAB,train/normal/01_tcp_ar/aaaaaohz_s001_t000.edf,21879922,cb47ffe71018497bbd741709a1d2a2d62aa4c681f158582aa2dc5e3cb3439485
TUAB,train/normal/01_tcp_ar/aaaaaoia_s001_t000.edf,21962452,be87a10cab21a22c07c91497f1ee471bb77e649dc57c38b4dd4b53dda2250a5c
TUAB,train/normal/01_tcp_ar/aaaaaoib_s001_t000.edf,21879922,adf939b5908aacd9d31f6c039df4aa0245bbd4692ba80a128b79d9a6d13c5cbc
TUAB,train/normal/01_tcp_ar/aaaaaoic_s001_t000.edf,21995464,a81f9fcb3989e458bdef9c0895ceb9b543628a135bcb1f68fecb8c8358109644
TUAB,train/normal/01_tcp_ar/aaaaaoid_s001_t000.edf,21368236,9bedeee5dbc8319fd5991ee0ec92a55b4e1596d04f59107ba196810675a9732c
TUAB,train/normal/01_tcp_ar/aaaaaoid_s002_t000.edf,22738534,9cd04a5d63cd027fa1a58fd1bb164a0d7ac2d5de9be7b4259ddb8845aa5cc14d
TUAB,train/normal/01_tcp_ar/aaaaaoie_s001_t001.edf,21582814,0ff3b4607518130ddc4e8bf47fc9385d5c9847c384a535187861e8d8abce7ba8
TUAB,train/normal/01_tcp_ar/aaaaaoie_s002_t015.edf,25197628,24b57e98ed56e8e97ee8046d4d247ef936ccd491362a32134dd382e1ae2b02f3
TUAB,train/normal/01_tcp_ar/aaaaaoig_s001_t000.edf,18200518,55ead18eb48e2418359c2ad0982f7bf4e2739458bd2c64db2338a651386a36fc
TUAB,train/normal/01_tcp_ar/aaaaaoil_s001_t000.edf,19226974,6c8018fc46e8fd290697dc48fc0fbb2a11aff8c9d1291e7972e7aa8c64a4bf78
TUAB,train/normal/01_tcp_ar/aaaaaoio_s001_t000.edf,20542936,c5fd463bc32170abaf411d1073a62d5194ed903b3801729ed2fae67cd1e963df
TUAB,train/normal/01_tcp_ar/aaaaaois_s001_t000.edf,20856550,a446f369aebbb4aa2d58460e169cfbf2f86cc91cbbf55c017ced2ab8684a17e7
TUAB,train/normal/01_tcp_ar/aaaaaoix_s001_t000.edf,25412206,5a90c8911e49fd96a0318eaaed7e906d59b973938f8360c1c22608e628e0d860
TUAB,train/normal/01_tcp_ar/aaaaaoiz_s001_t000.edf,19915780,3a77e8a5261417d165c84cd0f69dbac63bd28d8f801019bdd44854e2c7a80f94
TUAB,train/normal/01_tcp_ar/aaaaaojf_s001_t001.edf,20641972,7322e7f5223e2fab80c0c75b32bfc0e774880c7074ddf30a7c52b5403b87a723
TUAB,train/normal/01_tcp_ar/aaaaaoji_s001_t000.edf,22028476,655431497b1e35707f574b72f0098105aa7b7b7a43ba3b53480b32f0bc5009dd
TUAB,train/normal/01_tcp_ar/aaaaaojl_s001_t001.edf,13727272,f220cf81ca949209d4db19e6adfc2468c9f2905280349814a9d01c9397e59054
TUAB,train/normal/01_tcp_ar/aaaaaojl_s002_t000.edf,16741870,5dcd203e77856c88f7d433a290608c3cca47139a6d83c0c4a659807c5e8f3d27
TUAB,train/normal/01_tcp_ar/aaaaaojl_s003_t008.edf,18248146,43cc71d122af6fe181b3c5f8c66bc65ed54fcb31cce89c6c6bef130aebadacf0
TUAB,train/normal/01_tcp_ar/aaaaaojq_s001_t000.edf,24884014,ae9b02af07a3a8859dc2b5117bd78e71628642d277f543c3e5a186bcaea469a1
TUAB,train/normal/01_tcp_ar/aaaaaojr_s001_t000.edf,20245828,5c541af124672f4296318b81afd0a7026053dbb3648904b91f180578d50edcdc
TUAB,train/normal/01_tcp_ar/aaaaaojs_s001_t000.edf,20955586,f13b49b3f2613f1d9273c3a4ef4ddb7395fd764dc3ae1cea72d164c8cef12e7d
TUAB,train/normal/01_tcp_ar/aaaaaojt_s001_t000.edf,25313170,acf798bae35e473df31f5e686ef41b2166e9c4e8909f5e12eaee77afc192f79a
TUAB,train/normal/01_tcp_ar/aaaaaojy_s001_t000.edf,16323184,513e72ce6a95a8c0c0b2a4fa4f53f3a4bbdfe6f18c09a6c69ed7308facaf53cb
TUAB,train/normal/01_tcp_ar/aaaaaojz_s001_t000.edf,17349640,6acb604b7d3f4fda576748f78c2499a7a86334978ea296a648bc552f42bb018b
TUAB,train/normal/01_tcp_ar/aaaaaokc_s001_t000.edf,20130286,5d87e3796c7943da0277236cdeb4312a0800cc21153ad562477352b2f4adf520
TUAB,train/normal/01_tcp_ar/aaaaaokd_s001_t000.edf,23860642,af4615531e287827f8f39c9044165405a038900f0e0faa2c6be55834f9ff87d3
TUAB,train/normal/01_tcp_ar/aaaaaokd_s002_t000.edf,17498206,7b493be3009471d8b20e4ae668891dd8138e6a4d3ac2e4809c6c28e4d5d00e2c
TUAB,train/normal/01_tcp_ar/aaaaaokf_s001_t000.edf,20906068,142576e0e8eb163027ee009b1b5c984651f98f04ffc925f28a12b299408e3052
TUAB,train/normal/01_tcp_ar/aaaaaokn_s001_t000.edf,19882696,63198a68c107ccee8d3c209d9f061456e89740c15b89b4fb471483857c76a53b
TUAB,train/normal/01_tcp_ar/aaaaaokw_s001_t000.edf,5603328,bfa5cdc78fd4e4b3ea888f107e68bf18893b6ce6da6c038943f1f78b22805925
TUAB,train/normal/01_tcp_ar/aaaaaokx_s001_t000.edf,20113780,66c7d83dd6d8e7d76797b6e47a69ef6ca85918f64e56c42fb1828d8eb291b990
TUAB,train/normal/01_tcp_ar/aaaaaola_s001_t000.edf,21631042,c2fde9a1ecac2f1684c076b27be6d1ad0f32b9b38f316ab1664bf9b720d1976f
TUAB,train/normal/01_tcp_ar/aaaaaolk_s001_t000.edf,20022766,43784506f47c808334fc26bbab40a864974e81c5d447e776d678871f6dc1d3f6
TUAB,train/normal/01_tcp_ar/aaaaaolq_s001_t000.edf,17473674,034bad6b3e97617500ba50055ad6079d5601436a43c55ba69d1b8cbec0aaf526
TUAB,train/normal/01_tcp_ar/aaaaaolv_s001_t000.edf,24801484,3063227cb0b3569190e4be9bbc5fb97cbe993336fab1f162a71d3eaa18ddc6dd
TUAB,train/normal/01_tcp_ar/aaaaaolv_s002_t000.edf,23656942,979e354fb5787553408f23821b07d2f558990f770f8f7e93138ff0df883ad6fb
TUAB,train/normal/01_tcp_ar/aaaaaolx_s001_t000.edf,16363702,88578534c0f414a98219e5f17fffa93f71046605b221b19bd4ed4ba45a79d0d0
TUAB,train/normal/01_tcp_ar/aaaaaoma_s001_t000.edf,21813898,9a52ddea09cfb6fe6495c1d5bd07349732eac1af7a268df5ed3c687668cc1238
TUAB,train/normal/01_tcp_ar/aaaaaomb_s001_t000.edf,22820764,c4df08ea17df76056ae8ba42d0e921221bc05aed269ff7240b840168f1a1a4cd
TUAB,train/normal/01_tcp_ar/aaaaaomc_s001_t001.edf,22919800,eb35a2cd77bdd3c7c17bf4b7c9d42dfbfc1b73ae48aa046325a108dadb575c35
TUAB,train/normal/01_tcp_ar/aaaaaomg_s001_t000.edf,16350196,227b52593bbbbf2589ee1f6e5808bf74cf491222611573b6f5e553b1e7d07dba
TUAB,train/normal/01_tcp_ar/aaaaaomg_s002_t000.edf,56471128,23ef83fce0b432927ff7224c6f48717b4ecb698d0c1465a78777df98175c44a6
TUAB,train/normal/01_tcp_ar/aaaaaomi_s001_t000.edf,18727252,ad9c5904035f8e7268eab1d32126d4ec5d4114b1cc8b2c46b6fd5d05518deddf
TUAB,train/normal/01_tcp_ar/aaaaaomj_s001_t000.edf,16323184,b83df6870fb081fc730734999fe9701bf38b5d9a5b069185c635187a067a0d22
TUAB,train/normal/01_tcp_ar/aaaaaomk_s001_t000.edf,16296172,707bfc28fe5984942a35ac7787115e05542cbcc23ed91cfaf12373808574c9d5
TUAB,train/normal/01_tcp_ar/aaaaaomm_s001_t000.edf,18754264,7e8e4c0e64c179356a177b5d48adc431fe12c59926e558befe9b298ac640389e
TUAB,train/normal/01_tcp_ar/aaaaaomo_s001_t000.edf,16269160,956f7393467a3ca2ef6f2fa624a85e6b8b8bb21a60ff3e6af5ab15b61976ba0c
TUAB,train/normal/01_tcp_ar/aaaaaomr_s001_t000.edf,17579242,51de48e3c613df87e5ef7b1d4a220168ace72854c76837b73d7c73ed9f46760f
TUAB,train/normal/01_tcp_ar/aaaaaona_s001_t000.edf,19406502,9e985db80189053bedb68736f299ac372c59bb09945d6c0c21e6750909770802
TUAB,train/normal/01_tcp_ar/aaaaaonc_s001_t002.edf,13648996,67940b0e13da953b1ccf7153551a21ba298bdfa9cb299ca428966ea5bad03bc0
TUAB,train/normal/01_tcp_ar/aaaaaond_s001_t001.edf,15688402,4d0a12e6f87837dfd7015b3fab0966484bf08b51a2917580abef0c255864f310
TUAB,train/normal/01_tcp_ar/aaaaaone_s001_t001.edf,14648440,87116f95c389e13a5cf95b35e34f4b56a36b19ad34342e7ac8447757dc4bf301
TUAB,train/normal/01_tcp_ar/aaaaaoni_s001_t001.edf,14864536,099da6dd35cdfeef1fb563e3e414534a15829047374f6c44a8bc42878ae49ddc
TUAB,train/normal/01_tcp_ar/aaaaaonk_s001_t000.edf,21685066,d64ed709470caa967a09dac50497db257cd6f7620ed3ffaa40d448d7f4f8e96c
TUAB,train/normal/01_tcp_ar/aaaaaonv_s001_t001.edf,16157110,f25e123cc2aa5e61f5d98a5a6ed20e95b427942c698be224bfcbd550592d1f0d
TUAB,train/normal/01_tcp_ar/aaaaaoob_s001_t000.edf,17710528,ce2eeb8a523a90f309da4b6d76fd31633c76ff5b36b85db627d965cc1149aa73
TUAB,train/normal/01_tcp_ar/aaaaaood_s001_t002.edf,12522460,a615c355dc43caab4f309bcca35e098790d5e43d2a757afbd00a4b19570904cc
TUAB,train/normal/01_tcp_ar/aaaaaoow_s001_t000.edf,21830404,6ba0c4ade1dd994d51eaa5493ef79d877614da9c53a2934b903a79fc0b1ac22f
TUAB,train/normal/01_tcp_ar/aaaaaopc_s001_t000.edf,20641972,28a41b175984b54bf01112dc0c03474d3407f8b62b4568ecfd10136d2e515aa1
TUAB,train/normal/01_tcp_ar/aaaaaopf_s001_t000.edf,19216424,26c9234cfc9ca2ff902cfd96e7b7ff4278d988df8286bc4565a072f1c33dcfd5
TUAB,train/normal/01_tcp_ar/aaaaaoph_s001_t000.edf,19229230,756229dfc77496be30db8d93ba87afa41d0c5b4a0493b95fc41f3875690b8879
TUAB,train/normal/01_tcp_ar/aaaaaopl_s001_t000.edf,19293260,0b4426ee7c86714efbbe139afcca033c926f318eaa886177a7e535de1adc9dac
TUAB,train/normal/01_tcp_ar/aaaaaopm_s001_t000.edf,19229230,cd24bd2bff23e89a365a3d50b46580178dc9e38ab1a042a59218ae71683e12e4
TUAB,train/normal/01_tcp_ar/aaaaaopn_s001_t000.edf,22061488,2b0e97330215ed1047319abcc196cf5c2e50999f4c2f0e987ce2d09b893470fb
TUAB,train/normal/01_tcp_ar/aaaaaopp_s001_t000.edf,17889880,680bcdcba54cc6627624257d74f7a05a97f286cd6b066870c7fb2a1f68ca0b78
TUAB,train/normal/01_tcp_ar/aaaaaopz_s001_t000.edf,18594154,dbdc402277dbbe88b9e0c88655d342352f5d8faa88540c7fcd441e9784d2117c
TUAB,train/normal/01_tcp_ar/aaaaaoqe_s001_t000.edf,19510600,45d0d1ae412072cf244869a828cae2d8c5b4cef593cd95f8c084049dc59d356b
TUAB,train/normal/01_tcp_ar/aaaaaoql_s001_t001.edf,18619204,b0f867f17eac1e86a3684f87b57772d9af6a2c814706c36baa0c85ba8e27c3b1
TUAB,train/normal/01_tcp_ar/aaaaaoqm_s001_t000.edf,21590524,e66a64fc73f0ffb90dbc632e879e3696ba1676b3c06c39e09d2f15d7cab0d09c
TUAB,train/normal/01_tcp_ar/aaaaaoqp_s001_t000.edf,17916892,96ea48b8b47480c9ecaecc1abd15657148df98854e348bcf11096e195ce91f16
TUAB,train/normal/01_tcp_ar/aaaaaoqq_s001_t000.edf,22387378,a4d908a186e9e2b3cdc3129b1d95f11bf82b581576c4e71bf02dbabe530f177b
TUAB,train/normal/01_tcp_ar/aaaaaoqu_s001_t000.edf,21414946,2615e0acb71fef604a03ea1aed00064f04f364dc7e093921e579804291a11c89
TUAB,train/normal/01_tcp_ar/aaaaaoqv_s002_t000.edf,42119644,de562c80d4cd39b3f589db5d6865366129d1a2fc4d6fe1e68396ff0f1875dbde
TUAB,train/normal/01_tcp_ar/aaaaaoqy_s001_t001.edf,18398070,781930f2660f165a621af9b73841ac5c514dd6102257ce2edc06e41ba63a952c
TUAB,train/normal/01_tcp_ar/aaaaaorb_s001_t000.edf,18706342,475818e40a4415a761ef028a781772241b35818089c6865277545733c67275fe
TUAB,train/normal/01_tcp_ar/aaaaaore_s001_t000.edf,26204494,306843e4c019d0b0ef968c654b13b26e051da4eb24867b3b23eeffd6cf4a89ce
TUAB,train/normal/01_tcp_ar/aaaaaori_s001_t000.edf,25989916,8fb6cc58bcb8fb09fe329e2d1af1033f9f8ab882a47192dccb6344d6d84b20a2
TUAB,train/normal/01_tcp_ar/aaaaaorn_s002_t000.edf,26088952,849225c5c7e4d68afc439fda26a0e1edfe43aa250df96c51295fe9b8ff2bd8e1
TUAB,train/normal/01_tcp_ar/aaaaaorr_s001_t001.edf,19645660,3e466cc2a529ad080faf3f0f2d8e1a1e1e333debb155ac8214fe7802cf75b750
TUAB,train/normal/01_tcp_ar/aaaaaors_s001_t001.edf,16323184,5d52d175ea4eb69723516596a957ce957cae87b045d4b7fdc42bf1da226da10a
TUAB,train/normal/01_tcp_ar/aaaaaoru_s001_t001.edf,18335578,5e47b80be81bc6cd0fba75d1bd9ce060684afa9f74a8ec09d189127900fe3fbb
TUAB,train/normal/01_tcp_ar/aaaaaorv_s001_t000.edf,20766658,cebcdd01448de798f8f271deccc33e2f4b8c700adbfa2feb2f63439d1a4bb564
TUAB,train/normal/01_tcp_ar/aaaaaosa_s001_t000.edf,19821238,013d3ed956dff8bc77d2dda70a16d0450361ef5aed1f0d6857a0b175e20e03f8
TUAB,train/normal/01_tcp_ar/aaaaaosb_s002_t001.edf,17268604,b69cdc268d4d0505b534a9951b191ffbe96e3b0c3ffe80ab181d9d8eac7c0fd6
TUAB,train/normal/01_tcp_ar/aaaaaosj_s001_t000.edf,18686734,78509cd126e9473e09b2e83a63a293d04ebbe5ae15462b777a1d192ff562034c
TUAB,train/normal/01_tcp_ar/aaaaaosn_s001_t000.edf,19483588,6316c5dacfca753d1adacef43743f35f42f48071ae7ddcecf6e6cf0e9ad64285
TUAB,train/normal/01_tcp_ar/aaaaaosq_s001_t000.edf,20469526,4db6c6046e506f3eded3327800a9b55b744e78ac0b77470fd8b4cd149a8641c8
TUAB,train/normal/01_tcp_ar/aaaaaost_s001_t001.edf,14770516,714d35512cf34c7e5e3311e86ccde74bc396931b8df605fd569a122b8993d800
TUAB,train/normal/01_tcp_ar/aaaaaotd_s001_t000.edf,24933532,00204a573900f984f9034a577ea9b8720b3564d6c5d8514f0ea1d103f93d3014
TUAB,train/normal/01_tcp_ar/aaaaaotg_s001_t000.edf,25907386,4da09e4fcbac3a7290733233ddf93b507d2c86c844f86499be44808491e61d99
TUAB,train/normal/01_tcp_ar/aaaaaotj_s001_t000.edf,25775338,e5188a9fa554a59d1e317a1d013221591b49987bca400741ca80c1ada64c56e8
TUAB,train/normal/01_tcp_ar/aaaaaotk_s001_t000.edf,26254012,a4ea46a4f4dad0090b12e76cccda7292d9ceae76b34110232dc3393221dc560e
TUAB,train/normal/01_tcp_ar/aaaaaotl_s001_t000.edf,24801484,3e25fd53c748f087c49b03bcc1ac64cf633f8f2128e4531bee23dcc9b7cc8a0d
TUAB,train/normal/01_tcp_ar/aaaaaotv_s001_t000.edf,25263652,8874e679bbc40b6f2c822eb2401d52fce2d027d4656020b5b1f7736cd05a5998
TUAB,train/normal/01_tcp_ar/aaaaaotx_s001_t000.edf,24240280,3ba79ac26ec00ec3f0a121e3c32362051f84c7483491b506d7afbc050489d8eb
TUAB,train/normal/01_tcp_ar/aaaaaotz_s001_t000.edf,25280158,d9c650adcdc1f616bbb51565163d0a22f5e04db558c477df71b8281b18516751
TUAB,train/normal/01_tcp_ar/aaaaaoua_s001_t001.edf,24586906,d2b5ee87fbc304c3c881f3a6ab0cb6c51c675fdbc913f9a98546854c5e40236f
TUAB,train/normal/01_tcp_ar/aaaaaouh_s001_t000.edf,18511156,b15d50baa4f8cdda5fbff8b6ea50dbebc5c715931dcf8bda57c5a52c9be7ee7d
TUAB,train/normal/01_tcp_ar/aaaaaoun_s001_t000.edf,29736778,fbd280f92733a942d80ee87b5f5eb11c74c5507c7ed867044fe7b9b26014eb8c
TUAB,train/normal/01_tcp_ar/aaaaaouv_s001_t000.edf,21671560,df34a882d17e413af11d6cc61a451075d8f25b96793d9a7ac437e899446c413b
TUAB,train/normal/01_tcp_ar/aaaaaovj_s001_t000.edf,16782388,ddb19c1c9d73e685c176b497d3ed27d6408b5d0a88432ff3b0c768d00c85cf7a
TUAB,train/normal/01_tcp_ar/aaaaaovr_s001_t000.edf,24817990,8ca765b18642169a6ab3d15e0d59a089e0d20789b5b154329d35345e242b6604
TUAB,train/normal/01_tcp_ar/aaaaaovw_s001_t000.edf,22655704,8b9c0e9506ff87e739e3df8be13259b44d13ae54552d630cb4b5a1b595f45967
TUAB,train/normal/01_tcp_ar/aaaaaovy_s001_t000.edf,22837270,07444b18f92ca1fb4802bc14663c52b72eeb201009de52713a4fe7fca4b639a8
TUAB,train/normal/01_tcp_ar/aaaaaowe_s001_t001.edf,14670294,66a5c096ab23fc9d1d4bb081a3356cea6a02a4e700a3c69f83e905a63ab19ee2
TUAB,train/normal/01_tcp_ar/aaaaaowf_s001_t000.edf,16181402,307acf5d04ed6f50bb896b51ca88751a9570f4981390957159eabb69edbcca5c
TUAB,train/normal/01_tcp_ar/aaaaaowg_s001_t000.edf,20561054,e047d60364a842ea38351fc94ed33bcadf25d4a97f6374bb4f3ebc4b8713c1ef
TUAB,train/normal/01_tcp_ar/aaaaaowk_s001_t000.edf,25222438,199a627aff8b3534af6c67fdf52acff2958689d4abc3126f8f54cc0c950e24e3
TUAB,train/normal/01_tcp_ar/aaaaaowm_s001_t000.edf,19229230,6dae86b8653ff982733a71fc134c288b1398103f0ec825f6a2575ee8b235405a
TUAB,train/normal/01_tcp_ar/aaaaaowp_s001_t001.edf,19510600,c3dae796282f11508b4a83b864530e4aaa37c920bdbf0d5469693f7616fdf969
TUAB,train/normal/01_tcp_ar/aaaaaowr_s001_t001.edf,19335022,1c3b123e2e19b34a515ceb29200758f73c691f5411c99cec9026ba22d09fc015
TUAB,train/normal/01_tcp_ar/aaaaaowu_s001_t000.edf,20469526,0590b9e0c5031420a6866d6b4fc469076a0b7c9fb3859cb3390b6efcaba7a8b7
TUAB,train/normal/01_tcp_ar/aaaaaoxb_s001_t000.edf,17106532,a9e74df94406c5dd423c8d2669a78b39258ab72c49415a02cd216bb5b93670b9
TUAB,train/normal/01_tcp_ar/aaaaaoxi_s001_t000.edf,19159444,3c33be5af6b40d5bda680771afe039928e9219057844cf57999fdbb039b8d1b7
TUAB,train/normal/01_tcp_ar/aaaaaoxj_s001_t000.edf,17255098,d43469395e6b3b4b5f24edb561605d5bc0c948804730e2e553bf94b63294331f
TUAB,train/normal/01_tcp_ar/aaaaaoxx_s001_t001.edf,16917448,b1f8b5d5950e22ad4788a57c2193285a59c8542906a311ad5c0910a7c75423f8
TUAB,train/normal/01_tcp_ar/aaaaaoya_s001_t000.edf,21820126,e9e8e83826dd929a71069130c038a8f1cd3ba0610bb5033076a8adc1460fa657
TUAB,train/normal/01_tcp_ar/aaaaaoyb_s001_t001.edf,20293948,1db1955c38c8538ce33692032d3e31043436e517a7b15aaa19b6bc94ca805f59
TUAB,train/normal/01_tcp_ar/aaaaaoyd_s001_t000.edf,20793670,d9e9b5d0ef857fd188ea56d1466a520891af95c660d24ebeafb6d71dc2ebe8c1
TUAB,train/normal/01_tcp_ar/aaaaaoye_s001_t001.edf,13027720,8e651c4a5b84d265d487af397b499789bba2af3c72d1dd13604f989f478b0f20
TUAB,train/normal/01_tcp_ar/aaaaaoyh_s001_t000.edf,18808288,7cd49e6c089c4590341f507eeceb738fb2921ec6fb38c632b2f6381e9bd8fdf8
TUAB,train/normal/01_tcp_ar/aaaaaoyi_s001_t000.edf,16998484,4505812faa262404690c771616cb77c63853d299c29ae1b5e92270431715a4f6
TUAB,train/normal/01_tcp_ar/aaaaaoym_s001_t000.edf,20361478,d73afe52eeb6c79356542765f1eda2afddc30b3ec6961896f89fdda780125167
TUAB,train/normal/01_tcp_ar/aaaaaoyo_s001_t000.edf,20483032,d0af68b0f708bdd9ab3bb7baeda6ec5909a6faa06a75964ab7aa850dcf259a61
TUAB,train/normal/01_tcp_ar/aaaaaoyu_s001_t000.edf,17349640,18d38c969465124bd245bd34229c7ad120f6932f6019997e22a0afef07ee723b
TUAB,train/normal/01_tcp_ar/aaaaaoyv_s001_t000.edf,17241592,7b705408b215e74654329bb2a264b848561bad994d2e4e3f16447a52c24e4875
TUAB,train/normal/01_tcp_ar/aaaaaoyy_s001_t000.edf,17079520,20b5838639206feca06fb745a09d6da8aab2b2b791d6230dd66122efe3f4c568
TUAB,train/normal/01_tcp_ar/aaaaaozg_s001_t000.edf,20293948,8d07f44ddab531b5c345f3f6f1332896d6d85acb6a4f7026f2a7fe1991616d3b
TUAB,train/normal/01_tcp_ar/aaaaaozi_s001_t000.edf,24156664,88e583b16a66d986f73c744984986c15fb8ac389b124718ffc4b2c7b239ea3ce
TUAB,train/normal/01_tcp_ar/aaaaaozk_s001_t000.edf,24534832,b177eab4ef3f24a282bff718a08301f9f464e194562d0fec8adc6dfb7d818768
TUAB,train/normal/01_tcp_ar/aaaaaozm_s001_t000.edf,22157776,01090fef18da06ec3c6e47d39446c0e7aefc1d295dd17457bfba1aa803defdd8
TUAB,train/normal/01_tcp_ar/aaaaapab_s001_t000.edf,25263652,7af28ae6547594ac51e0231941f2abbc5c8613960e68aee42341fe252afeed0b
TUAB,train/normal/01_tcp_ar/aaaaapah_s001_t000.edf,24834496,db57361e2fedd6ef06326ec6da66abec900f7ab119b9078e10fff540405320df
TUAB,train/normal/01_tcp_ar/aaaaapaj_s001_t000.edf,24534832,be0d87fd9cd760334c4f2ece64c6e1dd6c40df202b6bbfa5f46bdd0c5b9acc73
TUAB,train/normal/01_tcp_ar/aaaaapat_s001_t000.edf,21928174,f5d0df8a68f38ed69f5bdd543ea45b80e1d8881166ef086fc4fe9d741e838b14
TUAB,train/normal/01_tcp_ar/aaaaapay_s001_t000.edf,22391608,b2ee662f3519bfee42dbe22cb35158fd16dfcd8373f78178cb1a4b9226c6ab62
TUAB,train/normal/01_tcp_ar/aaaaapay_s002_t000.edf,27006430,16a58d12b730541862c10680b44e0d4818ece58aff410801ac2a9d790d5d23a5
TUAB,train/normal/01_tcp_ar/aaaaapaz_s001_t000.edf,21752596,9ce472e8605cb8bd8430887b5ca103a40a86ddb86d6f5cca38dccba0ffff2b0c
TUAB,train/normal/01_tcp_ar/aaaaapbb_s001_t000.edf,19443070,096fe3f6c517e625b6a7a1a8d178fef2e94d6db1b7d98b72ba668edf94155877
TUAB,train/normal/01_tcp_ar/aaaaapbe_s001_t000.edf,20483032,9290f31642e13fcea284423fda60944cfde7cdbcc2d1aa2801ce8bb64d956ac7
TUAB,train/normal/01_tcp_ar/aaaaapbf_s001_t000.edf,18740758,ae3c3d5f6b296e4a57adf11d4b52ed6b582b6258dbd8230c2c7202b5ec2a3a38
TUAB,train/normal/01_tcp_ar/aaaaapbg_s001_t000.edf,33192178,3ceab6cd77d4b4ec08707a225d875faca742b0b1a6b576c18d066a2b31b4c3f5
TUAB,train/normal/01_tcp_ar/aaaaapbi_s001_t000.edf,21144826,6bbc2adb8abaf0bb2d81c19ac319ac364905ea409f818fb3527c72dcf727f90b
TUAB,train/normal/01_tcp_ar/aaaaapbj_s001_t001.edf,18887902,7665fac9eff7d08c4b98316289f0b692c1cf046b33f04640f8be6f5a87162db8
TUAB,train/normal/01_tcp_ar/aaaaapbm_s001_t000.edf,21945946,3b806729504529575e15228eb34134a2c0b815aff04ccbc253dfa512c0bcdc02
TUAB,train/normal/01_tcp_ar/aaaaapbn_s001_t000.edf,22094500,1c1294c82ee879e081c3c67ddc13bf1bffd797abdbbf523f7ee7a289411f172b
TUAB,train/normal/01_tcp_ar/aaaaapbq_s001_t000.edf,22375102,e295f001477b64407c96df4120b121adb4f823ca5188d44d0aa0affebf6ca7c3
TUAB,train/normal/01_tcp_ar/aaaaapbr_s001_t000.edf,23084860,448254b0c73f0664806872f2ecaf45b04d7966cd73293337e0762477d241c291
TUAB,train/normal/01_tcp_ar/aaaaapbs_s001_t000.edf,22193536,dbe0b07960f2ec03be3218435967448f5109057e8f9ec3b4181fac543a9225f2
TUAB,train/normal/01_tcp_ar/aaaaapbu_s001_t000.edf,23249920,42f935da56e25323f400cc92f927dad8111431bd023dd71a76d378dfdfd67487
TUAB,train/normal/01_tcp_ar/aaaaapbw_s001_t000.edf,22622692,27d9c617db358290aa62072af33be68e681349b9e42dad10fd7743ba3f81f8be
TUAB,train/normal/01_tcp_ar/aaaaapbx_s001_t000.edf,22243054,1ebd5bd3efe09f0b228bb0f414d0473c155f7c0dea03782c910f810e7d08d786
TUAB,train/normal/01_tcp_ar/aaaaapby_s001_t000.edf,22886788,61fc2fc596bca49aec796fd37c5034f7650b29408b7f8c94e19b3766f4efb9ca
TUAB,train/normal/01_tcp_ar/aaaaapcc_s001_t001.edf,17011990,64e4c243a17e84b07cbe90f0c9c40d43143b66869e78b9709f0cb559d1dea775
TUAB,train/normal/01_tcp_ar/aaaaapcd_s001_t000.edf,18511156,7d401cb4670f3e319218833d810d6db6b067daf86957e86f0acdd12287bf6192
TUAB,train/normal/01_tcp_ar/aaaaapce_s001_t001.edf,21360922,08f89d8b91bc92a058735063340a4a7ab66a4ad57c5ab1595dd62c1710d5aaa5
TUAB,train/normal/01_tcp_ar/aaaaapcg_s001_t000.edf,17970916,5bfe8331be4eb70a224917025a48c78933d5b1f4673385f9edb88ed3875f44cb
TUAB,train/normal/01_tcp_ar/aaaaapch_s001_t001.edf,14378320,2ac443100cbd064ca03f7c408bca38fd29a853dfa54e185de606648f7c53e61b
TUAB,train/normal/01_tcp_ar/aaaaapcl_s001_t000.edf,21455464,56b6b165fc392bdd354b6e7b2a17b9e9cff4a3047c54c40221623620085b8f62
TUAB,train/normal/01_tcp_ar/aaaaapcn_s001_t000.edf,18727252,00ed64db819276a7fda030f35e6780b5d405013569ab5d239372e3b5f9c74d5b
TUAB,train/normal/01_tcp_ar/aaaaapcv_s001_t001.edf,16309678,9f670b001b8313ea0499ccf968f2cc261305b901eb0eb30c5001adb0ec227923
TUAB,train/normal/01_tcp_ar/aaaaapdd_s001_t001.edf,20266936,5ef8957dd82622cd19d5bbb2013ba4bc32ca9775d76d37d66506119aec43ab25
TUAB,train/normal/01_tcp_ar/aaaaapde_s001_t000.edf,20888212,0fad9875d432e51835d458e671d5b90637a7d98b03c7fae8541e176eec72ef35
TUAB,train/normal/01_tcp_ar/aaaaapdk_s001_t000.edf,20429008,e067c6c2b94e11c487984903fd28e4f456e41e61f9221a8f1efc64bf5eddb799
TUAB,train/normal/01_tcp_ar/aaaaapdl_s001_t000.edf,20577574,eda2270a0ca8c2821c39c5d67ab02b491559e97d75a371b7d85650afa46b1234
TUAB,train/normal/01_tcp_ar/aaaaapdn_s001_t000.edf,20874706,6a793b1a26891ed8eeb570bdfeb60e0ac4f096d0f70391851a11d20aa76f5f9b
TUAB,train/normal/01_tcp_ar/aaaaapdu_s001_t000.edf,22210042,0f28ad0f55898a3db3e9c57c311e6c5b6a371fb9f6b435e55d42a113480d0df4
TUAB,train/normal/01_tcp_ar/aaaaapej_s001_t001.edf,18565180,b9da4d6b5aa2efd3b643a0111748d5ae1a4584b3b4af63113910ffbda5bad24d
TUAB,train/normal/01_tcp_ar/aaaaapel_s001_t000.edf,18092470,cb081ea33211094cc8d51f44c9ee01f1cf4ea90d6b25656a9f5adfed664b4184
TUAB,train/normal/01_tcp_ar/aaaaapem_s001_t000.edf,18254542,9f316ace954f7a3c6ffa41cc8cdbed2a4f8887b651ae9e1a7a5c1ca1d38e67c4
TUAB,train/normal/01_tcp_ar/aaaaapen_s001_t000.edf,17066014,1ab846449e7911ef9a97ab69c01d2b903f06c91c97a9229ad2a7951155cd4550
TUAB,train/normal/01_tcp_ar/aaaaapeo_s001_t000.edf,19780720,614ae5f6bba89c9b2619b0943b0caec420403a0696acf745d2da758a6bf17e58
TUAB,train/normal/01_tcp_ar/aaaaaper_s001_t000.edf,21830404,f350c2cd07d623685fd2c934d39ee3790806f58ec31f3309426b69790db32892
TUAB,train/normal/01_tcp_ar/aaaaapez_s001_t000.edf,20334466,8621a4ac071644107ee42e24aecbe96230a33bd3dba6a82bf50d144c70dc52b2
TUAB,train/normal/01_tcp_ar/aaaaapfd_s001_t001.edf,13757044,b15edc9a155f9a7f8135b7db1cfaf1b29dc2f672703e4673ad05c71e82dec1b4
TUAB,train/normal/01_tcp_ar/aaaaapfe_s001_t000.edf,22358596,bf01efd92dd2fcee3b95c62fd6decf5014f5870ce5283a91926220e17bc75640
TUAB,train/normal/01_tcp_ar/aaaaapfh_s001_t000.edf,20062874,5eba3e739998f12dcbd3da6e23786d0b026730157a9b37dbc8905e54a18debc4
TUAB,train/normal/01_tcp_ar/aaaaapfj_s001_t000.edf,17174062,705bc26481f6514c063abdb90388924e4779fd81b87f8fb1b0ac670500581422
TUAB,train/normal/01_tcp_ar/aaaaapfm_s001_t000.edf,19497094,3b78909ad6e5196d0ea7b189b36f42e0012d769276bd4eb07c84f58f9b6077e4
TUAB,train/normal/01_tcp_ar/aaaaapfp_s001_t000.edf,20104864,139fbf3345bf63368d4f63a5f676b3513a1507027b73efedae681f84088540a7
TUAB,train/normal/01_tcp_ar/aaaaapfq_s001_t000.edf,19213468,fd4ddeceed288ec5b6afe0bfb405385030967cc8c31616b1e44b700e7530ee94
TUAB,train/normal/01_tcp_ar/aaaaapfq_s002_t000.edf,23548894,9d581b7003f4930eaeede9f2f3a11ee7b7209693e4615a106250ffcc0ca377d7
TUAB,train/normal/01_tcp_ar/aaaaapft_s001_t000.edf,20483032,fd5b6618d4fed05cce9efd915dcf31025cb221118961db3d6d1d1df83197c002
TUAB,train/normal/01_tcp_ar/aaaaapfu_s001_t000.edf,24467302,adda282f55f94684b51d871941213ac8f34e8e207affc7efb71e88e67ed5e50a
TUAB,train/normal/01_tcp_ar/aaaaapfz_s001_t000.edf,22819570,fd228449508abd5a640a9f388e7132ea0cbb9415dc49a63cef0d417ba8765684
TUAB,train/normal/01_tcp_ar/aaaaapgc_s001_t000.edf,45982360,d3281b8271175fc8a33c780124c095cb98b2dcc50446c77134e7b4e79296042c
TUAB,train/normal/01_tcp_ar/aaaaapgd_s001_t000.edf,22157776,e4daca52433968b645dc4ed9b5488a7b0ffc6ec6d462e643ce92c797971e1b75
TUAB,train/normal/01_tcp_ar/aaaaapgl_s001_t000.edf,23819014,def20add0bc2c675309ed557b64d9bd89a6a2d35937b1f232c054fa79c6224f8
TUAB,train/normal/01_tcp_ar/aaaaapgm_s001_t000.edf,22468414,9814562e177e34163241e3a6c20e7419066f81a764fe0f093bd1ac305d87d53e
TUAB,train/normal/01_tcp_ar/aaaaapgp_s001_t000.edf,21860644,2bc374178095eb957824c104f3de4756b0a69f8226f4e984d1cafb1e6aabb9ed
TUAB,train/normal/01_tcp_ar/aaaaapgu_s001_t000.edf,22028476,77cdaac3fc0c7346431c2c32b903b5f354288ac4a8890a57116e5233730bdf95
TUAB,train/normal/01_tcp_ar/aaaaapgy_s001_t000.edf,21830404,3f0a91d116fb5838b2dc3f6259ef5b0882a14d7b200e7b7976a42364a1948d90
TUAB,train/normal/01_tcp_ar/aaaaaphq_s001_t000.edf,21846910,c01c2e73bbf14bf9b2ecf5c6b47db4fb57a70b0864a0c19105328aec5adafd92
TUAB,train/normal/01_tcp_ar/aaaaaphv_s001_t000.edf,17390158,0ac5938069818220edbccf91e614c419b5cca5fd81840faf73ab8f33fd565771
TUAB,train/normal/01_tcp_ar/aaaaaphz_s001_t000.edf,17120038,316d136bff43189e79165359354db2d195b428c99b3da3212785ebedb5ab3a78
TUAB,train/normal/01_tcp_ar/aaaaapia_s001_t000.edf,16674340,239583860b2dc6869c2e5b17fd25599ee39acbf3fd4d9e2f3f0aeec4b7cd941f
TUAB,train/normal/01_tcp_ar/aaaaapie_s001_t000.edf,17106532,aadc5fcc8e588970921b5e3b55e928bc99054b3095ab9f3e719e24f3bac3603b
TUAB,train/normal/01_tcp_ar/aaaaapif_s001_t000.edf,16957966,6b12f409e080a2733304a7b7ffd7c093164884f4df7d3a9ce70803b3a2a1597a
TUAB,train/normal/01_tcp_ar/aaaaapig_s001_t000.edf,16714858,e344f0c4358432ac615a21bac422ecfb14f235df055f08e35357fae6dc2c3bc0
TUAB,train/normal/01_tcp_ar/aaaaapik_s001_t001.edf,16282666,6a02d0192b00ba9523826326f5dd5b96e0b99e0a859a07f5804d2caf4926e9c7
TUAB,train/normal/01_tcp_ar/aaaaapim_s001_t000.edf,17390158,d1b9faada57218a61a28434f38f89af390cab2225007f6175abcb4f8d6982e89
TUAB,train/normal/01_tcp_ar/aaaaapip_s001_t000.edf,16741870,f5b150e3c5056dfd655e004e375721d95b1121f8ace387f2262b8acfb397fa6d
TUAB,train/normal/01_tcp_ar/aaaaapiq_s001_t000.edf,18132988,88acb7b0ea0acafbbfad8b027bf99f06290de581bf9e2039cf3e9312d3c2199d
TUAB,train/normal/01_tcp_ar/aaaaapix_s001_t000.edf,23224750,b925e4e4a287bd74012c8d5cd266ebb7ded1318c1146a801fe14b366602fe314
TUAB,train/normal/01_tcp_ar/aaaaapiy_s001_t001.edf,23157220,72626328f8e613f2e4686ce675fc23a23e2bb1a6721627110ffe312a93805dac
TUAB,train/normal/01_tcp_ar/aaaaapja_s001_t000.edf,21928174,5c59a41cbe424d893d9069660a691ae3914b10f3de3a452e874809dc1536280c
TUAB,train/normal/01_tcp_ar/aaaaapji_s001_t000.edf,23022160,9b048f2ecfaf0403cadd475c6b34ec658630120e4c4c2cf96f428ac884606840
TUAB,train/normal/01_tcp_ar/aaaaapjj_s001_t000.edf,21945946,1cdceb8b6cf5c56017061a84fe5f5a993aeed7fd92f61169c020e565f1e6331b
TUAB,train/normal/01_tcp_ar/aaaaapjk_s001_t000.edf,21879922,d0bb4e20b208418c410340b88f57baf921e2e8776e4212ec70bac690136c0fec
TUAB,train/normal/01_tcp_ar/aaaaapjm_s001_t000.edf,22044982,d6feaa4cf6b138bacf70b86c95236eb88e11b29116a28316827f18a92d918dfd
TUAB,train/normal/01_tcp_ar/aaaaapjo_s001_t000.edf,21896428,1e49b0b8d56d927f94f96d6e45690314bced24ddd573da9add88570f4dd6d9d5
TUAB,train/normal/01_tcp_ar/aaaaapjq_s001_t000.edf,22309078,b8b8f558f6586815c59a616e6651c86a6356291db8b664f070cafee54dc40920
TUAB,train/normal/01_tcp_ar/aaaaapju_s001_t000.edf,18268048,0df75bc7548624eccf3aa9bc4ff8f853fd93d3c8db53170f6edfefd0ed7af28c
TUAB,train/normal/01_tcp_ar/aaaaapjz_s001_t000.edf,17498206,fdaf705de0a95ff175e71f3a0435cd676eea790181f519a5194c07ff3ac8a662
TUAB,train/normal/01_tcp_ar/aaaaapkb_s001_t000.edf,21104308,46564db8b43a32b96fdf0540b9f37aab3fd52babcfb3b6513cf68cd0fec7519c
TUAB,train/normal/01_tcp_ar/aaaaapkc_s001_t000.edf,20685622,7a743cd3b7ebb288de86d12bc9e70213c83ddf096af8e8eb6eedea43ca3471aa
TUAB,train/normal/01_tcp_ar/aaaaapke_s001_t000.edf,22752040,36a6abc28cd1c112a13171bfc420f2abf2890d252d087e89bedde058f0e507b4
TUAB,train/normal/01_tcp_ar/aaaaapkh_s001_t000.edf,22325584,a188ac3ef1db29cd2fa34b2af927fc11ca234fcf93d5244f09189484b97bd9d3
TUAB,train/normal/01_tcp_ar/aaaaapkm_s001_t000.edf,25247146,a62cc4c46d89390063a0a2d8c7c3edc20ce72ab0f571ae79b8d24a0d8283d4b9
TUAB,train/normal/01_tcp_ar/aaaaapkm_s002_t001.edf,21582814,e826ecf8e7615971a3179a30ddf872e17c9ea3f24ae5f7efae981a216f647c51
TUAB,train/normal/01_tcp_ar/aaaaapkq_s001_t000.edf,16687846,6ef654f2be34247f1a314c8c4f2cb112409930a84a93c0fd980045735c6541f2
TUAB,train/normal/01_tcp_ar/aaaaapkr_s001_t000.edf,17903386,24ab597a7be5e54979453bece69ba6d8d5ddc7f04aa45e99078fb759e4d4dea3
TUAB,train/normal/01_tcp_ar/aaaaapku_s001_t000.edf,18808288,3a4f8a074be15ad7f7dbfd399fff2b872b125d2549c30424317c9e5e0daa02f6
TUAB,train/normal/01_tcp_ar/aaaaapkw_s001_t002.edf,19551118,9c7a87188d3ab5b8e6d9e6214c98c47ff093ad29f76fc42f38ed700cd874f082
TUAB,train/normal/01_tcp_ar/aaaaapky_s001_t000.edf,20388490,cbd0b750e7e869880b295a85673a9dbb958aea7a4702ff4193e3122a541c9c03
TUAB,train/normal/01_tcp_ar/aaaaapld_s001_t000.edf,20790526,401dc21638a8422d91130b428f1ad37359e662f111ebae5df4965c99efb53803
TUAB,train/normal/01_tcp_ar/aaaaaplg_s001_t000.edf,21830404,7142c4692d8f157900fc6841cbd0b36ae53bb44fea214dc5dc62fa498fbf2fd5
TUAB,train/normal/01_tcp_ar/aaaaapll_s001_t000.edf,23827630,686ee5a85e45d49fa4078d395e8fe86dd46968dc8fa9f6f537e7d46bf3944d9f
TUAB,train/normal/01_tcp_ar/aaaaaplm_s001_t000.edf,17228086,561d70d091007305ae8af685c9d0e17aeca35c002920eba0d1278bbd9c52fdb1
TUAB,train/normal/01_tcp_ar/aaaaaplt_s001_t000.edf,16714858,52526974c3fbe278431d00b5b98908cea2ac8ec66814acb89676a6602890bb30
TUAB,train/normal/01_tcp_ar/aaaaaplu_s001_t001.edf,16323184,fc995c35c0e6e6470284b13314537aa4ad7c2163d4d2643494700df26828676d
TUAB,train/normal/01_tcp_ar/aaaaaplv_s001_t000.edf,16741870,4c3d8ec647d668aae41107a1f623f9adb24b425c34f276331cdf52f1420f4723
TUAB,train/normal/01_tcp_ar/aaaaaplw_s001_t000.edf,21104308,14326a504b6c59ae0355ae503b2099dd901c55c95e14d82930d6b304578d14bc
TUAB,train/normal/01_tcp_ar/aaaaaplw_s002_t001.edf,21483778,bafcf27801447833076f92a14d7050bc56d6e7c6dd74c484cf07b31f5ed3d152
TUAB,train/normal/01_tcp_ar/aaaaapme_s001_t001.edf,14148718,eb6f41374e557ce4b69580d903e4da6c34bf31f9971f4c4de1c625366bb83e79
TUAB,train/normal/01_tcp_ar/aaaaapmg_s001_t000.edf,22738534,5f1dc656c21dd1d16f0caad95cec241c9b5515a38f88066ea8dc4c0ce98c47af
TUAB,train/normal/01_tcp_ar/aaaaapmh_s001_t001.edf,15497608,7ab788abe88173403833c42208314302a5cafb1733e17f51a6014fe5f7f80a67
TUAB,train/normal/01_tcp_ar/aaaaapml_s001_t000.edf,17160556,08670a2d5a4de13c56bd49a0045b0b5b8ea3f64d8c59862910fb07d691c7f4bd
TUAB,train/normal/01_tcp_ar/aaaaapms_s001_t001.edf,15571372,45032cda6edc40ca114ae3332ab1f62dc09fcb48683d31be771cf03dcfe0b567
TUAB,train/normal/01_tcp_ar/aaaaapmu_s001_t000.edf,16782388,d0fb7d9d35b4247452421eaa0d51776a8dade55702320e72c87c1549760bdb65
TUAB,train/normal/01_tcp_ar/aaaaapmu_s002_t018.edf,73692256,a26040d25df5e9d7b3b3215140008c4adacf0c186d73a96058420b1f239ab67e
TUAB,train/normal/01_tcp_ar/aaaaapna_s001_t000.edf,17106532,6ed4ec82fa718c712e8dcf42b70e1e87ae22a3dd2f622c4e9ef278c7d7cac8c9
TUAB,train/normal/01_tcp_ar/aaaaapnb_s001_t001.edf,16917448,2fdc358cbcc04126c4b51df4d0afeb8149c1c25548c0c39be16aad771beada2e
TUAB,train/normal/01_tcp_ar/aaaaapnc_s001_t000.edf,17011990,73a5191153c956201e50534c70f6ee7d1805f66dccb2638f42d519fd526d325c
TUAB,train/normal/01_tcp_ar/aaaaapnd_s001_t001.edf,17363146,bd47f9d26657cbb01126c6872da658bfa2c7ac6b45f0ceb871e7417ddb4501c3
TUAB,train/normal/01_tcp_ar/aaaaapnf_s001_t001.edf,16903942,adb7d137ab2c162aefe004b161d26a6695661393fae654229b00bfa2e8f5c33c
TUAB,train/normal/01_tcp_ar/aaaaapnk_s001_t000.edf,22752040,c2448619c1f87c63bfc3e9472f1668ea75d02b1c50ce8d8055e222c1de9f7206
TUAB,train/normal/01_tcp_ar/aaaaapnl_s001_t001.edf,20608960,9f4c94b99f2f972aea9015fe0172404080f54eb1d38a2dd7945faec289a46e5d
TUAB,train/normal/01_tcp_ar/aaaaapnq_s001_t001.edf,13014214,e841709e7cd7dd4cec02be80551506ad5ed3bfeeb071d26ba823fdf6f6f281e0
TUAB,train/normal/01_tcp_ar/aaaaapnu_s001_t000.edf,22779052,83540820fa09d148749cd2e762d00d20e09d9f2222e312984c5f3647b0453bbe
TUAB,train/normal/01_tcp_ar/aaaaapob_s001_t002.edf,37247008,b130a140b8cfeb3faba77f8b52e16af24092031abf6850e36cd8fc038e6ad4de
TUAB,train/normal/01_tcp_ar/aaaaapoe_s001_t000.edf,16633822,3a9be613da8f1620c6ce47ccd5ff9f09736229980f3c82667ef1c9d996616b9a
TUAB,train/normal/01_tcp_ar/aaaaapog_s001_t000.edf,16782388,78914df8edd1d811aa477dbc78d3ddc39a1245b448beada8ecb780eb965c1cf6
TUAB,train/normal/01_tcp_ar/aaaaapoi_s001_t000.edf,16687846,455e25c0325051f07f9f8976a33f4f0288cb3b45f7b2fc96d68c6f40480143a9
TUAB,train/normal/01_tcp_ar/aaaaapoj_s001_t000.edf,17052508,6136a24d69afc60b9cc96027491080732cac585150f6eeb551ba481b4d280640
TUAB,train/normal/01_tcp_ar/aaaaapok_s001_t001.edf,16012546,591d784af57d41487d9802e7751ed390b4c85732bdfcbc77934fa15940208d55
TUAB,train/normal/01_tcp_ar/aaaaapom_s001_t000.edf,19551118,c8d256e95316ec35e105d554f0b65147e86aea0eec22fb76c6d8df1dd52dadc4
TUAB,train/normal/01_tcp_ar/aaaaapos_s001_t000.edf,18254542,c1781540e2fd2700bc28d2e386b75024128233f95a2d54a16b99a1f1d42bc527
TUAB,train/normal/01_tcp_ar/aaaaapou_s001_t000.edf,16971472,52798eca61a50a0bfd49eea62b9cc583464e0c9ba4151503fae30c3e4629abc6
TUAB,train/normal/01_tcp_ar/aaaaapoz_s001_t002.edf,14000152,ae907b4b2e211c77a29c8aca5e731978b54ac253f502ce4cc597a3433bae43fc
TUAB,train/normal/01_tcp_ar/aaaaappc_s001_t001.edf,13811068,bf0ddcef835086b98dfc08926371087a2b59de9a68bbfbce8259995fd6d841cd
TUAB,train/normal/01_tcp_ar/aaaaappd_s001_t000.edf,22981642,760347023544ceb319385e5cd92dc9c3cdf20c74523fca78daf9e5e22f6dc2bf
TUAB,train/normal/01_tcp_ar/aaaaappf_s001_t000.edf,13378876,03ab68cf2642acaa22fc62ffc14bd0c43b28a7888cf1f297f1d25879be512665
TUAB,train/normal/01_tcp_ar/aaaaappg_s001_t002.edf,15188680,66ff55f54049e95179330fe179c56d4aa0db1f3e41ff455e30485cd82578afae
TUAB,train/normal/01_tcp_ar/aaaaapph_s001_t001.edf,14540392,13395bdbfd829e8549d85439bfa1866947c103a6af55dca291f5b324e894707d
TUAB,train/normal/01_tcp_ar/aaaaappj_s001_t002.edf,17511712,21bc081b17818b3c6eb18e8d9d82981e3d198e718cfdafa98421c85acc2074ba
TUAB,train/normal/01_tcp_ar/aaaaappl_s001_t002.edf,17282110,25ab789bf83c98c93a903551ac1cdcd6426385b364d5ff810a95bd19af797654
TUAB,train/normal/01_tcp_ar/aaaaappq_s001_t001.edf,21615826,028f12bb8667fd5a57fcacb0b018e5d6e9902bd80186b736200a3750651b574a
TUAB,train/normal/01_tcp_ar/aaaaappt_s002_t000.edf,21225862,545acb1e3dde5571bc6022ca2577f7962ea26b0b888a87b4a12f54d8e77d79f9
TUAB,train/normal/01_tcp_ar/aaaaappu_s001_t001.edf,23101366,bb8038830c475526f5c576302135112e25449b5e201f871e6ec8283657193dd1
TUAB,train/normal/01_tcp_ar/aaaaappw_s001_t001.edf,17079520,4973adc341173417e01eb1320934f09e3dc40087fbf7e3b5502f908eb17c009f
TUAB,train/normal/01_tcp_ar/aaaaappy_s001_t000.edf,17268604,63baf1b62d4f1a3902df4eb7abad2ba01fcbb1f8e788f622325966066017d3e3
TUAB,train/normal/01_tcp_ar/aaaaapqc_s001_t000.edf,20077852,5f62dcd65c4dcb78944ffbcbd7833b60194e1849a5723d32444cc86dde0ae6e7
TUAB,train/normal/01_tcp_ar/aaaaapqj_s001_t000.edf,16714858,48f7b68b8691843c8e5554a8735d1703fd4bbc88e09b4314d2b87b3bcb11e16c
TUAB,train/normal/01_tcp_ar/aaaaapql_s001_t000.edf,18214024,694939f722003c152f801337dc5fd9a786b29bb7801787f47ced7ce4b2f3409b
TUAB,train/normal/01_tcp_ar/aaaaapqm_s001_t000.edf,22765546,ab0ae44d685f9ba6c318ecbe61a014840d9d09dc79472824700e7a41db84a649
TUAB,train/normal/01_tcp_ar/aaaaapqn_s001_t000.edf,20577574,91ca9db1731db022b082c7ed79c7de3b8dd4ed2c6b1ee231e268a10644355487
TUAB,train/normal/01_tcp_ar/aaaaapqs_s001_t000.edf,16701352,0cde544fdc3839b2ae1845e3bcc0a0043fda014cc09d0bb295979db3098a16d6
TUAB,train/normal/01_tcp_ar/aaaaapqu_s001_t000.edf,17903386,92305a75affeb8e5e8836b1cc7d9dc4371e6c0781cd4d5d7964f4b2cbf430a7e
TUAB,train/normal/01_tcp_ar/aaaaapqx_s001_t000.edf,17120038,ea48a007dc7f42ca70374c6232f47790582d8796920b2c78c0404d94b7f686de
TUAB,train/normal/01_tcp_ar/aaaaapqz_s001_t000.edf,16647328,ec116114854398e3e81f26e0460ad48541a0377ae72b18cc9e7a56ca8974628f
TUAB,train/normal/01_tcp_ar/aaaaaprh_s001_t001.edf,24671134,525bd68af6941c7f5d1beac5eeb3733766843468d083a27d832e8eca0bba9cda
TUAB,train/normal/01_tcp_ar/aaaaapri_s001_t000.edf,17444182,951579ad1068e09da14fc00f97d46f4c0eef545ec74c4257101c4a7ce857d087
TUAB,train/normal/01_tcp_ar/aaaaapri_s002_t001.edf,26361394,e16ccf746f18b883d764007cec2bb9e094b7237b8e958a399ef99194620efdd1
TUAB,train/normal/01_tcp_ar/aaaaaprk_s001_t001.edf,21879922,3a493dec35d13bbfc8fe9fef63323ffcc97faf03ad1f5f5220e2895a41ec740a
TUAB,train/normal/01_tcp_ar/aaaaaprl_s001_t001.edf,21566308,551aa78bdfd2f37937d622bb2a96bc9a58f28fd8014b116d2ac2a74cd5993323
TUAB,train/normal/01_tcp_ar/aaaaaprq_s001_t000.edf,20442514,65f1e73ecd8d6dc5f0b246736290d52eb6eda880865939648e86391ebfcc3f2a
TUAB,train/normal/01_tcp_ar/aaaaaprt_s001_t000.edf,21658054,f363efeb898033859ad2a2b8c1e5602db0ac99eb8e84b110a62cd97ef57607f4
TUAB,train/normal/01_tcp_ar/aaaaaprw_s001_t000.edf,23521882,93e969b73632e67295548c6a3b95fa84b0d8e0452ae68fe56a1e33cae80bfd3b
TUAB,train/normal/01_tcp_ar/aaaaaprz_s001_t000.edf,19186456,4f821ed7ce260be0f6ddb5e3e8e994df9d04b6b07925f2a11ea1bb63888803a9
TUAB,train/normal/01_tcp_ar/aaaaapsa_s001_t000.edf,19132432,f606f00ea71485a6d4bc77259de7617ec152cc2acbc567bc0fba67861701325c
TUAB,train/normal/01_tcp_ar/aaaaapsd_s001_t001.edf,21813898,832c2da3c6d9d6f8c865724497dcb797499ffb952135a89ac4c40227d429b6db
TUAB,train/normal/01_tcp_ar/aaaaapsf_s001_t001.edf,21533296,768353b795a67ae2cdec0460fdc73af1d2051a6555e5e781083872e7627e1e4c
TUAB,train/normal/01_tcp_ar/aaaaapsr_s001_t000.edf,16390714,cdb6f56c5a98f29b2262a3857728e1c70e4fef3ce119a70e4936a5eba7bbcc90
TUAB,train/normal/01_tcp_ar/aaaaapsv_s001_t000.edf,16647328,db5ad460cb4c44433c2f86076d1fc303f0f4afe0222748300a4324248d3f37f0
TUAB,train/normal/01_tcp_ar/aaaaapsx_s001_t000.edf,16674340,5c9a2f093bf113235d4235ae7314becc52c864927086daa25af7aa02aba8516f
TUAB,train/normal/01_tcp_ar/aaaaaptb_s001_t001.edf,19126078,ffe39568a389ca9ef78755697189d39492272c05669ffd127c3e92f49aaa91f1
TUAB,train/normal/01_tcp_ar/aaaaaptk_s001_t000.edf,19483588,f680f1b2779651bfa896fea97c4c6e9681f85fe2111380b64eeec2c46ead4358
TUAB,train/normal/01_tcp_ar/aaaaapto_s001_t000.edf,21209936,bbfb5b42468d0761883bc57a32545967aed20c3264025fd92ba2451c82ee7cfd
TUAB,train/normal/01_tcp_ar/aaaaaptv_s001_t001.edf,21665344,7e81f9d5cfad3f9ce40f04e0da349095592e54c91319999d2ff25966c7bb6543
TUAB,train/normal/01_tcp_ar/aaaaaptw_s001_t001.edf,21764380,bb1578fa3aa7e4907c870f16661778dbd754d1ede0d99ee044ebb57f0501270f
TUAB,train/normal/01_tcp_ar/aaaaapty_s001_t001.edf,21483778,02cc3ed940cbfda7098d61306e904c14eb8fa3afda39eed5f5309353ba6d0597
TUAB,train/normal/01_tcp_ar/aaaaaptz_s001_t001.edf,21434260,86da97c0f5d94ccba73c694a126d9aa2531afdcca64ecc54c8bc388445b3291c
TUAB,train/normal/01_tcp_ar/aaaaapub_s001_t001.edf,21648838,7569890b78526781173c219f322dbd5f349d063e36095a9158e394b227f5b8cd
TUAB,train/normal/01_tcp_ar/aaaaapuf_s001_t001.edf,20559442,079c0eeff220943ccdedfb7537890574f772c361972bb75bff1de7172450413e
TUAB,train/normal/01_tcp_ar/aaaaapuk_s001_t000.edf,16620316,654cba1740c99335d48f8632cb5981edce5f7fc149be91ac15ab76fab8c86b9e
TUAB,train/normal/01_tcp_ar/aaaaapul_s001_t000.edf,17011990,552786a85dd29a65d006fa82e922c00ceca14a56e88b00be19b40b3b2cbb718c
TUAB,train/normal/01_tcp_ar/aaaaapum_s001_t000.edf,17147050,5e0ea8423d4bd69d8b8339a7935a5526cb56f8dc9106ae5d7bc7e0144c8e9aa8
TUAB,train/normal/01_tcp_ar/aaaaapus_s001_t000.edf,17876374,769b24a4408b8fa21cfd5d41e0f2c93baace0006029d765efce58f1e7e188c4a
TUAB,train/normal/01_tcp_ar/aaaaapuv_s001_t000.edf,17525218,04bc37ccd5711577b3c284472800356cab69408d3c5204055390c54bc587d298
TUAB,train/normal/01_tcp_ar/aaaaapva_s001_t000.edf,23846026,11446f26464cc7e836f60dadf058d0c286cf602b5410b4d7c171976045a4cb8c
TUAB,train/normal/01_tcp_ar/aaaaapvg_s001_t001.edf,17619760,5c5de172e0fe34fee2f8c2e843320e03e5f9515359d1a2c27b6e0d0b987923c5
TUAB,train/normal/01_tcp_ar/aaaaapvh_s001_t001.edf,17633266,fc168cd95c9736dba149afcc0202b5d69905639de316891d63b949c5d631d799
TUAB,train/normal/01_tcp_ar/aaaaapvi_s001_t001.edf,17673784,1e4d4ae82633c72ac26f1bd3d3f18101c22086db5d71785f64fe7f11c2789229
TUAB,train/normal/01_tcp_ar/aaaaapvj_s001_t001.edf,17309122,1729a492de287eaacbed8e900d25bffdb613d01bdc02708de6478a04d76b6237
TUAB,train/normal/01_tcp_ar/aaaaapvl_s001_t000.edf,20460406,83edcc7f4e7a1d65b9d1c387222ca424ffc8a90920ecf047a9197c8f0de74398
TUAB,train/normal/01_tcp_ar/aaaaapvm_s001_t000.edf,20212816,1f919c9ff6f9c586db95de9c9cbc71b621b93eb55c6f980aac39d9479b64b313
TUAB,train/normal/01_tcp_ar/aaaaapvq_s001_t000.edf,16903942,7c7bc3fab0fd3ab551a06cd561a362b322dddca33884136e91f7901733301c9c
TUAB,train/normal/01_tcp_ar/aaaaapvr_s001_t000.edf,16431232,1631a2f663217fecf6a1de78172fae4798d5cb323d412e899716f1b9f4fd76e0
TUAB,train/normal/01_tcp_ar/aaaaapvt_s001_t000.edf,16336690,8a5d5c201d1601b3217545e009d2ec3f6788480178fd0288b77f9beee113d4eb
TUAB,train/normal/01_tcp_ar/aaaaapwj_s001_t001.edf,19816672,1f3dce3ed3199e542885558b76004ebfcb822708f15017aca1133a8b59bc6879
TUAB,train/normal/01_tcp_ar/aaaaapwq_s001_t001.edf,23547028,d3cc49b3f49692ecbbc12dc8e69faba1513f9d9e7696a2aef9403908a398a3ae
TUAB,train/normal/01_tcp_ar/aaaaapws_s001_t000.edf,17525218,a498ee3ad93f27363d879508733110569207b814ffd4c5b7c48958885f90362a
TUAB,train/normal/01_tcp_ar/aaaaapwt_s001_t000.edf,17336134,7d470cceb2b6a52e2f1729d1d342bcc1531413079855f39138e84efb01f5614c
TUAB,train/normal/01_tcp_ar/aaaaapwv_s001_t000.edf,17471194,1c532cf276d06afc1342e9c2bfc964e3035ff445ce5f06717a94577cac8e2119
TUAB,train/normal/01_tcp_ar/aaaaapww_s001_t000.edf,17417170,2704f9ec331e059e8d5189bbddfa41236ccc92d9809ab17965bea535b625d140
TUAB,train/normal/01_tcp_ar/aaaaapwx_s001_t000.edf,17457688,d0928f8b083b4b7d74a16c7aa3e5e351306a0a3c8e1b1d26b02c4e287db5af8c
TUAB,train/normal/01_tcp_ar/aaaaapxk_s001_t000.edf,20023828,06c7ad35b993887102be99a5cb6680f02bc8bd9ebcb856a794f3f44627a5dec4
TUAB,train/normal/01_tcp_ar/aaaaapxv_s001_t001.edf,21846910,73acfb1d1f56a849a83f04ba8272447993f65753b37e67ed75d9c007472cf94d
TUAB,train/normal/01_tcp_ar/aaaaapxy_s001_t001.edf,22011970,945548eb39af5713214e1dd13f9a32689260f3d162ae1bc66cff97ef3464ae65
TUAB,train/normal/01_tcp_ar/aaaaapye_s001_t000.edf,16674340,c02a9f2ec8208386f2d62441901503d792b98c7be7d515dce8cd70ac8835fb28
TUAB,train/normal/01_tcp_ar/aaaaapyi_s001_t000.edf,17309122,83e80a6eb0a6a613e0c424ec63b7d276e98b8d1ccf0b83b755eb9713413b6ec8
TUAB,train/normal/01_tcp_ar/aaaaapzu_s001_t000.edf,19024384,59e127be9872d0431ad5cc25e03f53954750999c1f760dfd18bd405cb4f00e41
TUAB,train/normal/01_tcp_ar/aaaaaqaa_s001_t001.edf,22111006,1d68cef9c9922e81672dcf8e5057b5eed8f883649c7727f472f40be1347f0e76
TUAB,train/normal/01_tcp_ar/aaaaaqap_s001_t000.edf,17876374,40a772b22aa7ad8ae8d42e8e232ddee42bdb6ba6c2af43120eb9a0a69b2c2858
TUAB,train/normal/01_tcp_ar/aaaaaqaq_s001_t000.edf,17066014,8aa3ca614893d0a03678f418dec0a73c4983bb442b0c017533549a8786f60434
TUAB,train/normal/01_tcp_ar/aaaaaqax_s001_t000.edf,17848636,7e6dc91764e54fd88fad5f11b513877dbbd63f0af91150538debd8a63578a7a3
NMT,Labels.csv,83804,41e1364f443dc332977c98f68dac4d21fe5de1e8d45b95058c7f584b77a4f036
NMT,abnormal/eval/0000036.edf,5087632,ccad1b344956852e3a2857e57f31bbc989c267807d8bac95d6f22bdb92d3eadd
NMT,abnormal/eval/0000046.edf,4642432,b537520d016ea89097f443f3387df321e534203b65939df0b4bd1e2603168197
NMT,abnormal/eval/0000076.edf,5163232,734c87f04626e7de76be1788ea9c9e8ce68e901eb5fd00d3cd0e0cb18a06af11
NMT,abnormal/eval/0000080.edf,6818032,daf9e36c8fba5304e83a0d1c57030a539ef4bc5586e1de28b0413a4b297e219d
NMT,abnormal/eval/0000093.edf,2567632,b92955937111a56eb3b3cf38c969a03839f7c66cad52d557ee67c778ca9a840b
NMT,abnormal/eval/0000116.edf,4356832,12693dad80e45c7f0d74c6dd5ed50ddee88a38d07a7021394b8ec899d2567615
NMT,abnormal/eval/0000123.edf,4709632,97c003e676cb5637edf2bceb11f876b7076c67e2e0b8e172721b373200786e62
NMT,abnormal/eval/0000203.edf,4650832,70885caec87ec4150bc170e7cbee85aa2891a84b6e70a17843cd273df8a6da70
NMT,abnormal/eval/0000206.edf,6238432,6f70368d6406012f32331ea3a9216ce0437c6a73fa409c8991cbf74cfc0e2425
NMT,abnormal/eval/0000246.edf,4550032,b200273b2fd6162bcace23a12558bf1d94511b40ead65b043097b39aeccc7f93
NMT,abnormal/eval/0000256.edf,8548432,ac88a053ed9feb95febdeff962ea18128a4c6826b2b81f586351262af84a6b25
NMT,abnormal/eval/0000283.edf,5860432,b7ee76570f5da06aa0ea8af36844c13bb582a608e3a95053d770247333fee2fe
NMT,abnormal/eval/0000286.edf,4323232,aeaebec98faa14a7df5cb5d970d9e9c6d581cc6ec450be5e5f924ed40c4df158
NMT,abnormal/eval/0000316.edf,3105232,e1374fd25698c8bea1efc4af0558a6c02f0fc0bbf22aebb9c1e4a00dd7da07ad
NMT,abnormal/eval/0000346.edf,4550032,bcc096e7a64b52b517b593472031f13ed4efeb95fbd221eb686088ff5b12fea0
NMT,abnormal/eval/0000363.edf,6834832,9095c82f9554a829cd056e39cbfa7ef62be184c863336fa2f63ab4ddcdb1542b
NMT,abnormal/eval/0000406.edf,6969232,2bb3dd05346072c3eae6de5596164aae6873d15dc0690a63c4a01fd505c399ce
NMT,abnormal/eval/0000426.edf,6129232,17bc6c6ac78d8728fd7d45cf734e71e8303e8c2825c736ce8e2022c4d8ad309f
NMT,abnormal/eval/0000476.edf,5684032,d5ed5338b69ebea4dc88bc49be7f0a42f39209fb01cdde5ef98182a535a96c08
NMT,abnormal/eval/0000496.edf,7364032,ca22ab67df916a3f32835ef63674cd38ec183668287d99c5d0f8dfa24c96240c
NMT,abnormal/eval/0000506.edf,8842432,4f4f0dbe19449aa8aacb85d38a6b58046c45d2a40c05e91715513c8b51de704a
NMT,abnormal/eval/0000513.edf,6902032,b757a9c55106672e2a5164771f6448be9aba719dd796f57c420258a6bf104beb
NMT,abnormal/eval/0000546.edf,3550432,12cd9b2fd131d187756d38c7b47634eeae8439f1e85fc3f29a748492a5cd280f
NMT,abnormal/eval/0000573.edf,4835632,40525f8f890e8cb6915db1f2ef0c473aee23913ebdb558cfbd7a2f5e6ef74f5d
NMT,abnormal/eval/0000583.edf,4474432,14ae985dd6385f74b3dbdf41187bf3e458f44ffe710913581fa0beba4870b20a
NMT,abnormal/eval/0000643.edf,7196032,6b586c77ba208bbd19c896a861ea60e780fa90a06c46fee4e805f4cf9933a014
NMT,abnormal/eval/0000746.edf,3911632,b5c31984e18488a0a737226c44c8574056992bffa2d201f16fd39e57d69e0595
NMT,abnormal/eval/0000783.edf,7263232,b80dcbd518821516944b38d0f630c1cfe605605f83c86fffe260e45afb1578fb
NMT,abnormal/eval/0000786.edf,5566432,747f063f58f4b948e430c04850e208c686de0c5e115440b75890b2ba9e05a7d2
NMT,abnormal/eval/0000816.edf,9077632,c4ec4b2a2721df68b79943fcf50a9f08782e80b00b0dc33553e57986cfb01f09
NMT,abnormal/eval/0000823.edf,6188032,85c4d360113cf86604979677a8589f2185559a12f8a55f9121a22d951a0e56a2
NMT,abnormal/eval/0000826.edf,4726432,28dfc0704c1d07b7c19718e2f7cdd9f2f76ea66ada2924a2965751553cd6a5d9
NMT,abnormal/eval/0000838.edf,4642432,31a969bc5645664f44a273de87dc7a6c1d7abc181ab3bd4ba6bb24c44cc6d710
NMT,abnormal/eval/0000866.edf,13613632,6ef9747a945ee76124661ab1a4c8708f2f4319077a0573baee5e1b78ebb211ed
NMT,abnormal/eval/0000868.edf,9371632,e3d6459974e4a92f1d72a117cadb2134f7f36e1fed0ded28e35e060544ee56b1
NMT,abnormal/eval/0000886.edf,5852032,0cc4c737c4fd6ae2f8ba1658234544d9b9559d420e4f99624902739c201527dc
NMT,abnormal/eval/0000896.edf,4550032,8e0929217442c29dd3d6135afbe3851d71332100bb8828bb9633df91134c3936
NMT,abnormal/eval/0000906.edf,5448832,005959ca57e16d67912945c3bf65457365a4cd04f4588bd340335173086ea099
NMT,abnormal/eval/0000916.edf,5549632,7b2344c956977de2886de69d90254feb24bb1e694aea7b8eec5287c617e6104d
NMT,abnormal/eval/0000926.edf,5390032,71cbf920dd5f4be6efa2441493b01780b97464c92f4d9bf610c9396e2c288d6a
NMT,abnormal/eval/0000993.edf,5558032,2ec116d55a8817398fc578a14f8a09748ce1a21943a0f4f62a37ba85c1bbdf12
NMT,abnormal/eval/0001016.edf,5045632,feef5758ea7c7d981187539a62500b6a785c54d91183c0db7a916e1da1f0476f
NMT,abnormal/eval/0001033.edf,4037632,8e957e6edbcefba42298822e125e2f0bc450ae6f98e305f1064424e1055faabd
NMT,abnormal/eval/0001153.edf,6801232,76b412ad9fa6f7a98418c59589ad412733596625fdbd9ff943bd9369af78c45d
NMT,abnormal/eval/0001156.edf,4541632,ce37d6711e191b1d1e077c677fb88491ea172cd7a2fcb3e7e1a8cc27ceca1769
NMT,abnormal/eval/0001161.edf,8775232,3ce89e7a5c18c7d492087ee32669885532687f7db963a70d619fe1dce41bc5cf
NMT,abnormal/eval/0001173.edf,10102432,68ea9133684ca67d397087bf58e56d0f73e82a692e1e74bb221f33b95c39b596
NMT,abnormal/eval/0001183.edf,5062432,332c3728aa0cf9955afdee2948042a4b552e7f087b62cdacce4f178bcfe16855
NMT,abnormal/eval/0001216.edf,5171632,91100b5ad3f0cfb4d8cdc2e5d3c00bc8e7e777e60b4381c20de8f969bb6c98c5
NMT,abnormal/eval/0001266.edf,5978032,f3f79a7eac04ebb98b0cc33dafb4f2882c13d073cb6041b02181a506cd78ad6b
NMT,abnormal/eval/0001293.edf,6616432,efefe1470c8b69520bc37dc9b751bcdbeef9ef06f1d508b34d77b9367daba7fe
NMT,abnormal/eval/0001302.edf,5364832,9fd406a2acf0607c53d0dfe4e05f349c956c9dfc6814ae2ab3da3e7ff9ce361e
NMT,abnormal/eval/0001306.edf,7792432,b8e776545771520618996f9c7e36e8292e052cd128dd98e63ff893de1fa5121b
NMT,abnormal/eval/0001331.edf,5180032,f17e06623bd6f3a22962ec7a17a6cadd33c223de75f58d822ae1613aafc06f00
NMT,abnormal/eval/0001333.edf,7590832,f341adec8c49a5c291752fdb9f35022f59294c10f5c7d03695e146daf37fb233
NMT,abnormal/eval/0001353.edf,2559232,0422813f330185aa40a12bb9572acfc810b8c96b589e7d2f6f921db54c77c852
NMT,abnormal/eval/0001383.edf,6994432,e305d8c8a8e7ea800d2b80e34d79063eae7da8e7ea57c9dba1504b4d29172a8d
NMT,abnormal/eval/0001406.edf,6305632,fee6a611fa34ac897f1f8ae3ee84ec1f7b00425663056e2f7ef53b75fc0f4d3f
NMT,abnormal/eval/0001433.edf,4818832,5c5e1b0a283c2e3955a07afc64eac2d0762f45f73b2d4c8bc96bdbd0307a7bfb
NMT,abnormal/eval/0001436.edf,6347632,3db447b7be3f482fe20fe5199369bdb08cd9d23a80eee781dc2e537781dc6473
NMT,abnormal/eval/0001466.edf,7028032,a70b7d40150a2d54fd66944680909c64f264845f192ecf862dce9c8f36523494
NMT,abnormal/eval/0001486.edf,4793632,571b4a14602ca9b5030e822d659334bb769f73d1d9aa9aba9c4e5a79aeefc290
NMT,abnormal/eval/0001513.edf,7061632,3105986313a5ffbaefaffcf8b3e3c8468e3db626dcdda1778ef2b33e182a2916
NMT,abnormal/eval/0001573.edf,5070832,9ce2f46356239def24eacc22b5622ad87488e4f182c9e320f1f4bc7d11783ae6
NMT,abnormal/eval/0001583.edf,6230032,d5a2bb97054c789d2d7fe8b076d03698b215d04b04a89cfcbd7b67e6040233ee
NMT,abnormal/eval/0001586.edf,5532832,8d9415428ed2c5355c9cb524b2a9dbb35e49ce8ec9aa334cbea565d91994058d
NMT,abnormal/eval/0001593.edf,7599232,1301cef82be329d3256923fdeb21dc2a75d1b7ae3038761b746ec08501262133
NMT,abnormal/eval/0001616.edf,6658432,1157caa2cf4d8ed3af1deb16343988f92161dcca7109f0733e1ddf0cd0175871
NMT,abnormal/eval/0001653.edf,6112432,6d7d8338b5e7d51a6db015be53e054240a65d8c597db63b8ac9e562de1c4a935
NMT,abnormal/eval/0001683.edf,4121632,fc5c2ee927f6bd851129bf9b822b734603668f182e65238ff9b351c27392faac
NMT,abnormal/eval/0001703.edf,7221232,59b837576ff1eaf7a552a29b598b6ea32bdff1cbc6aa8c6d326842979bf4ed18
NMT,abnormal/eval/0001713.edf,6171232,0972cb43f1c5a8450d2b89d60896ee9c1bc056c83b6cadfa5d4541f0be9e073c
NMT,abnormal/eval/0001833.edf,4869232,8ff088f2a84eff4ca3f96163ecd9135cd7210591007b08c9dd87a634ed89c893
NMT,abnormal/eval/0001843.edf,3231232,812463d58abd8801c73321e0cc6adfe3bac9b6a8ad5e5fd4770a1d87b680da2a
NMT,abnormal/eval/0001887.edf,7960432,949e9effefd4cd7a7ab5896079d53b21a24ac7a3ddb7f61a4c4d404020823f35
NMT,abnormal/eval/0001893.edf,5154832,b4803ffc759237bd906cb5a32eae933d067a91ad1c5ac1fd702cf695509c270e
NMT,abnormal/eval/0001953.edf,9447232,b971b22113a11d7d038c9ee4e3e977d01cb13ba5ae82d5d49007215c2311ac9f
NMT,abnormal/eval/0002053.edf,7263232,7d18f8eec6bf8b0a309a469ba5b8e4d8c2104a2e0a56fcd9f34a63ee63cb12d1
NMT,abnormal/eval/0002063.edf,2626432,e859087b7968d5fb4a1d92adbe60c792f7bf5c0bf0ea84761500481cc2461485
NMT,abnormal/eval/0002091.edf,8069632,9a9d66fdde2fdf94e0963e5d228fbd6872c42305945a0dd9fd7efcd838495c15
NMT,abnormal/eval/0002143.edf,7691632,3382acefba89d24a4d572d799eb124522f69afef0ae3fdd682f3f28e3f069f6c
NMT,abnormal/eval/0002153.edf,7070032,fd158ae8c8ed4fa82367dd3e998d44c65dcec2916469e65a31696952eccc4e51
NMT,abnormal/eval/0002181.edf,5062432,c41dad1d74ec9412c32fc18f0a592c6519c0c3e6cba2a3a2f25945e5446eff37
NMT,abnormal/eval/0002203.edf,7061632,06c5175129323844dfa9eab45629c8d56415b64f0c58d752ceb60619286de100
NMT,abnormal/eval/0002249.edf,7582432,ef7260d0383299fa9368f1138042c2aac21250dd33387f37a4587f809f27f1e4
NMT,abnormal/eval/0002266.edf,6498832,db989461a3ec295cf5cd57a1e2d79acaa0a47c6fed251c4ca61a9fc4d29af14a
NMT,abnormal/eval/0002303.edf,5793232,b22e2ab853b1f4e6a4c230b9a0346f1e31be2f4fc65b74d71c88a665946620c7
NMT,abnormal/eval/0002339.edf,3869632,b4c9985537c6c74169a9b0018c75fa131783665a3bfb6e5d56b971abac6ccd04
NMT,abnormal/eval/0002373.edf,7061632,bcf2aef644ee6eb635cfc24d14a945309d59e099e27662770e472c83b235f9d1
NMT,abnormal/eval/0002380.edf,9111232,9b43fbed33be34e18b62ec69443cd6cb603eed3517d86217348c3050f6aac474
NMT,abnormal/train/0000002.edf,6952432,79eb13229dc95ec5ad3a0714e8f05fef890147dd9392d37f76e3530f55fc380e
NMT,abnormal/train/0000004.edf,5499232,e63735a212c7a910611a5d5dfc55f95d48fd66588782b52ae7b819c79896624a
NMT,abnormal/train/0000008.edf,5549632,2a8f17fbf200cb00ec0eb1600203d3f88ea052a6557985f4387bee6a12fb6ad5
NMT,abnormal/train/0000009.edf,5952832,0f8a7e59207168ed68a823bd6ce60744549ae319fcedd373e328e4baec5ed15b
NMT,abnormal/train/0000012.edf,6557632,9d74dcd906dd533dec585c2e856b8537d30c51fc7e9dbcfad767412182adc8c6
NMT,abnormal/train/0000017.edf,8682832,bbe865f9d11d2d53b16f85c3ad74224216796504f969b695f4d15023f1b64829
NMT,abnormal/train/0000025.edf,6171232,c2f90245dcd5ef8c376102400206315be4cd50ec98828d52bf86824db5ff0168
NMT,abnormal/train/0000040.edf,9783232,1f8ca93430350b80be358fa27b2c02242facf7f0a9613fa60f9d16d06d2b32e7
NMT,abnormal/train/0000041.edf,6885232,e20dff04d242b9d8c70c1ed22d916a27137f8a21fa5f38463ec3efd66335e350
NMT,abnormal/train/0000045.edf,6834832,60d19b9843b68dfa26f67e5632926809fef0e597343fd302bfeceb5e65be475b
NMT,abnormal/train/0000047.edf,5045632,953aeaa59e5018ea39214d5a4cf56d1841f8848b163c56bfb8f55429b61f8c4b
NMT,abnormal/train/0000052.edf,6557632,e0f0918d3da567e414d12ddaeee7fc7a9f57a1680fa8ed8090e10889fb4d3fd0
NMT,abnormal/train/0000071.edf,6566032,b99fc9da2a41db567e5f6d00563eb03b0583327b664bdfe17f09b7fe922d01a3
NMT,abnormal/train/0000072.edf,6087232,0f70d45fe6060e42f0f42c6774bdcfd3f43b97d0f58fff9716065552ad99fc37
NMT,abnormal/train/0000079.edf,2886832,cf14f9fb4efe9ce79d0658db6516d2e9ad948d0c52d9413382d403177c1d0efb
NMT,abnormal/train/0000088.edf,11152432,0830c1f492d22c8018b552d4bf223119b8186afa691f2c96a750f30b5b0fd155
NMT,abnormal/train/0000090.edf,9590032,5d551ed53ecb7dd044ff822d540b27a1b5400938a2e80cf8917b281c70de978a
NMT,abnormal/train/0000094.edf,6356032,9cf0014b192f6aaae9c91248a2a6ac1e0326da1d7ca5f9d945105f00fb60e290
NMT,abnormal/train/0000099.edf,7666432,bf67fcc7588dc98bff9ecddbd510fff05eff683982d20356c8cf129098633cf3
NMT,abnormal/train/0000108.edf,10161232,0b13b2fc69bb40841cf1e3befc19333c12e57e6285704f5e35f3d83883ba0c13
NMT,abnormal/train/0000115.edf,4634032,03f5296dc0306acc4465cb8c4b9ba39a98f6a03ab2f0df8b792ce6d7cb6f3d47
NMT,abnormal/train/0000140.edf,7229632,54876a32ebf6d4b6f16484a441081b9b6366b9197cf008afb435bb6bb0c4cdea
NMT,abnormal/train/0000151.edf,8775232,86adc8d7c934024177bc2d6e94cb175f694084f1e0165f3b77ec762a6ff4e7f8
NMT,abnormal/train/0000154.edf,5801632,cf919857f9f4e822a77917804efb15e2a3ed7d0d37cd1cc1edb5717e0427c2c1
NMT,abnormal/train/0000161.edf,4592032,3589bff8a03122827a29588ebea07d89267f548fc4246f1b533bc948661f31ea
NMT,abnormal/train/0000162.edf,7347232,864cdb04191e32f6dc8b7bb8264c4548cb1809fad4b37a2711f3e0ef66e67a9d
NMT,abnormal/train/0000164.edf,4936432,1ddd9dccafc498a61cf803013994aa5117965a30d26e4bd52b48cb8264d1fcfa
NMT,abnormal/train/0000167.edf,6700432,1034629e9a815dd078eec58cc6c7a23ff8070c88bb061fafa5a30d66a5b0e012
NMT,abnormal/train/0000182.edf,6070432,0fb91d2005a5c372cc706ebb26a13bcb89b87482936580f9c44846beb7da3875
NMT,abnormal/train/0000188.edf,4642432,4aae957332d36cfc73f6ff51a8312b068b5253b3b2f841698753b0ec8964593e
NMT,abnormal/train/0000200.edf,3777232,f4722ee3865ab57b51e1b43c1550ecdad61845fd146e487047a3d0f2ab51e258
NMT,abnormal/train/0000211.edf,9699232,9c20dced971b2e38fe88f82d318cf78df01c796f01e59c926ffe2762e2ccc7fe
NMT,abnormal/train/0000212.edf,4541632,5f022c6da74d8065701354accb5f967633377b26ccf877c14090ce4d7af19dca
NMT,abnormal/train/0000215.edf,6062032,4058e921f28c2abbddf95fe954c0f604390d287011364139294a6d8d4324d3da
NMT,abnormal/train/0000217.edf,8262832,f3722f1b9cdb0eee48f87eda29e45689fe745a1e36933d5246886c79e49289a6
NMT,abnormal/train/0000218.edf,8094832,48206d49ae47b905968e741c1879f9686722d667a993f28321f9b487d615a798
NMT,abnormal/train/0000221.edf,4482832,eee6235d59fc967a53e3d2e108a1face3b775bf062ab78a71417e6002718ab19
NMT,abnormal/train/0000222.edf,4331632,4be0d09ee07a8b455d7aaab394b7f242f4b9ad4eb6ccd6f13e8a5782dca2f170
NMT,abnormal/train/0000224.edf,5860432,e44de8982962a51781fdb89391f26eb8037936ce89a4dce9236b06f674425327
NMT,abnormal/train/0000225.edf,5944432,c0c25d81ae1af374b05aede4ba1a224d9a4362d963b3f8d9a5cc03ee698cc4b7
NMT,abnormal/train/0000237.edf,5180032,f6d23c9461de11a3ddb9813c465b4ae13fe6ef2f869e00bc57bc3499d2d519bf
NMT,abnormal/train/0000240.edf,2937232,f933eb860e8ca15d7d13fbb6ba764c445ab804d99eacc2e07260f713ef159192
NMT,abnormal/train/0000241.edf,2870032,52faa2c3fb1baf5a52b3378a5564b0e37f811ac3adeb447a3c752b4420847261
NMT,abnormal/train/0000248.edf,6188032,79784a087cb7bb3adbffdc25fc539359e326e471e459edbe8e7baf93484b1e0e
NMT,abnormal/train/0000255.edf,4062832,0d891c10df1556211f70101220c0fa31e354df0d3d1a433301222ab3148d5bdc
NMT,abnormal/train/0000258.edf,4550032,15da4d66a6117db34a6cd2c26138686a45d7057e0ad66643cbcf174d077e58e4
NMT,abnormal/train/0000264.edf,6045232,012cb1e0eedb10d3578d839e85ca2a31937baa6a39a606160d9bb892876594b9
NMT,abnormal/train/0000268.edf,5768032,93ef6f450d7497a2917f3936e60c6924d568406d5f5980f17a690c02471df447
NMT,abnormal/train/0000285.edf,4113232,420482503688ed29e71b2ce6f00222f3b16792257e084b267e383d758df34dde
NMT,abnormal/train/0000291.edf,5633632,c9d15bdb30b04f9df3d35891ff592b90c219148bf3aee6153c3f1407d350428c
NMT,abnormal/train/0000305.edf,4197232,2efdfaae31f2e97b9e8b7b5c6e72d571dda4c2c76cff237986f7d9b3c2e5107c
NMT,abnormal/train/0000311.edf,4617232,26b3194253968a06ac56fee53d6cd7e53e5c8adf8ca3ba83130707f217486b88
NMT,abnormal/train/0000315.edf,4071232,6228055292be37a0b208d0f419de1452a299215a63618cd424ac356e20e8cf5e
NMT,abnormal/train/0000317.edf,8103232,e3da9c79b91ee4870939d6e6cf2823fc8721e07025462f9d3e7933b627b1ee4c
NMT,abnormal/train/0000332.edf,4541632,4a30404e1c57a93e27ed51ccfa0ca21698ffba82548f1fc9a6046005155ad113
NMT,abnormal/train/0000344.edf,5264032,4657816b67340a195dd2064944c98e15c01850f3f297224ea695a8d88ddd7deb
NMT,abnormal/train/0000352.edf,6952432,79a28fb54d6f94fdd5c9b03c239c505cce9a49d44caf28b837bf506c44472171
NMT,abnormal/train/0000361.edf,5054032,6895a0ec67148894928108f7ad64d7c78e46bea610a63d1633fba3b7cd78337c
NMT,abnormal/train/0000362.edf,6204832,7507ca9bf9b22ba8a4f18785472a537941d961f6beeaa2956bdd24a9e530064a
NMT,abnormal/train/0000367.edf,526432,6bb73241581dbde2ad138c8e16e64155d0934e33933e91d560367bcb4b6d31c3
NMT,abnormal/train/0000368.edf,484432,aadcac5b7203e74f8cd9034c03825c87b3bee5dcac67d71a7279a9f70c1f3344
NMT,abnormal/train/0000384.edf,4936432,95c8cb3049d5ea7e82d70ebf374e11dea0babef2cfe97cc6fce28846246f6920
NMT,abnormal/train/0000385.edf,6566032,f4137dd65a6b10ff80cbd16e93e0e16d60e54a7284077a0eea807503f8047436
NMT,abnormal/train/0000388.edf,5751232,11736b5098022aefc97226be94256ea23fbd38e4a2957f0ae1f6ae5e5bce414f
NMT,abnormal/train/0000394.edf,6792832,85ced1450d2c5ba2d8af4bbf58f77f19f4fd03e463fd4dd347a95970384fcd91
NMT,abnormal/train/0000395.edf,7448032,7357f0c1ad444284d91149d44d62dbfb388c9b327c725822ce56f736370228c3
NMT,abnormal/train/0000397.edf,38124832,6714069ef804d3a8ecec6d37a9f7deca43151f91b4b690185c3b62da8434ebfd
NMT,abnormal/train/0000408.edf,7145632,b4c0fc86a89117a79947dee32d56d393de9786b49dbcf676d9ad49555b1b446f
NMT,abnormal/train/0000419.edf,6070432,bc22a530ec6da76b4dd913e2d9a48ce3bba414358b0a0fa16a6003e8668d07af
NMT,abnormal/train/0000421.edf,7389232,97ced629f88f23f9326b4390b39f53ed60cbaa1571293c93621786906b25b028
NMT,abnormal/train/0000427.edf,4113232,c4b04b22a243acba83405a8b67919d45b230924e3808162bd727eba5972d2fc6
NMT,abnormal/train/0000429.edf,5558032,a0ae89dfdb332db59ebae5b62974ef603d538e513d3cdf3e880bed66f261259d
NMT,abnormal/train/0000438.edf,5961232,e74a315c18b0db90a7d0e75852dab9f22a75533111ae53c8eac46d5b940a3125
NMT,abnormal/train/0000440.edf,6557632,c20cab7dd63b82bc0d8b9897cf408759d637e2a91945f422bda3b5ee3b5750ae
NMT,abnormal/train/0000444.edf,6566032,caa4bc068dbdf6d9f7a0671350b2e15c47b0918101392dd7bd44ddeff41556cd
NMT,abnormal/train/0000451.edf,7028032,bf9e32b11bf4e1ce52dcf9ee9dee3218f6933f95b3a69558bb3778678a441008
NMT,abnormal/train/0000470.edf,6062032,56c3693d975e3bb03ce27c08e04278fe36f30a37ff1e564ae2cf7089f3ed14b3
NMT,abnormal/train/0000484.edf,4827232,53eb070712a087481116d18a8b4f00b65a93f6f88d69c83c1dd9a6eb8981f8b2
NMT,abnormal/train/0000489.edf,5650432,54a3e6010a23328893094a3de9d1abd8856b935f965be89a472e91c1f53ebcf2
NMT,abnormal/train/0000491.edf,5549632,6eab0a317ecf520f38161b2ea14c7981e7a7332b7a4eed31c8aea1ef4bcef96c
NMT,abnormal/train/0000498.edf,7481632,dd88979126ee8f5fe64b2973e4973c3c2637ca92431ddb4d4fbead6b212d0673
NMT,abnormal/train/0000499.edf,5868832,2082316fbb5b3fd7de363dbfed60acc8031a35dabee96943a30ed32aafb52c17
NMT,abnormal/train/0000500.edf,7137232,ad82081ec479c8d512233dfbf731e18e70ce2d2e3c10c0dedc222e7e34d6b3df
NMT,abnormal/train/0000501.edf,4037632,b56d378491b3fecde68083d9c3c7624e2581be4f8d455a7cc3b0178d82b90168
NMT,abnormal/train/0000509.edf,6582832,977138446f0259902026d47ad26392665cd49b32417794fc4870cbce3e2e8929
NMT,abnormal/train/0000531.edf,7498432,428fd8f0c6eb4adc0d0e9509ffda6b508553b60ce178ce946f21ea1cd2cdd019
NMT,abnormal/train/0000532.edf,4751632,754342497d57ebf87fce010332b42dda718118c59375c668abe52d2efe7b8e77
NMT,abnormal/train/0000535.edf,5255632,3ed2356d396ae107f5e11cf4c290cca6834ea2c7b9ad94f1f8fd07dcb06a1662
NMT,abnormal/train/0000538.edf,3550432,e3cbb59d0a84a0eee0d3fcffe16b4629eaba3223673ee1ea964a9e88e6fed884
NMT,abnormal/train/0000551.edf,5751232,bc3c72a83c318faff1aa3598e92eda003631ccc69a8749c556a79761fa68bcaf
NMT,abnormal/train/0000552.edf,2727232,52b12a9fc10ff4ab9479be725676403e8c0079326fc601d345da537e20403069
NMT,abnormal/train/0000557.edf,9220432,3c3585832d0cd1d58a1a2380858f70d3d7a076f45323d6b15e2b5396c6dd4d48
NMT,abnormal/train/0000558.edf,6574432,85bd9095f845ff9aabf0f6b01e1f626b3044f774fc4b8f3cd888f378ff5398c2
NMT,abnormal/train/0000609.edf,7683232,98cf6646a7d803667d74037ff9439b8a06f4a257cfeca654e28c8dc2ed063133
NMT,abnormal/train/0000645.edf,6456832,250a7de80595faf9e932c78158ee3ed37efbb606b2173c2ef5f90467b8d215cc
NMT,abnormal/train/0000647.edf,375232,fa8a52902af79b16116284dc6de1217cd71bddd0cac9def14ebde02179258796
NMT,abnormal/train/0000648.edf,13756432,6efb50d60535c4344d5c0005f77362483e87a45e43e5dde077c8584ddcb0a04f
NMT,abnormal/train/0000667.edf,5692432,d04cfe218ef99426984858a8bc2315ab10ec98f7afbec82cd4f77ccd030a22fd
NMT,abnormal/train/0000710.edf,4172032,db80fd05a89b697969445d8621725fd3dedb4bcdb881c51227910e69dc874b3b
NMT,abnormal/train/0000742.edf,5558032,b40e00694d18639f72744bbe416b2a444508368e7416988f2aa2f0b76db5cc46
NMT,abnormal/train/0000748.edf,3432832,f6d6ec4b8ee1da6f96770a964742fff2bf756c89c1e15f421ea015ebf33658dc
NMT,abnormal/train/0000780.edf,3634432,1d8fdef73aa856336d2f4324dceeb95682913af9a243607247bfc6237581f620
NMT,abnormal/train/0000798.edf,6162832,898787af07309cb5896fd62663b839174cdd1e191577991065ca89943f338b4d
NMT,abnormal/train/0000804.edf,8397232,1fad5a95253b077ac84693645dd68dbb85495d477b30f15deb87c0a8d4c6533a
NMT,abnormal/train/0000832.edf,6129232,5777683ee17dba0aff393959cbb8b9d4109ddbccdba6179208529d15ac1c28f9
NMT,abnormal/train/0000839.edf,3600832,b587e39b68c22b61e35a3cdc22db1966850cee474affe0956e0ed6b763ec1fe7
NMT,abnormal/train/0000847.edf,4071232,23dc4676b965e22613e6f65e099f607e7e41d4c4d137327473aeaf37cb5604f6
NMT,abnormal/train/0000851.edf,4306432,869328505864d04f92c2f0709a59bf737d9279a792712460dd2391fa057baeff
NMT,abnormal/train/0000860.edf,6910432,23d9bbdf1824d03a27c40acab74c1bfbe3b82a4a828354685c076ea7be071206
NMT,abnormal/train/0000871.edf,8464432,e45de3a1e83f5655e7639ac67fb658b0673c586b5676e6eb704395b0b6c2b806
NMT,abnormal/train/0000880.edf,5558032,bdcea64d48e130123f6eab091cad4bf5da52ce72d12e804f1be58900bc675468
NMT,abnormal/train/0000884.edf,6994432,cfe0fa43dc83c7ef72f32e39c429f87fe6ff8c113cfc6930cfc31f663e44595c
NMT,abnormal/train/0000901.edf,5247232,d46d0dcc7f1cc3ec2104afdc5f488c8eb2cd4826257a53a87931c46ab707e608
NMT,abnormal/train/0000907.edf,476032,9861d73371ae4cc506098fa43411ab86155075181b697eaf73981bfc2c9ee8cf
NMT,abnormal/train/0000908.edf,89632,e27539cbecc7eee3772c0dc7235c47540df2755e32ce9afcd7580cbe43510fd9
NMT,abnormal/train/0000909.edf,106432,0b4c36239e9b99904e19241b0ffb54a6bcde53098e9221087ea43cf4e554cb50
NMT,abnormal/train/0000910.edf,4818832,f0fc0bd597b97aee56b4efcdca756eb83979a1c90924f68e15b8f7a76eb6159b
NMT,abnormal/train/0000911.edf,5591632,73cf7cf905c3417c40d4e4251df5aa5f42bb36b79e3d2445bf0aed939209487c
NMT,abnormal/train/0000927.edf,5054032,5b41bf7aef22530d6f2fe6cb90335a92482995f8776712c3a668b739608df504
NMT,abnormal/train/0000940.edf,7212832,6925893ce9280983a61f046287ea28e436b40a1f6cf813fc2232a08beb713543
NMT,abnormal/train/0000988.edf,5751232,94542c1e5706fba223a12c73f343d2457a61e3e6e7e07ff43a1a17746e41a155
NMT,abnormal/train/0000997.edf,7078432,d2183d9d05d927769184235a885f8df09971675962540b6e452c8da0ef47a615
NMT,abnormal/train/0001021.edf,5348032,cfe69f1d844a32e6e348719eec1a0c65199aa0c446ac5921f7891670a6b4a0ef
NMT,abnormal/train/0001025.edf,6599632,14a1a3b02f481a869111f3b4a1ab9d4be8e14b55ec94bf8e0652ca75a5cd7901
NMT,abnormal/train/0001032.edf,4676032,600978fd21902f3aaf7f52a81f00989cda6a6cb37a6136c4265c0161ee9aaacb
NMT,abnormal/train/0001035.edf,4953232,43486af87a3dae73b9e7647435d00a547927e8c93a3c352399ae3165192a3c7d
NMT,abnormal/train/0001042.edf,3550432,29e5796849d06a4b0b0b290db8f6706e409d01c861e3790d417af46c1e1cf756
NMT,abnormal/train/0001051.edf,4550032,0dc0cbcefc170d90e490fc3e4ac49a44c5fbb1b66d8e99137c1e9da6e71e4256
NMT,abnormal/train/0001064.edf,7750432,623f57d063a808436c1c315d70ccc93f7cf4fdd2e4e30d0149bf668bf2774beb
NMT,abnormal/train/0001067.edf,4726432,2c029009e6fb907bc5b9282856792ad39b370af6b67aa843cbb57962b9a0c2a1
NMT,abnormal/train/0001072.edf,5238832,434d627d905c9d59f673b5547cdf1433684e668b131dc597ffff4112fd588e14
NMT,abnormal/train/0001082.edf,7103632,67efad24ee28af26cc921df6a3bac820d792680e1776dde0077954cb6942a957
NMT,abnormal/train/0001089.edf,5751232,35bd4c58a4ca70d22de2424f04c7e6cb1e53229ca7dd7e4e9197cc2665c689a1
NMT,abnormal/train/0001097.edf,4995232,1de1f342cd51369d46ef1d0920f78a40817f16e8c0a14944230aad85924ec54a
NMT,abnormal/train/0001099.edf,5070832,11660e9aa1a878fb2b74323ebce57d8d0a9e2ad81fc87a9a3c7d11aa919ab773
NMT,abnormal/train/0001118.edf,4726432,aa23747ba36a428c608b5904c2c61eed55beb08a3870546bb522c4530532f4ce
NMT,abnormal/train/0001119.edf,4550032,34430e168f96f741bbe3867f4b046b37e7cb9100be97a122c9d2e402b4112053
NMT,abnormal/train/0001120.edf,5054032,5f168105eac0cbb0f39b846f27f30b18072b6636950ae044028bb0521fd1bc4a
NMT,abnormal/train/0001122.edf,4323232,8c5d6ffeaef8d7891ac97c3eb78bfd2999a5b01afba55c90452779a870097232
NMT,abnormal/train/0001125.edf,5507632,02757eac91b1bd59c46134fe65e9a8c05f73c1df213ee834e61699ef57beb5c8
NMT,abnormal/train/0001127.edf,5188432,1418a3c951355f92e478a8c58d02944ad2e7bece1a109f4854b5fec492043462
NMT,abnormal/train/0001140.edf,4751632,20555524e7161dde43676082dbca5d0d678c1f633253e93f0e995d312af636c3
NMT,abnormal/train/0001145.edf,5264032,e85381a311b2739d28232cbbbe5a1120b94f554883e105c8e6918bd0ae56a639
NMT,abnormal/train/0001152.edf,5045632,be1a9b4e478f11fe816c61883023c03a24050512ee7376331a6ef1a7211473d9
NMT,abnormal/train/0001160.edf,5381632,ace204cb4fb0d1cc99a6f84d1d5f2e78d9f92672bd5316f58a4154f5845b1339
NMT,abnormal/train/0001170.edf,4222432,958260f0e3238ba6b126b2916d57704a31f63f2807cfbb5909ca3d01aed603dd
NMT,abnormal/train/0001179.edf,10085632,900bbdc58432754fad367a2726f614f0a11a40a699b145ef07173aa8e461d9c7
NMT,abnormal/train/0001185.edf,5734432,eb6a59ca9dac57a56cc9de7f5c0962222eac7130230e34ff102c9cc4266a24e6
NMT,abnormal/train/0001200.edf,7070032,aebb0601cc104b36901006f22ed0f4e75bc6fb35922b46f5ab3af112744bc8f6
NMT,abnormal/train/0001202.edf,5549632,78bebea31b679cf59d774f5ca364ebad0786b3b6ce3b20ad1555455a393129f0
NMT,abnormal/train/0001208.edf,7616032,542f5fbdd794fd2985e6e63111fe108d7925a1c955002a488b77b4eea1cc1ad5
NMT,abnormal/train/0001211.edf,5558032,560253842b9fbe4d55c154f2a8674a9edbcd986d97aa0499a31f2c9555bee60d
NMT,abnormal/train/0001221.edf,5146432,dee67797e2078e5ff2dfd378f1fafd25efda98417fab3c160a011731dd27e596
NMT,abnormal/train/0001238.edf,6414832,b2bb41ac5e51117fce55bda1faf60f17fc330c5e91cbcf8c4c179be39d151563
NMT,abnormal/train/0001239.edf,7431232,c2c73ec1929cb91c3f9b4d5e65af3f40fa0561419bb8672548a5812da141f59d
NMT,abnormal/train/0001241.edf,5070832,8b7282cdaff1cec2a62bbbb89580beb40ed3ff7032b87b67c28995aead65091c
NMT,abnormal/train/0001242.edf,5045632,8d8d8324ac08d6a6da3c1984631a3db85e81c457cbd1bc14c8392ed441874368
NMT,abnormal/train/0001249.edf,7599232,2f691d4810ba19a14d96c580e818973ce58dbd6fde0e727c40ed447514ade5eb
NMT,abnormal/train/0001258.edf,7397632,a50e61b6d7160e29baa0e48b790e8cb962ef2e0b2d03b4732fde60c1c7bf5dd7
NMT,abnormal/train/0001261.edf,4734832,b4fe2ccbd961a9bd33e59fadca08c25b98eb2a6a545587655ff8e69e736de464
NMT,abnormal/train/0001270.edf,5087632,e831c5ea3a00c369713edccf66e17b9a142a09d39047e527ef8b35033ec613d6
NMT,abnormal/train/0001271.edf,6599632,68ad493b990859b34b7fc24812dc154f344810678647a9c23719bb9cb2f035b2
NMT,abnormal/train/0001280.edf,6120832,2d691af28a4ff9d8e01730e153f5e49ba368d5052ccf8fa4c5914b293e3d8661
NMT,abnormal/train/0001289.edf,8607232,333899b9297a5f4ed4b9d8db470637f06d8459d9b79eb161690b9f07933fbac0
NMT,abnormal/train/0001290.edf,8716432,0e61726d15340cad644744ec0d60b272966df904d010587e2a8240d65fd5253c
NMT,abnormal/train/0001300.edf,6406432,f551c078f5c2845ca66dfd70014f63a526998ca26b453826d375f7c8984e0aa6
NMT,abnormal/train/0001304.edf,4054432,a816ad71005f7fa9d13b1eedc5ab20781a8debe36c809d23b517aa4395835727
NMT,abnormal/train/0001311.edf,7086832,9503891d54b89df7662a44466644dae930624cf9e9f950ee470177c59b6e0b76
NMT,abnormal/train/0001312.edf,8229232,b0c6bf2f07554ff045003588fb9164fc9c5f7c48507496402bf9dc6f095588e8
NMT,abnormal/train/0001332.edf,2693632,9dd16d15cd0d2018172ae9c9fada6cda05cf539fe558763bf81085464e14fc39
NMT,abnormal/train/0001334.edf,3676432,d96349f1f687d8d723f84c765dec55cb2108d7eef1c00d3a7a8098a37b9ad412
NMT,abnormal/train/0001348.edf,6465232,6f442f08bc01ef2962c67699fc3578ce0ce19f9486ec772fabfcaf3002b78487
NMT,abnormal/train/0001350.edf,9035632,a3892499e09cee20cdd569d1777736405e114defdf0ef5725dc56bcf474a2401
NMT,abnormal/train/0001352.edf,4634032,7fd5edb90021cf84e62c6305196680e0285d4be327e81699d3a9eb97d909dbc7
NMT,abnormal/train/0001362.edf,7943632,7388741dcb034938e41fbffab389d637230b3fce6ce601b7d0f6ef75e6d881cc
NMT,abnormal/train/0001364.edf,9153232,0684fbda369311e97da12c068bfc7c1a752e63e60beb041e125325dcf8d290ff
NMT,abnormal/train/0001370.edf,6423232,fb071b030845ca42d15cdc9a0ba5ac108274ac0a51344ae0e44edef356432caf
NMT,abnormal/train/0001385.edf,8573632,4e124d35717c5b5640ea6a10503878b461cbef1dce92848ea82999f9056f75af
NMT,abnormal/train/0001391.edf,9203632,2de648098da88371ec7def5d94591aabf8555900d5c31f340d68548026c74249
NMT,abnormal/train/0001399.edf,7179232,6a6ce3d5c40f3140a031b492e359e8204fadf9bd911d5fbc6fec917aab9e5a07
NMT,abnormal/train/0001402.edf,5104432,cf1c96baf02c71692991021121487c25abf29300b5447fc85c3e8fb500791132
NMT,abnormal/train/0001404.edf,6196432,dfd3a1d816c43199963a32a5ae96bee12b179a1fc4ed0e04d39bfcffecc86c94
NMT,abnormal/train/0001407.edf,6448432,1416beafaf3e8714c51efcb5dc0faf69ec71f031266e4819202f41616a900008
NMT,abnormal/train/0001420.edf,6683632,12f777d92e29fe758d108fc288a66562ad4d077be23e1332f7f3f7aa94158277
NMT,abnormal/train/0001422.edf,8640832,747cc83185f270ccdf5f331015aa9add802b3b7500c68da182b8b7443254e4b9
NMT,abnormal/train/0001425.edf,8884432,8cfbe10d7b422a109b6c23261c02b96a16a7e33cdcfabe6c39b8b9767adbc08a
NMT,abnormal/train/0001427.edf,8682832,60044b71e25e3458c3b4046d1d9ff8db8fe6d15665943a2b6bc5a36f2f45e3c4
NMT,abnormal/train/0001432.edf,4020832,d1ff9ea15967baeaf9998a0f57518c2a5f18ff5fbd115ad2decee955c16a149e
NMT,abnormal/train/0001450.edf,7313632,54e3c0161d6018d67a2d6215a88f8e1827da89fef72dc5a3be351239b3340e08
NMT,abnormal/train/0001451.edf,6255232,0de359d89a47118485c83c5fb6bb02d98729b513f60ab8524a1e402d832d53d7
NMT,abnormal/train/0001462.edf,8666032,31af7989d77eca880df3f33c3252a895266b5984f68437ad21868b1bd784b724
NMT,abnormal/train/0001464.edf,8498032,62156492f3087ba012d0e4c5991e94af95441e3a8a8c44064cc1da5365caec5c
NMT,abnormal/train/0001475.edf,5020432,106b3919d5c560d48a55c85ecd62722f201f49d9d26cb56649baff277a32d33e
NMT,abnormal/train/0001497.edf,7347232,021f6432a609838da3de3a02fcd0d74a3426c04315a26004947471ab7651c40c
NMT,abnormal/train/0001509.edf,8430832,6eb3a4a7095612eba947c7666480840c12c1bbf9f7246fcac2de44f7dea5dca9
NMT,abnormal/train/0001512.edf,6221632,6a5e2b382f210a8b685d36c5e19e3760d115a143c197ece7c3a5a940cc3a9343
NMT,abnormal/train/0001520.edf,5558032,d08e1623b2b347839d3d9e994c9f86a5f4fef2c2215c86fd5aec8816ef84a038
NMT,abnormal/train/0001535.edf,5885632,36ad221d9354f22d1c95d11e3fe9f5d7a471ee3f7fa79f3b0db70420ad617654
NMT,abnormal/train/0001541.edf,7406032,efb7586b49848a64917cd2f104996bec98ebd5d42fb71472e617270976bb1fda
NMT,abnormal/train/0001558.edf,9136432,cbbb1d5287f35ac695c69d4f0f24d1e097f6528fbb75cf1970bf4ebba441bddb
NMT,abnormal/train/0001565.edf,5146432,14b8a839060ebf1d1e9c1aa12899172d5a7e2267a91604594da9392f0e230f7e
NMT,abnormal/train/0001569.edf,5952832,9764ef1f459ae639f18d098c4688abdc600c5ff5381d12f4ebe1f1269e2ffe30
NMT,abnormal/train/0001570.edf,6910432,1426111e43ef2ed00b8ce6e4cd18ce4b77e51f61a3962522db4d66a535eb1a89
NMT,abnormal/train/0001572.edf,6750832,0e66e223551c47b25d0fe7dfc6ec5c0dce46ace1970fa8393329ce6770f1d2cd
NMT,abnormal/train/0001598.edf,5070832,51e5a3b3c262a9630c657bc7f40817ff351e91f4a777939385b80b0a378160cf
NMT,abnormal/train/0001600.edf,5381632,8bb5f32f45b986d40ceda630ee9d176c99256598dd676a9255c7267bb2be8622
NMT,abnormal/train/0001605.edf,4558432,64db6b5b24d629b125dc1dab16bfb9b107873082a4a132ebc4fd92f231d6e81b
NMT,abnormal/train/0001607.edf,7834432,948dc62e09b2d43c97c271ac356db5804fdfbe1dd794b4a8bf80a7cf2967c12c
NMT,abnormal/train/0001608.edf,4180432,c73df38d7be3b32a8dd1f881404b6bdf3252b7e1758cdabe5b0817bb759145ce
NMT,abnormal/train/0001615.edf,6851632,0045659bc42794d63b8465d64b262040581edef46c2ab33ab623976e2b6b17af
NMT,abnormal/train/0001621.edf,7305232,07f9e66fd666829354878aa88f0d8ae22db7de20b23dd1c84f033e1ca1f421ef
NMT,abnormal/train/0001622.edf,4734832,bca40f28b2dba2957e0093458e69b580f65bb64c2973ae87e34485568f4bb5a5
NMT,abnormal/train/0001640.edf,16738432,5e33a17e76d15d9e414c469637030f6697d21b4e592c2c9b5bd5a9e925881548
NMT,abnormal/train/0001641.edf,7305232,25629fd7e40181e2f91c1abf7c524371b1c1c04a6cbb3c4c23f13904c6a38364
NMT,abnormal/train/0001650.edf,5734432,50269fef4e490c67ba3063439b60a9f118338bd9b471169c0b9acdabd0e2d74b
NMT,abnormal/train/0001652.edf,7070032,33dbc87d3d67e3b9dab845469344a9281c87fdd7892f8d93d5a75248081ff0e4
NMT,abnormal/train/0001657.edf,7187632,d476d676af4b955e5723d2800349b5f9e9aeab3110324304edfa3b604403c2ca
NMT,abnormal/train/0001658.edf,7481632,1e244613e2ee24eddae489ad0c09e584fc270af4f6edf262eb743205e276d464
NMT,abnormal/train/0001662.edf,6020032,da11c907f8d9c2990922f3f1950abcf9e4cbcbb7ea618181938864beae522b19
NMT,abnormal/train/0001669.edf,7061632,95075a78905b2c094bdfee300e719262ce38429243a4882e7acbb2f07f4bd5a1
NMT,abnormal/train/0001674.edf,6087232,d34afda6bea5357b1aef272d2d0d5ca53f150670342dddd792b5569a832ab696
NMT,abnormal/train/0001686.edf,5826832,764f96c2054bf058f285aed59fb58f0bd948900ab6c6df5a8a068e72d8571a9e
NMT,abnormal/train/0001690.edf,5062432,427c32e044a863a675e4194ede3993804639c205e095c701ea6d88c7bcadf554
NMT,abnormal/train/0001691.edf,4625632,d6455109f20d470b2b3d468fb631ab96723dd7058d9655b34c6211d434379b71
NMT,abnormal/train/0001697.edf,4617232,1d2a461ad4c5941b031cfd1f94fea286e699f93d5f649551eae05cf2b17cf205
NMT,abnormal/train/0001708.edf,6960832,5e61d748b6e16805f670d9a965ced13835ff587a86f2150e1df65d80ad2f7424
NMT,abnormal/train/0001711.edf,7599232,4733ebbd7621bc35b7e58d048888f55d4a88b93dc7b0731669a26d9370d2b971
NMT,abnormal/train/0001712.edf,5062432,ba54c421de0cca5f0f562f0e4cc57dfaf50ae51bd0eff830b8689445b3567d6d
NMT,abnormal/train/0001726.edf,4113232,35f4390033e70fb7f88c605492126c7115782784319eac12b2dccdf3482b2145
NMT,abnormal/train/0001734.edf,7859632,4d482212446867aa82fed731d6b4ebca9027a6c8c17c8f56b8ea32506e4b6435
NMT,abnormal/train/0001746.edf,5574832,de124b7d35a6a28dfe8a9bc0f21622292bb77a064b77dfea49947364f376e3bc
NMT,abnormal/train/0001773.edf,6112432,e1adef2ca6041898551b877d8883afb1dd33c3b96787b4e6c8775418b6b97e62
NMT,abnormal/train/0001798.edf,6146032,e80f79278c6c2b7a117cc8d51203763aefaa8929e49057afb66ae32f104e47f4
NMT,abnormal/train/0001818.edf,6171232,cae4aa3d8d68b174ba6977f2ddec88cbbb87e0f6f6b16152e79d68247e2257ac
NMT,abnormal/train/0001827.edf,5608432,704c55058f8862742ef44d3c19e5be7c6b965bd901d8fbf2b14e9bfc7ecdead2
NMT,abnormal/train/0001831.edf,4138432,e0a50145175e73222020646addd963e722c1e220109473bdfa1605f52e81a8a8
NMT,abnormal/train/0001834.edf,6599632,b80dba9bf9ff16ac168c396bb995cdfb45829d1f136c015c0fcf1e670ae3a81c
NMT,abnormal/train/0001842.edf,4835632,654810802c2b7dcf1af5be662026f7624aaa1490df93b3ecd08198e07f9744d7
NMT,abnormal/train/0001851.edf,6062032,43f81af5d88255aea0f84c1ae0d06328631e2573af7c1ca6662803652c7b1bea
NMT,abnormal/train/0001862.edf,4835632,008227bc7716e5276938bcde5cd5d99888e823a0f4cc4a8e7cf1412f54c84580
NMT,abnormal/train/0001882.edf,5045632,35ee6493cdd8b332b356a85d8292a9a5cc0d36382a92d16955d8f966298685c6
NMT,abnormal/train/0001902.edf,5658832,8f9b73a6383f4f9d721e2dd1a3569d4035fcf3500d082fab994995fb7192d075
NMT,abnormal/train/0001904.edf,6876832,92be7f967405b977b36f0afbcdb4bf8171723ab8ed4cadcb46d8b540c7e584bd
NMT,abnormal/train/0001916.edf,5784832,7288462d31a63891f84600e665a2baf904712142e07486213a5a57476d5b6491
NMT,abnormal/train/0001941.edf,5112832,d347f05bbdc1bea51efc83a40d345d386d64000927f8cbcd641265cabd955ec4
NMT,abnormal/train/0001959.edf,7137232,0e8381341654e34eba89505736c0b995beb79ce156e97fd97f542fb025644530
NMT,abnormal/train/0001969.edf,5045632,22d78a7bed1aa840b8821e1df163bef2863fa7258a1037fa42d5662cb9338cd1
NMT,abnormal/train/0001998.edf,5902432,b2ebfa06683551654f6a9d89fa272b8a2419ce4fa46f6d8b96f2b0d5628c12f3
NMT,abnormal/train/0002007.edf,7582432,7681588b5db9808c1c80ac49054eff2b6ffbf10cf086a26ef786b09d04a2302b
NMT,abnormal/train/0002008.edf,9077632,6eec1f907016ca305b1e202c52515fe1a685092fc3e6f4a8d39a88f4a087dba6
NMT,abnormal/train/0002010.edf,4541632,3277cd658a5ecd563c5dbf548dc26bfefd42ab40d67bdd0484873c9fe46174aa
NMT,abnormal/train/0002012.edf,5171632,b1407939a68cd70c16451f8a939b749e130a043c415cc1cce91be3a104fc5daa
NMT,abnormal/train/0002015.edf,8027632,b5b8edc1ecf42b7a017143f728e37578ca0257306afbb0138db54385d875d03c
NMT,abnormal/train/0002017.edf,9195232,0f63b7fb0b786aef6a50c883b80784efa6d86f931c15ad78abee16482cad51e8
NMT,abnormal/train/0002021.edf,6658432,4bec533ec4e74477176fb9d37b7fe46921bdb01007fc5bdb42d85445f1d79c2c
NMT,abnormal/train/0002031.edf,7901632,e8a27ceb839b8d36c60401960fcb8d39d87898cbdc21e6970ff0667e8f523c6a
NMT,abnormal/train/0002045.edf,5037232,0ab8bdb9374cebbd0b300147ec5ec93aa8510a3d91c76aa1ec497b0f45d64cb5
NMT,abnormal/train/0002046.edf,7170832,e367bf9ec5be7e7c2e74d3fa4d6f230d5c7736b08b688173048bdec5f7c711e3
NMT,abnormal/train/0002052.edf,7154032,911d9b376ad713a609a1799c3c6c85f6f5092077cf97c9ec9a2fec21555aa376
NMT,abnormal/train/0002054.edf,7179232,bf79560dede09587b449b2b8203723f94f6f5091369fd951bfdbcb33a48f8039
NMT,abnormal/train/0002057.edf,11354032,353211cb2e7d070d69e20f196a4df0b4fd8eb2eaaa6e240fd25558b9be469e83
NMT,abnormal/train/0002061.edf,1618432,d99176313b90a9503e9679022782a5a117427a22862e9493bfe69823c1bca016
NMT,abnormal/train/0002062.edf,1517632,b24498482a188f633ca800367885e94d17e21d806d3be2856fe8bb6985aff79d
NMT,abnormal/train/0002076.edf,7070032,92de5c0bbc7a6606917d9096c4e00734726777f0c06bed8a618b9cb718683db3
NMT,abnormal/train/0002077.edf,7464832,b05c5829987d8b61e1f9936993dcb8c30c45fbf3543e129ebf0dbf53f98e24d0
NMT,abnormal/train/0002078.edf,7070032,a7fb6386524965033a35de5312c3a8e0657fe2dee9149e5e6cffdf4bf64c8335
NMT,abnormal/train/0002079.edf,7666432,e50695da3a819387c0ea0614f82e58f6ec798b310fe4b25d0d5a4a7acdf55b7b
NMT,abnormal/train/0002082.edf,7582432,0d1df71b277988aec9388dc9d301b3c8fc11e8f7a0b7633dfaaa944e3964cf95
NMT,abnormal/train/0002086.edf,7784032,9ee5d6c5042dfce69c3df8d6f44be0b99c1aa425b974050bb1c5f39fb2faad0f
NMT,abnormal/train/0002087.edf,7574032,a4e7d46c98022f4189f19a7222ef0a2ef284c62e838af0e8987eff79355bd2a9
NMT,abnormal/train/0002094.edf,8590432,96f168f59d28db53068718a19d1af1864654b987a9bb943c6377d57185707182
NMT,abnormal/train/0002095.edf,7061632,2c0f72daf4de8bf4cb1990b32546624889a95e511bd1222a145d0326814e8485
NMT,abnormal/train/0002098.edf,7649632,fd73604d2380c40896050adfd5fd3a6346f4cb80a794363ce44cd6a6255eb02a
NMT,abnormal/train/0002100.edf,8304832,9eebf88785cf48934549e8a5d9f3ea0c138a80b8e1c99659d128a6bd977d2423
NMT,abnormal/train/0002107.edf,8103232,17abf542dcef1ef6ee9471e84c649fd5e203c6017edb360e2b82c7d25c641e20
NMT,abnormal/train/0002123.edf,7448032,f2c8d634970f26f414d70b95fbbebedbbed53a4d5bfaba8f97d127f36d2f586f
NMT,abnormal/train/0002126.edf,8632432,d1f03d71c513ec478bbfdafa1d4c0eacc4a66b26b42abbdf7d081f7d349b8782
NMT,abnormal/train/0002134.edf,6692032,93723dea2ceab8b0703924f7ee38060fdf346c15d62dc9131abc50c94e59625b
NMT,abnormal/train/0002136.edf,7095232,79481f78b12928f08bf45d5f58e3a804bdbb5a0ebb6ddbb2c9ab7fe81ab9a491
NMT,abnormal/train/0002137.edf,4743232,8eded0807ee4e238a9347eb5b5db793c40c0548112c398c4de20d228b85fae94
NMT,abnormal/train/0002144.edf,2920432,d621cb384fbe653f9fcac95f3f4b68089180b127be5676dd71f458d9ee3256c4
NMT,abnormal/train/0002149.edf,6566032,7ee67f561d43aa1afa6970dd8a331806c42e6a6f9261f867ba53607e645139ce
NMT,abnormal/train/0002161.edf,6053632,6909d3bdca5ee4dc580a19c41d0b16aea0b05a1e3da08d93ea62b25e413826f1
NMT,abnormal/train/0002170.edf,8120032,521dddbeb0945a427fc026b43f524a8c7dc9970979d0a97ec23c0069a13fbcd7
NMT,abnormal/train/0002176.edf,8750032,4a99cf06466f80c749cb68bb144076c08b0f937ef5bc6c61988847936c8bd501
NMT,abnormal/train/0002177.edf,7397632,08f0ed7cd7b4be4129e68a14a91386b024849ff668ed86e94500e7217524e9ad
NMT,abnormal/train/0002188.edf,7834432,378a74fb91a3df5689ee159cd679e026ec91fdb491b9e32da19eb1a21aef28ea
NMT,abnormal/train/0002200.edf,6582832,a31673271db9187cf2fae5e4fb7ea648b577c747a0672f88408f3a588f315a2b
NMT,abnormal/train/0002201.edf,7616032,b1fcd369bcb2f0da16241fd00a617694f95d526bc60eaf64649b3253c6674105
NMT,abnormal/train/0002202.edf,8514832,3b0b4fe693a83015cc137d4d3cba00b9d798009cae5a33b9bbd7575373fc5f5f
NMT,abnormal/train/0002204.edf,5860432,86de50de8a75b60762594d769e914ebe02ef0d5cabddcb273fee32e09d1ce724
NMT,abnormal/train/0002207.edf,9480832,54070a58b6ff0f9b78a1e904eb2180b8277cebd39308080b126118a61baf4f9a
NMT,abnormal/train/0002218.edf,5121232,08f8d0e2762198abc4577cca5080521e8d8689b55d1e818f942ea3418c2424c1
NMT,abnormal/train/0002224.edf,9480832,fbd67966ea4515d8640dfc20239e2db9e4d92394841b6a013c83b848959a6bd1
NMT,abnormal/train/0002225.edf,8573632,fec34ef66e082a4862a82d16f137475d712ebf01c70136d0af69475808bf440c
NMT,abnormal/train/0002234.edf,7565632,07b621b4935de6df6c6a8302fbbfd4227ce577b2c034c183c206ad05dd029a75
NMT,abnormal/train/0002236.edf,8220832,c11588ee1dceccc1ad975a85d413cd67bd52555cc6c7b8550a8fca2f5ea3769c
NMT,abnormal/train/0002256.edf,6700432,16f7a8ed1c80972fae237fc399d0bbcf1c5cfa9abfabddd5a18f2fed4acac7bc
NMT,abnormal/train/0002257.edf,7364032,889f6d96ce25e6c1218ac1a46a0d3fcb86b19ff0a2fae8713d5362732497de52
NMT,abnormal/train/0002261.edf,7607632,9a6b0c3d8e20838727fa48bcb1a032f2c957e0633457c4498fea8ffebcf7e32d
NMT,abnormal/train/0002262.edf,7590832,954b0cf92eb608b6d1aea66e27aeb206a356c3f9a39abb2471c21c48b0311e8b
NMT,abnormal/train/0002264.edf,11110432,f2862c2dfa1552040b014bc4e39c98ecded9b8760bdb0745b613d5d571760dff
NMT,abnormal/train/0002268.edf,9464032,e6f583bdc8cb2166f7ebfb0bded6ba18a67cb44473d6f0b75615e1e80c5aef27
NMT,abnormal/train/0002269.edf,7775632,36b936ab94e7f305d6a7436f938eb020821d7a009dac2de1a5c04e261befba55
NMT,abnormal/train/0002287.edf,7733632,ed4ff21639a2435c98dcb3bcc3b4c3a585f91a2b136847a75e4802032ca925f6
NMT,abnormal/train/0002293.edf,6557632,ec0dba215633c3bdce8242d7696d3697ed0d7150cee1249d80b0b6663f3d987f
NMT,abnormal/train/0002310.edf,7574032,4776ac36c9d8edeeb4e3681ad1879838c4999c967d8dce76da0fa089e00c8b81
NMT,abnormal/train/0002312.edf,8775232,db4c4d87a01bea41e657ecb328cf1a9f9f5a4afd4046b6106f26137d7ce4bcb5
NMT,abnormal/train/0002314.edf,7238032,05a9c158e3855413618a54931217fbe0507c8fe632d9d3b44490a49f65fef72a
NMT,abnormal/train/0002325.edf,6137632,b3c563fd1b0f7cd41857ec10e5edb4702954cdf989d24a3867de642139dac142
NMT,abnormal/train/0002327.edf,7884832,a073fc48032374f027915b9ca117c1fa205d9aa2965bccf5690118fe56ae7519
NMT,abnormal/train/0002329.edf,6171232,42a114bc66251e7c8f8ce295fa3c3058d113fdc43a6c448a9e2fd3a576804287
NMT,abnormal/train/0002335.edf,10917232,1f7852f1a181951260bddead5bb2ffd44704e3ca3aea54802898e099e05d7442
NMT,abnormal/train/0002350.edf,8170432,539a885b2da50d717f8200d134ec805a54104c1d8b67f4a81e54c6f2e03d3050
NMT,abnormal/train/0002351.edf,6742432,94cfedd4970e0ca3d1a1ae9baf7dfb287e09c4730814df5b8aaf8147cddac5a5
NMT,abnormal/train/0002358.edf,10488832,21502e8d3e27f2db4b99ab2597e9feeca730677fb7f1204e4238fec066fa4777
NMT,abnormal/train/0002369.edf,6053632,9bf6b232e992566d988c34048ddb08a4da11871589d824b12d6e0da4d3d696b9
NMT,abnormal/train/0002370.edf,8321632,82b64dd2689631d37daca31a1b7188128a56e10b6f65bae00aa69b7aa6ba0107
NMT,abnormal/train/0002382.edf,5322832,70560674d606fe2ac5b1ec1b65783463c781a159c1a6d318a1c67a0d6b12b55b
NMT,abnormal/train/0002387.edf,10631632,4dca765a8d9b8d3d6e79ba541ca1d6ccd25f9051d4e73afce648c9f1105849a4
NMT,abnormal/train/0002389.edf,6969232,924229910ccd7b3987e517840bb019d1fbba164fbd4832445fb10072d4470f88
NMT,abnormal/train/0002394.edf,8010832,a5556580f60d5179a80acd3c5ea5ff0f215b25b4d3267adfb8536ef3448af104
NMT,abnormal/train/0002414.edf,11690032,7237dced2526152565ea937e7138e6ded6d402d7da04ed7ae6a747d3c5414d0d
NMT,abnormal/train/0002416.edf,7565632,6b9527063e01465a4d18868b19fd568ebba01c2d2b9ed02fc35e85a0c2c46647
NMT,abnormal/train/0002417.edf,9262432,99acd9dd00b88fa45e9fe86cc3840662bbd5b0be6a8b053d025b07be2ce63991
NMT,normal/eval/0000024.edf,5650432,d0aabf3ffd7848c8010282600174297053ab08a5167bb3c3d0dd0df5e2dd61bd
NMT,normal/eval/0000044.edf,5499232,fac5df6ad2da725af3fcc175cecd51b0cbb36fb963fd129a30024f55dc1112b9
NMT,normal/eval/0000074.edf,7557232,47628d1ae056c05293d57df44bb397da24fac3d92c504a4756961b2b57d87393
NMT,normal/eval/0000077.edf,7658032,ad5b702ba9576e5798c6847465c32e611690e9fe79e6799890873620e6f652a0
NMT,normal/eval/0000117.edf,5440432,972c186a2ae2906254298e2d6b4592feda93cba51ff537b195da90546337c5a0
NMT,normal/eval/0000124.edf,4944832,c35eb45c728da749415cf3719a185ad883a1cf85cc22cf3da1f1eebe88cd07b9
NMT,normal/eval/0000156.edf,6557632,1947b985e4c4b06349dfcaac093a3365ccc2f7afdfc4688a4b2eb135d6770a30
NMT,normal/eval/0000194.edf,6473632,d3db58253d7f6d4b6373162d07d601a1a562cc9afa96561b4441948c77d15a18
NMT,normal/eval/0000204.edf,5936032,864a802965015cdfe5e3b42812af55319e86a7994c88136384ecefbc3f52911e
NMT,normal/eval/0000207.edf,5423632,7d5ed77d11c7ed53f995d7a8b5887d80229788938a86a582f8878c3fa3fad915
NMT,normal/eval/0000214.edf,6557632,c9fcb6870d63f52b1f658bebbb205050a89dab0345f7329a425a69524ee8d201
NMT,normal/eval/0000254.edf,4986832,86e8c0c3bc4071e6eef259878bef4948f93d6321995b1558babc78b37eea78f7
NMT,normal/eval/0000274.edf,9833632,f43c764df9c57e5beaaf86711a6948020b8684ab58f9267577f17855c059f980
NMT,normal/eval/0000276.edf,8019232,cf366e3333e56a87860d8ad08329164bdd7dfe33915afd0f14989c7421b551cc
NMT,normal/eval/0000336.edf,5054032,36ce195cc5319b2007f622267f855602cacd7c7b5f35c54af4d51dfc769e517c
NMT,normal/eval/0000396.edf,5608432,e94b7e2df98710170ebc5b9a1acd77c636ae43c9dd46ff17544a47fc17154f6a
NMT,normal/eval/0000436.edf,5264032,4c7e0b9824ff65cf48d5475fd0a3877468a3e8a5d2c760a0c6ed3be4e3c5c7ad
NMT,normal/eval/0000454.edf,4894432,2531fc279886212a83c32bae8586d5b71f46a158b3d43314fb4cd34fcb7cc598
NMT,normal/eval/0000504.edf,6339232,8f54fba9cf3dfc64178d1e152f0c741513e0fed08933a32935e80406a019f222
NMT,normal/eval/0000526.edf,2727232,fcf77de2d541ed4489dd94bda6be2cd6d54a076c3019a62a3336e580a14d3fe0
NMT,normal/eval/0000537.edf,140032,9d374523939410930c0037c7af84e0d6d38a562b15bd17ca9175b2356943ab50
NMT,normal/eval/0000544.edf,6347632,5d53223b3f8149d00ef6e780d9d697dc678cf7b35bc589f600342c36c9455e48
NMT,normal/eval/0000566.edf,5793232,48dcbab6c33bb57409f058b7eb5061233ed01e23be2e1ec6e5888279a1daf7ef
NMT,normal/eval/0000584.edf,6381232,4958784793220608528620fe3a0fadf1ebf59f46b6006c4c2f9b2d7eff391a42
NMT,normal/eval/0000596.edf,4818832,5915c83edf7909e3ee949a7efbaefa8fb8e42ff902a64fe140b734e3ec0db8b5
NMT,normal/eval/0000614.edf,4944832,de7e6631acb007680cb2445eb8dbc5c24d13bbd6254752437a5ed8f748b7c7ae
NMT,normal/eval/0000616.edf,3105232,36e22340485ecf29f67ea53f6b12a00f2b5f1d40fa7f166314a0097dd3311e24
NMT,normal/eval/0000617.edf,2307232,dcfe4c9e305583e71c156e4cd800f4aca4c85c6a7a996cbfe0a575e3d28d55e6
NMT,normal/eval/0000624.edf,5549632,4e6f0034cc585c1d300261c536e1316c9ff3cff619d8f65b3b08c65e652c6ecf
NMT,normal/eval/0000666.edf,5616832,38d95b93f039368132aff0e6d9eae1d54c02a5c4cbc87ff9e591a83fd549de3c
NMT,normal/eval/0000676.edf,6213232,050d0f1aa5535f70db88eec91dc6448574e97adcd0e61a707bbc80eec51544f6
NMT,normal/eval/0000714.edf,5339632,23cc28a4fb679d94fc8b83752388be23e1e66ee04e0de75bbefdeebbcc1b6122
NMT,normal/eval/0000744.edf,5600032,31c10b640e71d6cc646d2d395ea3c53e714bcc6157b24ab5932477f130b06256
NMT,normal/eval/0000784.edf,5474032,8e219bc5daae0b05d02e0bb3125f79c3459b9c2f5a4a4885ef29581255a618eb
NMT,normal/eval/0000824.edf,7716832,c5ce435c9afee3c6a09647312d4a33e132e7ed5de0f3009dffa97e4e0cf41cb1
NMT,normal/eval/0000844.edf,5978032,2459d784b12d1f98de1dc18ff1612c3a78b3e6082b86d4fe116ccaceca323845
NMT,normal/eval/0000894.edf,5138032,b9670c60bdc3b4ee8e2db2d6f007e6b6e719241d5260325ba21bd50449681f45
NMT,normal/eval/0000914.edf,5247232,af4ed034913d097793356f72e7ff81a09e217ea2f24ced9c79b83a78a70987c0
NMT,normal/eval/0000934.edf,5852032,2ca53aeb34e6766c5c3ca87cafa6b45329bf0a26b5a06383d8d2982c16a798a3
NMT,normal/eval/0000947.edf,4600432,74479a0df412fc55fe8703c80770ab36c2bd8d71b1ab992ff07fd3c3c2ac047a
NMT,normal/eval/0000986.edf,5154832,611d2c485128b186d75476766bcd4144d2f2e20f21fc80ae865c7f2d70aaba2e
NMT,normal/eval/0001056.edf,4600432,468fc4933afbbf31e2389e050faf34a73c26bc16fb7eeba9da7af162b52085ad
NMT,normal/eval/0001057.edf,4634032,b6c1935790c2a5023c8c8970ee1c9095357b7280cf68b252a81944cc46007792
NMT,normal/eval/0001096.edf,5364832,cbe1cae4d79933152df7d8edcecbb8a74b494b9c51b73481dbae0d9229ca21a0
NMT,normal/eval/0001114.edf,5045632,2b4fa77fc12f8b58bdc262a27b70fd4ca8147c60d0635b01a8af95cb1ca0b93a
NMT,normal/eval/0001146.edf,694432,73ea98ab501502cc4eecab3463b894b8be1a149f24cd031954429eb5dd4fec5f
NMT,normal/eval/0001164.edf,2525632,f58bd970fa193b78d06eac5f5552f5cac58c58b7e92169f977abef87ec26244a
NMT,normal/eval/0001196.edf,7565632,34d1f33e5ea053ed127747b52355ae41af65416e5fdcc237d020d69a80bc1394
NMT,normal/eval/0001204.edf,6188032,3996b5657b2298a419433632a77e1ef60b22a5748bedf56d5ce412740980bd86
NMT,normal/eval/0001234.edf,6759232,5108561ea36ea97be3a1c0424c3be8bfdcfb39c7a0bf43f94c3721169803544a
NMT,normal/eval/0001264.edf,7716832,edaf22a73c3968bc5c18edc329838a9a4d5f66ff4ea43e4e92a76c19b4b0e921
NMT,normal/eval/0001267.edf,5045632,7bf2480bd237c75a1cbf204a39440707432941177b69d52b8a6aeb6452143207
NMT,normal/eval/0001347.edf,2702032,f2dddfec78e3c6fe54c418a468d20431888c53e23a86e8fb4e8b904bd444c85b
NMT,normal/eval/0001356.edf,3416032,6274f686b3c5e58d5027a1216c76ae12cbd6a39bedb375d79aeb4de697cb24eb
NMT,normal/eval/0001376.edf,2466832,47a29f3340bec2d8a0db9b00d4836919e9c942e7395d4f3ae46208ddec14329c
NMT,normal/eval/0001416.edf,7868032,18d72e4d65df6434936c16be2596228da385ed24a2f1ea3f00c397aa1062079a
NMT,normal/eval/0001447.edf,6456832,f6f16d8c6a7c2671ce962362063979ce367b5f794800ede7176859fe86c34dbc
NMT,normal/eval/0001454.edf,5868832,020ec679c6c0b214f42c33a20dcf5f78c3ce9ef2e40095e8ffadd2769d19cbea
NMT,normal/eval/0001456.edf,5062432,ad0a3b669e821b89a23af35aa85beabcccaf146a5af0b16a73c19cb0b8e0fd31
NMT,normal/eval/0001496.edf,7271632,18b75ee083467c277431645b3c1ac693d5e5c2955d0db0740c34c9d433527927
NMT,normal/eval/0001534.edf,5549632,e3fd8c9982af4cf2fbf2d38fcf8bd8725e8b1cc9d020d7f6848af7e949715dc6
NMT,normal/eval/0001536.edf,5012032,52301435b76232d97fdff79622ec3cd7b955364a0be7b1f5004272f97d88a260
NMT,normal/eval/0001566.edf,6389632,fe8bc04609f8c43ba764f677e11884ab200addcf37ec9e8192e12d091b5e4b52
NMT,normal/eval/0001574.edf,7095232,9820c4da471426cb3399c80d071d71dfeb41928a5fc810420f172218f35de278
NMT,normal/eval/0001594.edf,6120832,30362ba95455174026d0340fc959db030dc8c4b3af01429f6bba8fe41bf43bb1
NMT,normal/eval/0001684.edf,1912432,1fdfe7c69a917d677c93f306fa6b461ec3a4605dcff7eea668dd76697188c78a
NMT,normal/eval/0001706.edf,13899232,7852608a912c3f823d02aabc08c511dc663afdae8098f2a43a8d2cf0f63882fa
NMT,normal/eval/0001724.edf,5138032,5a4942a9435795091e3070bc1c81d5fbed51c07675bba99c127426ff49ebb890
NMT,normal/eval/0001776.edf,4844032,c5233a8c0980a01db86d4b5b08c5ae345ea052c49c5ad93903048deddb22e5e7
NMT,normal/eval/0001794.edf,5675632,4fdf76773aaba47311b37bf8bc3fac567fc8c358467f1ae1686769832982fdcf
NMT,normal/eval/0001826.edf,5087632,825fcf9947d08394b6d42372322e0e6101ab748074057593b66f3cfbee84860c
NMT,normal/eval/0001854.edf,4541632,fdeb00a45137904d334957c3a2b6ce44b0c9da7ff64439ab56b4666e15eb0ce7
NMT,normal/eval/0001856.edf,10942432,cde6b0eac13efd1228a058fbf3603efbdf7d40bdd6cbb2d349f1783ca7850f7b
NMT,normal/eval/0001894.edf,4642432,84747d3a969424181a9dced9d39b29cd3d3a1ad702877d6f9debb698c736ae91
NMT,normal/eval/0001896.edf,9338032,2f10ee131e3da6c766658088dd62501a27d296661b814a8e532055bfd469c383
NMT,normal/eval/0001966.edf,5852032,3bcbab49fcbba57ca83fb356247290aa03db73deeb6649eb71f59aec5dc3edea
NMT,normal/eval/0001967.edf,5045632,af3b9732bff98e1b94f1d77bcacd6af205eae204e27cfe46cfa0c60295138834
NMT,normal/eval/0002016.edf,7574032,ec71a5c7e940d97c40b732974f35f64e7ee7d1db4a414896e2c38339da435343
NMT,normal/eval/0002047.edf,8733232,2f2031162ce0848b7bb9a83f03d703275aff7808eddb7bc4c25a62c2f9a8ff89
NMT,normal/eval/0002064.edf,6179632,9e7dd93ae774850e973d2afd326f2dd4df86a1958456fbbf396d0b2869d985c4
NMT,normal/eval/0002106.edf,8078032,48eb4cb743d7f527bf46b46db022eaa612e19a516ae2a17b498efeb756855a0f
NMT,normal/eval/0002114.edf,7599232,3f33e16e018b8cd18f98dbb0132d6a0f9d7e50b2985e8a2333cc31aeab227c89
NMT,normal/eval/0002164.edf,5070832,32a66655c55ed7520513fcdc1bc144f0377004aa5b9cf8d74501f07be4363834
NMT,normal/eval/0002166.edf,3760432,b723c83dd3ff996966ca54e412b286af07dd3c50bb428c2c70d483198509561f
NMT,normal/eval/0002196.edf,9086032,821ef448a1b93a9c216e9c4c3671a8a7abb7805440061df316d983dc739f95a4
NMT,normal/eval/0002244.edf,7078432,f73d3bcff35f7960c6c43bec0f97de1a3a08c32871a0fb9e45b2a1a043bd2e0b
NMT,normal/eval/0002276.edf,10371232,5268cfdbef6fdfaa58eb60131d39cbb2c120b6222ead4459e2e381077435ea5b
NMT,normal/eval/0002304.edf,8145232,59f3781fc5a8e0f818021b3d608d438dbd387027c449cf08162937b660cd4118
NMT,normal/eval/0002316.edf,7120432,da2ef26d8262ef86a95a04c64baa3b58d1811455eab6ff21d3c02c0130cb2a48
NMT,normal/eval/0002344.edf,4625632,180fc3f4abe5371b38ed678d8a5a296249ea602b14c92fa4f2098bf8fab456fc
NMT,normal/eval/0002366.edf,8069632,a29245447be3535c3120ce8c6cc1bc0b48752f7a05ec3373d6e880dc5ec747d5
NMT,normal/eval/0002375.edf,8027632,5553f15ae8701e59ecb509448d5c4e4282fb499f3dcc9c02157cc943aeba6f6c
NMT,normal/eval/0002384.edf,9086032,b8508e8ed3484b7284b51ad2f9f69d7b40dfe912aad04ddde28bb2abf3ff0d1d
NMT,normal/eval/0002406.edf,6582832,5816762e9d7f6aa0046dd2b5e58af6a2cc5c15b9536b5980b5a68d694271989b
NMT,normal/eval/0002407.edf,6818032,94ea7240cbdd3210b410145bdbdc6d304ef6af3ab0d830b586e4faf591a3a808
NMT,normal/train/0000001.edf,1685632,11859031a45b96c9967ba72421b4489af5313c76b3efbddbd59664ec888f4165
NMT,normal/train/0000003.edf,8145232,902d5a6c3e20a6ca54ea254d483c9cb77431e79433d513050f8c89823e3339f4
NMT,normal/train/0000005.edf,5356432,a7a591f216bc99820edaf818535eb9af26bbe5375919180ed68f25ab258f0c1c
NMT,normal/train/0000006.edf,5608432,3d5fc8d6f6a3ffe5f15ec8ad8d29e48ee4943231a63d87c5115fc48b459cbca2
NMT,normal/train/0000007.edf,6960832,3984cb8e9a27d85a55cc035d216b06776d3da50c90ae5128e5d2a0ec9905a7ce
NMT,normal/train/0000010.edf,5919232,da0ece8bcf8c6c258e2c4232e10681a605123d17fe4e16c989a01b7ed84ed6ab
NMT,normal/train/0000011.edf,6498832,53481a2fa51b0ef5311b1fafeb5fe7221c41a7b76ddf3af6a61eeac2326960a3
NMT,normal/train/0000013.edf,4130032,8f7033f045e256e1a2caea9896442bea69f8fd681a776b4ce39fc6eed8236aa3
NMT,normal/train/0000014.edf,2702032,4741cd36a65333415a8c72a8dca711e3d6404b1a1bb2a63802086fe48db3ef4f
NMT,normal/train/0000015.edf,5196832,b1acdd6db58519d65fd277a0511c8e29b25b3ed2ec4db8f510040a4f138f4106
NMT,normal/train/0000016.edf,8103232,b79d0cb994ca0c0b115d47f626eeae48d40ff795047ead2272b16692dafb7d3e
NMT,normal/train/0000018.edf,6414832,aae762d6b4160a95f24b6d0ccdd3caf42d87113225de644b486313bf8b8bb5ef
NMT,normal/train/0000019.edf,5045632,b06094d2db464f098ad994d20963ec236145cdd23cacec8414e806a16360af82
NMT,normal/train/0000020.edf,5373232,e0dee358c45d6e16e301b1ca190098ea82c43045d1179863d1883acfc4e14bf9
NMT,normal/train/0000021.edf,5650432,bb9c9a9e6f7a144773ba8ee18e7bcc93547ded1a509d3aa955284fd21dfe5bae
NMT,normal/train/0000022.edf,6146032,b4b832d8e749b8e0f7809fea4858139609591d831aca117851d2dfe95ac618a0
NMT,normal/train/0000023.edf,6003232,d66b59902f8bd61ffcbbee7c0b4f1355305d9f74d37cb90bc6d1e9ab7431915b
NMT,normal/train/0000026.edf,5684032,2508cd3d201e9daf544bf669bd0b792050cad6fbbca0455f403cd54a7f9178a1
NMT,normal/train/0000027.edf,5919232,3f011e07afb447d8658adfbd25eb84454f0cae44754bcc4bef97e0284d59565e
NMT,normal/train/0000028.edf,6053632,4423317d3eeac30f79f2a15bf83facc6f22d0d137a8ea274836a7281d281c992
NMT,normal/train/0000029.edf,6297232,f3f70299f8ec9254fd85bb1424978d424189c61b38a21feb6f7ca6b7d9bc47f6
NMT,normal/train/0000030.edf,6062032,61a8c45d016f7659197cc4675a12a5e706f1837ae300bc50391630aa6ff97ad3
NMT,normal/train/0000031.edf,5742832,89b1cdc8b1b343e088cb422ff828ddfb1f3721c2d97c4a74337f146c33f48b01
NMT,normal/train/0000032.edf,4692832,d308c72a25a8bd27126fe9a71cf9daf932bdc0fdeb613931999ef36cda86d074
NMT,normal/train/0000033.edf,5894032,793bdc4c26ecd0841a19351023b2f07dcbafd961bbcbdd6be78c17c85886952a
NMT,normal/train/0000034.edf,5541232,fcca4af4df1762551d3aaa4a92c55d63bdbce9298afb79cd73b62db6b1805b27
NMT,normal/train/0000035.edf,6683632,27b815d30bee4240c01da83bf356f23231e415072caa8d97b0cab12d0feafa5c
NMT,normal/train/0000037.edf,5952832,e2ea3d7cd2542a70adbbb8144b2e7c895af2ae41b57d706cf65020c5443a9213
NMT,normal/train/0000038.edf,7338832,71adcbc4c5df2345677e85b778505a7d4f30d874d40bd557199608a1e66899cb
NMT,normal/train/0000039.edf,3584032,a06fa9b4e81dbfee924f5e254e997142c0f20261a22aec80e673c419ec76f19d
NMT,normal/train/0000042.edf,6414832,c380caa8994fa4639c045ba0fd63bdb8eafd27f7ca3f7db8279725b90c9145f2
NMT,normal/train/0000043.edf,5885632,37df667479ba6afc88cf96902f3e44c632bf9115a408d109f2356c3b0eef08e2
NMT,normal/train/0000048.edf,6095632,5c4a353ca35e8a6a0f8f7530eafea0482a052d10e274df817689a119e246dc89
NMT,normal/train/0000049.edf,5625232,f7af2189e315cc1c35d1c93bb87d8b8ae4b0c39321f69967906d776538a5e9c9
NMT,normal/train/0000050.edf,6020032,360b82372ba16b256fc15f75c5ef41317b51f74f0f534ced216fd041f0e80556
NMT,normal/train/0000051.edf,5154832,1e2bf72c9200397576d2af10b33cf0e468ceecd3dc7fc5826717a636fa7412e2
NMT,normal/train/0000053.edf,660832,cd254b4ded9836371f9e0c34dec4901d33ad02b0dbb9d89903064269e95ebfd9
NMT,normal/train/0000054.edf,5079232,0451f70ede2600af1b80b0b594ea6a52c312ace0bb4217b283694f183405361e
NMT,normal/train/0000055.edf,6423232,1bf65a48c1ee1700bf85b9539b6e9bdaa22199462ee21604345d521af6b487d3
NMT,normal/train/0000056.edf,5952832,ddd4a4283a01ad5ec7a4bff4bc84fbbb5257cba938316f71db7cf1d731911b68
NMT,normal/train/0000057.edf,4230832,b5c5f6d6bbebe2b13e044da23b18f789b7b32727b548cb3d5aec0058149c99b2
NMT,normal/train/0000058.edf,2886832,2b07c3b61c9e6620b2a1045485edd04683975262dc5d6f26e23babde6675440c
NMT,normal/train/0000059.edf,5364832,dd0965f46a9db4bb58608ad85899cbec440bfb1271bde7bcae6ba8a1510ed9ce
NMT,normal/train/0000060.edf,6204832,1b83c3c3edbf1692429f6f7a6056ab50cac2127473114c5bd76555f4b2f30448
NMT,normal/train/0000061.edf,6095632,072db1cd329974cf53299b38a55ffc717bbb8e7671b3772bf588dc8a7c637933
NMT,normal/train/0000062.edf,6381232,1aaab6d1543a04f90b1cbd30e58c1488b55dd441fcbe96f9a8d214c599b63496
NMT,normal/train/0000063.edf,7431232,679fab42fff36427ead1f4d85c5280aafe61356c10920d3ec1e086f4cf74fc3a
NMT,normal/train/0000064.edf,5390032,a1f84534a3867aa1deb897cdcc85baf1c84e820e65061b51ee87c54393740e45
NMT,normal/train/0000065.edf,6204832,c48fac6ab88d75421b977b133b226e1372394cc0c59749d3327fd79e16341f06
NMT,normal/train/0000066.edf,7128832,6074b03bee1bb9d6d4377a046ec848e0bd567ccf849c1c4e90ecbada87849325
NMT,normal/train/0000067.edf,4138432,1ab8c5fd0c9c4a1b948206a9f80bf8bfea393a1d7005e16bef6e7de5bbec437b
NMT,normal/train/0000068.edf,5322832,d76b163f7b48182a6ee58eb19eb2cfa70dc482a604b01bf65b9625e22f8cd2da
NMT,normal/train/0000069.edf,5507632,f2c756e8492e50f151a973ef63b8cc6cfcf89946afe1cc04658dbfda00d7580b
NMT,normal/train/0000070.edf,4877632,0db4af1965659b08451c28a51f1dd4047220e931dd7f98fe89445a51b9207778
NMT,normal/train/0000073.edf,7767232,2341864de0fd9dc2f6b8efb7baa8e5d44182b56242fc2f99daa0076c8c139ac4
NMT,normal/train/0000075.edf,7355632,423a34a2e43f82e76e697db3910b13bdea781d85d2c84909bfbdadf788c4fcd7
NMT,normal/train/0000078.edf,5364832,5af4534cd05ba632fd848476d5808fc3a9a72d18fc7eb7eca84c387f9acb51c1
NMT,normal/train/0000081.edf,2525632,2c6a55007a16b7a2ecf2ff25416d8461148675497564609699dc922acfc8355c
NMT,normal/train/0000082.edf,4046032,323c33581023b1c96ee044e470d345c0517ec26526539e27154b7eda29996cc4
NMT,normal/train/0000083.edf,5398432,99dd0e6cda211f16beae126575bb59ddb2f501cbeaed66f2a3b5b2f02fec7848
NMT,normal/train/0000084.edf,5373232,ca3e81991e5d8f9d9c05c1c0f14e93d08de18539c09cb1e77801a5761fe70eee
NMT,normal/train/0000085.edf,1551232,6c9ed846d259ed9e5cba8f7034ffbca55d272817187a7b9df843c274770c2ad4
NMT,normal/train/0000086.edf,6053632,d8d6a66f6ce2fde8e999eb185b2e1495de52a2168a9256b6caeb537ee7ce2136
NMT,normal/train/0000087.edf,4382032,a0303694fff96098d9bd6c55dd07b36f0fe7a85f71bd1541b2e99c38fd41f776
NMT,normal/train/0000089.edf,2315632,2aa6e8ea611aa8a066b4d525f17313ad0e683691b78b3dcd2b96fdd35bd6adfa
NMT,normal/train/0000091.edf,6053632,ef18acea48d7bdcceaccbedc124b649884b5b90c938efd9c7cabcc51bc66a928
NMT,normal/train/0000092.edf,5868832,cacbaf9a2666e576b12a07e58376afcf4dc203f70e8913b30f58c405be2f3be8
NMT,normal/train/0000095.edf,5331232,78ecb3be9524637481c0d4f547684515d1242fb54470e89ffc62eb4a19bbf9fd
NMT,normal/train/0000096.edf,5936032,c8b630beabe8450a51eaaf51eed18b18662cea152bf12a1c6bb945d0985d73fa
NMT,normal/train/0000097.edf,5171632,244b5ddb3d24d12c17121d775b148ce4a43622110ada57cbdcda6f840724a069
NMT,normal/train/0000098.edf,6280432,f2eab75d376e42d85a9e09d0469b52918e69292a088a589ab9ac05be4ad59789
NMT,normal/train/0000100.edf,5684032,2e7bce36dde6c795e7879b23f9e0af777cab382272c72ff0ed2dd1ac04042048
NMT,normal/train/0000101.edf,6297232,b17e52872f7988fdaab1298fc42bb8e2ea495483050f6b97f61f6e8c5e202d44
NMT,normal/train/0000102.edf,7019632,aa37670f90eb6fc61a74867bd7b730a00e64bf109f9040dacac36f0286bac7ce
NMT,normal/train/0000103.edf,6524032,2abbdef923550bb6b3b4c31725e3f234890f93bdc59adf438e58c8e85c9d04f3
NMT,normal/train/0000104.edf,5474032,a0bf212cb78578fd1eeebf4afd18bf1f89ad44509b4b30ee9d70e7f0702ce8c8
NMT,normal/train/0000105.edf,5709232,04dc1dc61815ab2152a8569a64dc49c1962429ebcd9e2a64fd8321c1ac1c4712
NMT,normal/train/0000106.edf,6624832,1de675f9dcc94abe29974d5cac145a6713baf5375888e4fbf219f03bafb98783
NMT,normal/train/0000107.edf,5608432,49d3495f47d1f73ef0e0dcaa697283668a69261b5f82342a0f36d8e18055a56f
NMT,normal/train/0000109.edf,8069632,151c36af8711fc2971e8712bbaca8a7ee761de001edbbcd933f7020d5a0ba7c7
NMT,normal/train/0000110.edf,3096832,d1e6198fde84f03080f41bb4df20440d1b10f1ef9e2393b8243d0c37417a83e1
NMT,normal/train/0000111.edf,5549632,18bf7769b07bdd7a7f7e62cddcbe46133978c8ec8214c7aa7e975ffce0babc67
NMT,normal/train/0000112.edf,4944832,9a5596af9c052276edf2f53bd77fad95ae397664749cf25cfed9dc38c256cd60
NMT,normal/train/0000113.edf,4894432,ad9b6e26b668854edbad88c850623625489d7276112ed4944dc4e9354e20c8ea
NMT,normal/train/0000114.edf,5104432,74d1d99c07eb082b10b5c1f6559648d5491648fe2d020a591de9d3663f1f61a6
NMT,normal/train/0000118.edf,3852832,bd4e16563db1e08c6d7dbceb4d4c36881a16c87fffbf3a001c825c3b84eed5e5
NMT,normal/train/0000119.edf,3844432,d537923000eff98544fc0e04f4465c57132419a6a81ec19646275b1ddafd2eac
NMT,normal/train/0000120.edf,5516032,9cbc2d9a838f41c73aba3bb60ae766b24c974b1842fbfc37b52e6ce2eea88d59
NMT,normal/train/0000121.edf,2618032,c711d06d11a2dc2469f354d857b579a19808a3cd6128daa39db6ffa5ba2e3605
NMT,normal/train/0000122.edf,6725632,69a5ba72d60a6667fec1032aff9e2112341c2e68e2bd3a3340434059686eab1a
NMT,normal/train/0000125.edf,2979232,05c738908be7621c03a7df91d623e950c59573d8100386defeb357b93bc95985
NMT,normal/train/0000126.edf,4340032,516d0056dd2b471f791c3a33a239bbac6256aa1d3bd1b322534a7fbd3af010e9
NMT,normal/train/0000127.edf,4600432,95d35efb8b68580e339b72eec1f9a513deb517abdcbee518ef313042d01563ba
NMT,normal/train/0000128.edf,5709232,953fc68ddea2c987f11b76b7083a209659dce6b25f944f02fa1d1fb9225947ea
NMT,normal/train/0000129.edf,1979632,2adc3353874d22d4b149a5a97f2d66024f4ac935eb27a3cf017dcbbb00c96218
NMT,normal/train/0000130.edf,2735632,1bc49634f842901fd1d42f3ffca0d2a18039683cddaeaba615b735cd16198adc
NMT,normal/train/0000131.edf,2525632,65e4c8f627757a19aacf9bd3ac3b0e86a146ff7db926f5f87a8b513a0dd3ab02
NMT,normal/train/0000132.edf,6809632,7a489028290f7156a659db516559ecc174fdadf85e70adad33330c022e3182f2
NMT,normal/train/0000133.edf,4902832,260f73785167a52d026f4ac2cea3936b31b051ff3d06c0051a13f9cc6f3e2239
NMT,normal/train/0000134.edf,4592032,8a5da19ec7fa7739b5416fae61f5b43ca5b08b6743997822b7849824a40a527d
NMT,normal/train/0000135.edf,5642032,5aa8247d1aa3d65e288366a534e68be787fcab61d438d6c6e4736b551acdb1b4
NMT,normal/train/0000136.edf,5910832,2a470e93de2748e812adbcd1bd383655d44d925059fae73feefd940f6aeaff5c
NMT,normal/train/0000137.edf,5289232,46da227cd625076ff218072452545fb4e7231580e69b3c3e4136fb2b4b0e7b2e
NMT,normal/train/0000138.edf,6213232,8186ae2b58ffb7a875a03a52225d8815d79e5442181076caf9baa0195403f5ea
NMT,normal/train/0000139.edf,6456832,1d3aa32e99f46b732ffec9ceb17d8ce092d58482d93d088d11edcf0fdb95c4bd
NMT,normal/train/0000141.edf,5835232,d770e46b75aaedf756f912a716f50fd4d4a4a1d18d72b2a8d1eb70360c4b5687
NMT,normal/train/0000142.edf,5331232,1de94e2b49cde0a355f962a83472f8e3b06cf11e1e83bbf13633382cd4b76a3c
NMT,normal/train/0000143.edf,5045632,cb7bfc42060374b07f6be63228120cbad66cc02c1fdefd55eeb622cd28468ffb
NMT,normal/train/0000144.edf,2214832,d943da20bc2b87152839b671ca654a5f509ccbe485051e71a756434e26ae6ea8
NMT,normal/train/0000145.edf,6104032,45e6ac4fb70388ef2cda645098bd51c12095a4db38d0b99c0084a2e0d4268c88
NMT,normal/train/0000146.edf,6927232,a7e6bede5024623b7fc2efbad990c326a6e86e80751504ad96bb9ca38a5f5098
NMT,normal/train/0000147.edf,7162432,e985924d322faa94a1c8f4bb4ced178350005cb17f0c7e5c583b71f37eebc5cc
NMT,normal/train/0000148.edf,8397232,017631a360f25588d20ca79baf01fb2b62b123330c5d789aece56347c583a43b
NMT,normal/train/0000149.edf,1492432,4e0f2f8728cf813172aea287f783be41af69e4e3d48a5f50f4025ead58a215db
NMT,normal/train/0000150.edf,6389632,0a74d42c1b55ae3b8fbe494e4cdeac21db896d40b297caacaa9587ca2622217e
NMT,normal/train/0000152.edf,7070032,55d9c94e1b1b065d5807490332806aab3089635488c540dadf6e039237f70982
NMT,normal/train/0000153.edf,5112832,f253ecd67f529150d5230c0e6ba90429ef68085cf89bfd5b1d42b1ee498c7db7
NMT,normal/train/0000155.edf,5751232,2a376fba79ff6f69dc1b525feea68c7035212dcd010a2faded2ef3f01b6a5757
NMT,normal/train/0000157.edf,6146032,63fedd89b186972c067a02fd2bb3bbcf7a0fae6eefa8fa6665d5fd74aa9a8611
NMT,normal/train/0000158.edf,5558032,5c8327bc04774a16d64df5fbce3bccac8d9f67418a51310ec69551a85156c487
NMT,normal/train/0000159.edf,6708832,cb70486733681c902ed37faaa1a432dd4a546f9422621081019ff15be12ca247
NMT,normal/train/0000160.edf,5650432,aed6388d0db39dbebb1b7c9aea742a124d296405f93562f56a6b09d3fe633fd3
NMT,normal/train/0000163.edf,5574832,deac841bb7be59f0dec20054fc80537561022468a25a584392b38e1630e36370
NMT,normal/train/0000165.edf,1559632,6ae4f74829ccc17a18a8bdb67ae424fecb25249bdc19880c29246052aff4f950
NMT,normal/train/0000166.edf,6129232,4d90a44a7003a34b62081cc500b75366d3c8ab03fbbab914875c50c803863892
NMT,normal/train/0000168.edf,6246832,8d1cc3c4c2968ad6c4cf10c3f7ee9aa7ac68b6e1035100eab35b45ddff5c7148
NMT,normal/train/0000169.edf,6062032,8e183eed278fb93a4db21c62492e397dedc2df358724bf63a43b715bcb0ad37b
NMT,normal/train/0000170.edf,6330832,376b531126f3934876c3ef54f6d1f6e7c4842b7debe57e4ee955b29e75267592
NMT,normal/train/0000171.edf,4692832,020a6626f245619be30b9db72272573af88b3b9efe2b3c58f2877fd45f79b26c
NMT,normal/train/0000172.edf,31782832,7645ed410cfd12c17a353bf33f2ca1400c4debca599d8245b8690ccc46d7fe56
NMT,normal/train/0000173.edf,8783632,fc2df03061404c2cd0a6a6c0c6ebe10c2fbd236de8483679f235dcbb2f18a068
NMT,normal/train/0000174.edf,5768032,7e600a1f399986052dba5e7b6eb148bfb3f5b76a9a4f3686f3a786d2a8600a16
NMT,normal/train/0000175.edf,4356832,2f2c35e3313f975afa942467a10f4c35467b0b1acc7fd49cf164ad645a96e92f
NMT,normal/train/0000176.edf,3197632,8ef9dd741f6324ffdf14649c7e86824a4359b37397a33cfc67f5a634e3973f78
NMT,normal/train/0000177.edf,2592832,4a3787422ab2c80c6bc892964427b2dcae9f724790e126c266c24be5d3d2862e
NMT,normal/train/0000178.edf,5205232,51804921469b997f1370853dfd7e7cc1c5f63013c59d024cbff9bd02f03823b5
NMT,normal/train/0000179.edf,5289232,261b1e31c0b7188e6ed84b6ed454a2e928bd24cc1e56e7be7c7cbeb5505679d3
NMT,normal/train/0000180.edf,4650832,7983f7cec5bbed5ffdce586bab52d532407e0588862ce9c895d90edf1cf65e54
NMT,normal/train/0000181.edf,4592032,93f7ffa3011cd462aadd5da8fe6a830d33629bce23e1d86127de12eccc919ea3
NMT,normal/train/0000183.edf,4499632,d955b1a194bfc6948adb5fe88cf284631d7e9c1dd59f4d8536ec580d9ee1d350
NMT,normal/train/0000184.edf,5423632,60db75b246e4a5766f52fee2b32738d83c2705942f0f015d1eb2a223c8773387
NMT,normal/train/0000185.edf,4541632,64f9dc25e917f8284ebd661000957768e242c4544e0376b1dc2351e0926d29bd
NMT,normal/train/0000186.edf,6490432,f5db50ef991b537cb4a1ab1e4ab3adff9c9adba483af7755a1bbda549bacd203
NMT,normal/train/0000187.edf,4894432,8f2c638aa30936362bf080e6413387c82badb8db79c8e50eb242d10486122396
NMT,normal/train/0000189.edf,5600032,bfbdb3b816a861b5432417f3032f5fa6639fbfde0d01d2f14868ed88b67b65ef
NMT,normal/train/0000190.edf,4524832,ba65de2cdbe0e698ed087dc5b11acb7012b489f31fded9b0a03b51d444e95632
NMT,normal/train/0000191.edf,4138432,397fda9195ab409e9e3ce9b3122e95bdbd32ec4c10baa502cd15ccd1c1b550ed
NMT,normal/train/0000192.edf,6188032,1f1e684bf9c5025229c6f1d8cdb6a6e4c42e6ee28b24f3de994271ae25487d0a
NMT,normal/train/0000193.edf,5784832,ce6f9bd2b6e87a7e5a8bfe94affd2fd6d665264d72951a0b7f65f0b3d6ea5dfa
NMT,normal/train/0000195.edf,5734432,0f444e84ae6bf7a4a3e21aa771660c5fd704078503de90b3dbf13fdc8e6d771e
NMT,normal/train/0000196.edf,5952832,c070c396b69efc484050fbc129d4c65b9869fe1d2e3cff75d59d9a24adc04465
NMT,normal/train/0000197.edf,2088832,ccaf6c7ccd0b462fc1d9f024cd0f26684bc68c73dd29c09c149c3c85fc1104b1
NMT,normal/train/0000198.edf,6725632,e8de381013a9f788691f734aa247c3c8790f113b3e2af9d3aad57c175550e2f9
NMT,normal/train/0000199.edf,6591232,2bc7867ceed4b982f0c3235cf9dc86afb8dbb111a79aa7db03d0efd403fc5626
NMT,normal/train/0000201.edf,3970432,fa0aa40537829e0df8a030996393ecbd35eb2e90f0a5f381bc823b61aca3f8d3
NMT,normal/train/0000202.edf,4088032,cbd4f44ade9ca24af6ed3410444abaa1edcace9b7d5cc1f48c5e3444bbad338b
NMT,normal/train/0000205.edf,6053632,8405c2c0e467985258d064bcf8bc36344d460d6bf41b0ced2de3f93fb66fc8e6
NMT,normal/train/0000208.edf,5852032,bfc068a0f61bd5fa6648afb4f70db053b15f0c743e7f60ee56630fb57824bd5f
NMT,normal/train/0000209.edf,6616432,58a3c83115dd441607e3282bd8c42f06afad97bbc01fda8129c32be661327615
NMT,normal/train/0000210.edf,4709632,59a7976edb9e75b97f14c9ddefad646522a35a2e4da0c92194793202e15a5369
NMT,normal/train/0000213.edf,4886032,97545e919db03d22777e3351426971237a7f204b6594bb8f77741f4f60546723
NMT,normal/train/0000216.edf,6221632,17aba41d2104298b71bea68e47da8c8bdf109cb9c83abc36bdbd2ce8a975d62f
NMT,normal/train/0000219.edf,6633232,a5e2d6880c6f2a94141ea69c7fb3decf4e68a7c332acb979ee1bb0c84e8aa14b
NMT,normal/train/0000220.edf,5104432,d7d3491b33df28bd384336c3bb270d7e96f8861da7d1a42cda32f11ea1fb9bec
NMT,normal/train/0000223.edf,4138432,161a994dbb14385319a912cc0955fd5cccc61bb41257deda03087faa131759a7
NMT,normal/train/0000226.edf,6372832,282bf208790f8872159099ab1c9533b3277d1c908b5872c5838e43189e6ae89f
NMT,normal/train/0000227.edf,5247232,e0225a22ec0d34c2cd89a622111aa1b63b6d7f884d6ad922850b26f861343bf6
NMT,normal/train/0000228.edf,8456032,e399874bccf2aa9ce567b2565ff6b07906dd70f825287570a44290098b630ac5
NMT,normal/train/0000229.edf,5633632,4ca4e6dd0a5d7e1dc60cc1d3f1fbc038cb0fe026f94d12add86175ecf2bfd4cf
NMT,normal/train/0000230.edf,5709232,ae4f1a438f9e29c1eb6d03f34e6cb82421cea3a8ea01c85163eea14a6f1bf0a1
NMT,normal/train/0000231.edf,7910032,02d83d727bc5d4efed7c9d3efb29c7da49e10d390f7daeddfdd3b170f57df171
NMT,normal/train/0000232.edf,5028832,c21ddfa69811ea39c3b66dcf45594b025ab545e158ddad1f55bead62fccd4373
NMT,normal/train/0000233.edf,3668032,ae59a8dede77e40091d51da61bad165f402700abd7fd629eccb2bfba74f6f6be
NMT,normal/train/0000234.edf,5045632,11f54b7c7ace52078f98a6ece51f49ac1123579194d1ca01c3b1245863a57352
NMT,normal/train/0000235.edf,5952832,618dd29a52622620715c3b77191cfab46d82c530a79ad852eb0dc81e81d0cde8
NMT,normal/train/0000236.edf,5028832,d67fa7353f850c8d3e73160f459422dae37dab9d0052c6616a4cb7f83f0de09c
NMT,normal/train/0000238.edf,4172032,2be3e0c58e8bcbbb9c384586d636cd1e58cc4e05096a84e3cd1d5216f0d4bdb7
NMT,normal/train/0000239.edf,5860432,6391de380606184f27c957b5053e8015a57eca04c00809adce39839278e76c9f
NMT,normal/train/0000242.edf,5138032,bb0fd7265e7c051232046eb19a0f7b5fd5595d47d2a9a33de17549258b9b33d3
NMT,normal/train/0000243.edf,3483232,fda558a5054f87e424bafef48c2091a59882fefc9511ad0be3a777fd5413a48f
NMT,normal/train/0000244.edf,2550832,199074da03849ef9f669bf8f16d185960cafef99e4ec7d991f082322e8ee16c6
NMT,normal/train/0000245.edf,4701232,7c34dba6e2383c43c46f7b106ef400cb9e51924e98135469ffb8eeddc243558a
NMT,normal/train/0000247.edf,4121632,ac5af4933a521db673353c0ecb91700e29dd660ddb77a81ad425d58c9512fcc3
NMT,normal/train/0000249.edf,5348032,076d4e61f4ca7c887645ba988edb0cbf6ce1b03130413acda5f60972c15a4f7d
NMT,normal/train/0000250.edf,8884432,f5c97b4620f98a9aa0e9d7c6e43c7c17e584b6d05b7f8b8c76d15e053e834e68
NMT,normal/train/0000251.edf,5297632,df668de416604a231154b547a30a3cc3ce4e2c3d7c58d9e6c4879e29e5684f58
NMT,normal/train/0000252.edf,5608432,bce4bf9022435aa8dd6ff1fe0395c181f0b24746338881edfefbe8cd62b723ec
NMT,normal/train/0000253.edf,5734432,390e48a9b80637dbe3cdd2a73e926d6c314300e1ff21fbf64f5fb4e9c4a024af
NMT,normal/train/0000257.edf,5104432,67279c653e5dda4be00170f283f3a194802914f512a7c9105538afa1f8d207b0
NMT,normal/train/0000259.edf,5667232,c1ac4078b9df2fcd095fa6f075909409cdb02b06a508a0885ab1a59edc58e7ec
NMT,normal/train/0000260.edf,3542032,f650b24be9d91c4fd64f64dc19a26b7b9683f46abce5ec199083b9961b9ad3a6
NMT,normal/train/0000261.edf,7246432,39d54a025f1b2021a9df6b1e41cb0debab3bc364062e7bccf035715d7e6e44ca
NMT,normal/train/0000262.edf,5222032,f3ff09e6bf2ec61df4d9fdf28870edb0aa960c221cfa6247aeb7dced5468a29a
NMT,normal/train/0000263.edf,5121232,ee54881fc3d69a12db082d338af4a2355c8de07cecf6a5e8ad8516afba0943a2
NMT,normal/train/0000265.edf,3147232,64f735e13454e56de6c2cdf5e2e9d61c591426a0bc25a7190862bf9e487bd131
NMT,normal/train/0000266.edf,2534032,264859ff95dc226bdc7f9cbe78da1fdb77b6acd21269c2f46b5c16f3e0915e4b
NMT,normal/train/0000267.edf,5348032,dbaf9fb8e016bedc81d4a4d9f3be8ee9923d9a3670f3976cfc91e6ce7743ba5c
NMT,normal/train/0000269.edf,10900432,3cc447f1675c3871a40f1cdb3a23146ca64abe0439e859bf01789287601c1559
NMT,normal/train/0000270.edf,4373632,7bfe8ad9d506bc82ffa600f317b8532504d2027dc7f19086f89572f9f14270f2
NMT,normal/train/0000271.edf,3743632,3d6d3e38825a356cb3627b8fc7bb5c04310bf8524421afefcd4cd1af3ada13a1
NMT,normal/train/0000272.edf,5927632,ba37e9505633226d5a4f3f773102fc012c0bb384a1fd04275d8b21d1b2084354
NMT,normal/train/0000273.edf,4407232,6338a2a087de33a508f0536e8deff4f899a9259018a8ce9d5f7f6df07d8d1803
NMT,normal/train/0000275.edf,6053632,2fd3054b4d629457bd75d30454cac87aac023156d8f7233523a76faa7d0650ab
NMT,normal/train/0000277.edf,4902832,72b648cf6032b62f043850679d1ef9b2e0b62a80ba73d40438ff4db200aa828c
NMT,normal/train/0000278.edf,7708432,140f393776137a642ad2577057e685a8e56d720ed3cc4e9d503f2fd0d5c1ef25
NMT,normal/train/0000279.edf,3222832,60f76ebb7fec7122248e38dc79107811ffd3443453459dc3e9dccda0d57797a3
NMT,normal/train/0000280.edf,2567632,dd6c7ba067b683f4fbadb6530115f79e71c617e91e61a3aaaca8e38a689ad986
NMT,normal/train/0000281.edf,6364432,0565c5b163c4a4c0d4bb7654d788d8c3fd9aa5ce677a903715721eb1aa6a5873
NMT,normal/train/0000282.edf,5902432,3b06faa8601d1e75d89952cbd70f7a5b0f3b44241c09c22f98a6043454eedb7c
NMT,normal/train/0000284.edf,5465632,343f4f900a8aafe087fe85638075b31dd69b83e52ee5907efc4568216b497d10
NMT,normal/train/0000287.edf,5045632,402d7cc01c0af9e1cd7eee03fc0ea9e3e23fcdd9d747d694aadece70e578730d
NMT,normal/train/0000288.edf,5070832,73f3d60f436b4677e9873b02707dab2e78b98ff4531bee60a79dacd2286f753e
NMT,normal/train/0000289.edf,6095632,85410d805659e17bedd6e6b0de38671bd83d12cd3f6d58ca154093ddd3604027
NMT,normal/train/0000290.edf,6053632,d973cf9d9b3344c2b2df929c0416e787ac65ab4f9741a1239cc375c0576a1acf
NMT,normal/train/0000292.edf,5642032,32dc697d4c243f811adc3f7337bab2ad28da4d014065e6755de9e5bdf031a9a3
NMT,normal/train/0000293.edf,6498832,240055c3ef216a10fae8af1f67acfa3b9e5c0feb9aa24d548af84221335deb55
NMT,normal/train/0000294.edf,6053632,b5fc8667697a6b9ca0e8a64a21f43c82b588f2bd50a0551a642cc7cdb5985b51
NMT,normal/train/0000295.edf,4936432,936f77dde55eed9040db6c85cc29361e5d29b14b930e4886917269875b1a0c22
NMT,normal/train/0000296.edf,5322832,1e7d066ed9116f71877a162708a8c8be5cf4dbde54a4c0b309bec666ffaf6348
NMT,normal/train/0000297.edf,5390032,32dc2291bf40df6f459f7f0c21f3624ddd235f68b54b8a259227b1bf206cab59
NMT,normal/train/0000298.edf,8187232,2eb1ccd06c10148374af7c470f3047d3d7f744bbc3d0cf81e087f9401716a15c
NMT,normal/train/0000299.edf,7842832,44f6a9f8f6014dbc7fa05ebf895e003236dc78f75790e6b4865302dd194694e5
NMT,normal/train/0000300.edf,5751232,6adab49d753b2af13eea372e8005f65c4f65b97e5f032c45c4101e1e90fc3154
NMT,normal/train/0000301.edf,6078832,89f1d1e4845158233ed5dfb1b535b4d07d1adf5e474c624f2bc1aac3592c4cad
NMT,normal/train/0000302.edf,4911232,6116e918584f6f62d3b844ec26b4341a6ccea3a2798bc3883d33e60bd0c2cde4
NMT,normal/train/0000303.edf,7515232,8067b1cc65b3b577b583e911516fba4985f6b1db1b2321b21aed68ae42c831dd
NMT,normal/train/0000304.edf,4608832,e167ccc26cad228242c7992cf5201f65f1fb2758731eac1ce228f8f3df6b1661
NMT,normal/train/0000306.edf,4029232,7b255c2750affaa848ab2bc02c196625ab863e174ed3b2952e5584edfc7ce2ec
NMT,normal/train/0000307.edf,6112432,ea57c1c6b1a37d0d5ceae5d37f5a7ced1f215910546857aab5f69e8000e78126
NMT,normal/train/0000308.edf,5045632,2dc84588f2ec1ef702ef8bd58e2b89eebe75bb3fbd628821005bca17bc135963
NMT,normal/train/0000309.edf,5020432,3d0c814c815dd0fbfc2813f9d18774c550fa26e300dc8008cd3255761d435338
NMT,normal/train/0000310.edf,4029232,1296b2cb7f27d93cb910fcbd8bab16016b9a46dbe1cf0641991211cea4f2d4be
NMT,normal/train/0000312.edf,5306032,91f4a0fd51ac2c8e29a57b829c51e36f3add6009375f2ba3bc474aa8fbb3c7c4
NMT,normal/train/0000313.edf,2517232,e9d9f8572babc37a9631eb582ade67471a8ce2481d5694174940306e2f9fc1fb
NMT,normal/train/0000314.edf,5070832,993cdae7c905e3e7126f25eb8f3ecbf2724a34c48da13c34281a646b77faf559
NMT,normal/train/0000318.edf,6255232,8c4847242e8cef0eef543257a99aae20c43dce07587d238563ea099f364ff5b8
NMT,normal/train/0000319.edf,6406432,806baa8d6f7ca0612788fad105dfc7e12b3815ceb8ec9aa54dcbceb870735614
NMT,normal/train/0000320.edf,6255232,2c05cdec2a27931574bc4921e2f5d2747a859febe032449428c24662921b1a41
NMT,normal/train/0000321.edf,8976832,0f9170cc48b44f198637393177c5b7faf4a60202df217b4974b8752c8cfe7f62
NMT,normal/train/0000322.edf,5583232,b6a0f7c8740af7f4d7ee7040a07e46659aa09f2b7b9b8f82c909ae95eceddba6
NMT,normal/train/0000323.edf,7044832,743c172843d10a5d5a1eb6a6c3e32a20c6ec36e578c222c8ebc9c2261d74a746
NMT,normal/train/0000324.edf,4314832,663066cd107b83b7d643a5c9fda55437ed5c1c251df6a5a22528d708108cd8f3
NMT,normal/train/0000325.edf,5474032,60376c26e1bc66710445e4185f1b7a5a2a9dcce70726d0e3473711de03da4643
NMT,normal/train/0000326.edf,5045632,4b486f79638781fce301c4f65d30cdf406e77933e498e6425e9adbaeb8a1c5be
NMT,normal/train/0000327.edf,7590832,e338d6c1dc3f65bfe33d9a3d154b125919444d63fac1aec4bda97bf018e9cc53
NMT,normal/train/0000328.edf,7439632,3b2c7a00f22568847143e258b57bdeb1001126100201116a2b80bd1298430bff
NMT,normal/train/0000329.edf,5726032,ff247dc31b9265512063fb6194d8d7d90601d5139942620e606425e3356515de
NMT,normal/train/0000330.edf,38099632,69ef5d99473d7f46cdea7b95bd6ac7cfb5abcd5d2f1c38ccb74691f582f11c30
NMT,normal/train/0000331.edf,3575632,3f82e94ab0806c5f9d365da14bf408112ae98bc1cbee0130649aa58929fab95b
NMT,normal/train/0000333.edf,5079232,2b200c963bf6796c26bf1563c2c2416063a792793df76882435ac7f9be99319a
NMT,normal/train/0000334.edf,5406832,fc80c73eaf4640d46ed879e88b947226c30d4e97897b7023f772897d29efb8de
NMT,normal/train/0000335.edf,6784432,2e4029ef681341e047d34e9171c7338b1bfa12bc8163d5f991d46a1bebdcfb34
NMT,normal/train/0000337.edf,5331232,82b612fbb3a9e98aaeb69e815c7167efb16f4d1df49deebf6c1239a6f252ae84
NMT,normal/train/0000338.edf,4037632,d9f715c53bcb2332f62e5450f8a5d851c7f8a1180cea238309fd3f90e2e63cf5
NMT,normal/train/0000339.edf,6641632,b2b2424ccae8b08c9e45a4fa7d3839e7fc380074eae5a8f8b0a2f25b45cd2063
NMT,normal/train/0000340.edf,5247232,eeed674e56aa9626ba2a84adf4d612890bb63692eaaa95e73ccec34c08143606
NMT,normal/train/0000341.edf,4592032,ab993ea26f76b9a45fc3b8309c664aed83aa392773273888fbd9350e0a45f04b
NMT,normal/train/0000342.edf,6423232,15425e00d7cfc677221b673b19bf79f1dd30215b3785b2bcb63a30ef306de5c1
NMT,normal/train/0000343.edf,5045632,9cf1aec0e7098b5e644508c2f73f5de394e0cf4df8ec18b5e41012b1ebfb41f4
NMT,normal/train/0000345.edf,5600032,8b11e6718511fd94719b8a9cb14a850badb5a87c85d39f2a026861f1dc72ddc4
NMT,normal/train/0000347.edf,3920032,c12b095b891fed01ef201f430a5f813ceb7211a610a7380e7b130feeeb6d541b
NMT,normal/train/0000348.edf,4138432,f3c10587d74503b520eb36ed692b17a49085c534304ea879a4e31936ce700540
NMT,normal/train/0000349.edf,5448832,c5470ce961da87bd62f2a44dd00b2c5d22ef7f9fba9944c1def14b4da037b375
NMT,normal/train/0000350.edf,4953232,053f9d94fd96a94d13c51d2fbf1ae30485ea2908085e79d1bcb150dbec034163
NMT,normal/train/0000351.edf,7103632,94818bae075eb2e1b78f68ab3def7b3f10b2657f659d96955a13275df6837ff6
NMT,normal/train/0000353.edf,5818432,779316feda14be129c93576633242b4cb2ff4a8c4a8a3e5327b156c8f0fa7f4a
NMT,normal/train/0000354.edf,6574432,bc2afca928ba936421abb73cb25877fb341d26c9b3599f2c7b47edce0cd3569d
NMT,normal/train/0000355.edf,4541632,5705a6615763a1d7792f8dc9a8d9a45854c92fe7c67a9997843eedb94dee983c
NMT,normal/train/0000356.edf,4457632,fca47543cbe10c5566d47b1bcb6e87926eab73dd02c28fea82f8309fc7b18e18
NMT,normal/train/0000357.edf,5255632,1148cb1eed58f064fe3e0dfd702d51e697d855000f24ddb1d54caf5f45830f61
NMT,normal/train/0000358.edf,4558432,683d37199f0d8bb95eaa53e6632801993270fd4914345b884fcdde08e18a5ec2
NMT,normal/train/0000359.edf,8800432,b08c0222af979c3b12290abc03c8102afd145279b6108484d7bd508ec0a5b981
NMT,normal/train/0000360.edf,4163632,b4cc243b1adf827a14124b20ba435f45a668ad95d22aa3efe3ec6c97ca3c77c0
NMT,normal/train/0000364.edf,5213632,173870dc8af7ad2d61404210a853a97e20eef9aec4a470290ad41cdba8ad2499
NMT,normal/train/0000365.edf,5499232,3167d028256666a52c16e354db6ed5f0b98797dab87b1bb25d0fcc28294807fe
NMT,normal/train/0000366.edf,5062432,baf1f7291cba7e1fee904f4381c7b44b88b441d5af5c56e8b4230e1c4773f6d6
NMT,normal/train/0000369.edf,5196832,e3eb83f70056116fa762f1cdc9b65228346a05801f12a74f345ef89765c4ce65
NMT,normal/train/0000370.edf,16016032,1b17e3bef9520a2c2e0d06ee650ead5620b9f425c06d88808b93b0d0a809db71
NMT,normal/train/0000371.edf,5012032,13f3042e0a040cf319aa67f68f1197a48b5110b30c0dacb5d56c3648023e7059
NMT,normal/train/0000372.edf,4214032,81b2f633314f7ebab581d0172dfd090a5c6e060455a026be2c5026c6a4033a63
NMT,normal/train/0000373.edf,6826432,efd78b49b9cdb7bd92025ce6110c14d177f24fc7f6412430edcf9d79064426f1
NMT,normal/train/0000374.edf,4768432,c51006b0b550c232da847f9ca19d0f0fecfca4fee53dded8ebb087030368479d
NMT,normal/train/0000375.edf,4533232,2958628c63c08958be6a7d9c7ab8d0116a1f5ba728da7faf6cd1010ae76a5dcb
NMT,normal/train/0000376.edf,3651232,6d363ebab89dc1e396febdd36de77765b23f9f76d47f0711d34955280d2fb8f5
NMT,normal/train/0000377.edf,6120832,02acbd7973ad16c8e251a32fd4f6efbe75a0c74dd0311b5b4bbca3d592b5d41f
NMT,normal/train/0000378.edf,6456832,88d6fef2a9afd0f695b58dfa95d610d9f17ee087795c699f650babb6b40955b1
NMT,normal/train/0000379.edf,6053632,299efc9b456051f8708c833ebaa01bd9f141d8bde483addfc9b2d40218064a49
NMT,normal/train/0000380.edf,6700432,3f468f0932a4944f6588d024bb2ea7de5ee7b60c88423af27dc135917d86348f
NMT,normal/train/0000381.edf,4886032,38d2c397cc820bc9f0d492d6f213faf9aa7560ee028558be8789b0bc7f934bc4
NMT,normal/train/0000382.edf,5247232,c76b4a4f426bd2136b55d7972845d03f960808f949e3d853cec662252044df0a
NMT,normal/train/0000383.edf,4902832,52665cbfe698d0cb4ec27bfa7010af98698da31daebc3b48170a7d02ec72c5d1
NMT,normal/train/0000386.edf,5180032,fc864a2925eb931c5d102dd11c484e692de8749e80cc8c851beb51185a87e4ed
NMT,normal/train/0000387.edf,4121632,072fdbea58b990c434d442f036912a249d85955bce0686a33f3646e18615a936
NMT,normal/train/0000389.edf,5877232,dd40bae9aad3ee258c408619a2f121e8deed7062cc569fad6e53205042bb7276
NMT,normal/train/0000390.edf,5129632,75f38f98ad9a4e40823fd24316434d0891e3703516f0690fde95bb2d20e3c3af
NMT,normal/train/0000391.edf,6053632,09e75ede964bafc0320caad980caf91e92b46267d6fa08c81f3689c3c7cdd1ec
NMT,normal/train/0000392.edf,7952032,17a70776066a8f2273e4fd2cd55bb08a99a8462fdd9f548c3a5103302faeab92
NMT,normal/train/0000393.edf,6507232,24e798b86a384ad5c5d10faf24ebd8e65bdc8e259b9680dcad43795af7eb713b
NMT,normal/train/0000398.edf,7557232,6e526c2738b97fcdd36d4014f17aecbad7e1f8c98945673df2d1d9ae1893a053
NMT,normal/train/0000399.edf,10236832,a652c766ea130648ed7711500ebabb89ddb1b2c045b06269f20a268fd551f341
NMT,normal/train/0000400.edf,5306032,e7018f35b5ff88eae2fee5a7f34c43a8772f0056928f95929c8cbbc1ade02dc8
NMT,normal/train/0000401.edf,4146832,8d2355ace2308f7abb472943fafb372820291051d62239c7798454f97f104c84
NMT,normal/train/0000402.edf,5448832,5437dadf46cefdba70cedfd43972e1938a7e55714fa558faeb107dadbba41af9
NMT,normal/train/0000403.edf,5054032,16c82930a5fd721b0a79300b86f236796cee6cfa957d306d702101b579270dd2
NMT,normal/train/0000404.edf,7666432,0968f9be1f803d3d3331d6bbc8fd7e9d780d722bcfb3aef1365be2ed90d1079d
NMT,normal/train/0000405.edf,6826432,383cf6ca8ebd43d9cabcaaf683b990de66676ac80f37c0d2c20c46057e3d573f
NMT,normal/train/0000407.edf,3626032,68ea99e613efd73d17d325be07d320a53b23bed96470b9bf31228bf64eaa0c9e
NMT,normal/train/0000409.edf,4734832,7d30c7476587cc690a5b7f06d7475a6838bcd4a00bd4bca0387db4b14b45ddf4
NMT,normal/train/0000410.edf,5146432,e69b6d8cdd8e7b4249374fd5b4c2ca3e3850938bed5861a1cd55f113c516b9d2
NMT,normal/train/0000411.edf,7632832,a95186dec7baf2091cfed411c1781b6b12a48855d60a9cbbd12da9c52a03bab3
NMT,normal/train/0000412.edf,8876032,818f45fb697453dc7cc3c5144a0c37a59ad87c7a79a778bdf35007b686180d32
NMT,normal/train/0000413.edf,2088832,efaab546823d740e48d0372ac51153691cc0f5dfb0bf8089b90f225761c12c48
NMT,normal/train/0000414.edf,5684032,84a8af8e78e6caa842b7dc8e96c01a40b748d2ba72f3a7582ad59e9427e35805
NMT,normal/train/0000415.edf,5877232,1caf403f586f3ffc4b136cf181dfbd63ae3f3500b5cb04abb45194729329d12d
NMT,normal/train/0000416.edf,5549632,07d38015f810712344581dd2cf5f8eb83dd3a76f185d04c514893aefaa156323
NMT,normal/train/0000417.edf,4760032,e18d4ff91b8ea4a4d4b4d2779f7dad9161bf14bf9a36fe3d6b200cedf5830c82
NMT,normal/train/0000418.edf,6112432,8754da9fc47be455aa6226a496934d4374907e3c9bbcc90778c195efe8eb6471
NMT,normal/train/0000420.edf,7019632,8d5a9976a338c2788a6347b2a7b209e5af65c9531d810bb2a4b0bb0a959c8241
NMT,normal/train/0000422.edf,5692432,1623ad325df7f81f7ca2a391c2332c89c9ea945fa53b8ec9fc265a97f79af571
NMT,normal/train/0000423.edf,4323232,f3136aa764d962a8de4c348f5be4d0aad748aa9bd346138fb4ff1dbd8470bf36
NMT,normal/train/0000424.edf,6070432,6b2c27cf8faebcba5bc8d2753e1db98ed370f3144ca4f4801d616180cf5031d9
NMT,normal/train/0000425.edf,5490832,8dd314c4619cb3b655ee5c31ec5bcfc690dbab291a5a603341b8cf23addad5c0
NMT,normal/train/0000428.edf,4852432,267d60a3844c0a1fe855ed76efe3560dadaa6f886cc4c5554383c01959ddd992
NMT,normal/train/0000430.edf,5810032,2e551005b2ded055984662817e4aaec122709474e0e39c3f28c4193ee0ac5c92
NMT,normal/train/0000431.edf,5969632,b64f3a8dc256700dc63051256f283292ad8869bc7380a7a9b181024409f73f80
NMT,normal/train/0000432.edf,5642032,0e6196e5db184aa7100abe1c800c338732c08acc3fc4de8f325cce38f4148e4c
NMT,normal/train/0000433.edf,4995232,e1926cb1d5738b45eca7186c68dd59930cf1f2d968a6675e715f11349719ef46
NMT,normal/train/0000434.edf,9758032,72344d69748f61729b1c2fdd901bd2add28a888f55f349bfbc02adeb7bb27635
NMT,normal/train/0000435.edf,3600832,920d0bee5e8d1c2a203d80220a0a5e5c0573c63bab13bb70a69f1bb5426e7850
NMT,normal/train/0000437.edf,5314432,62078556e47ed2cedd8c22be278bc9dd36e09f6318d98b80d2b9e0218f45611d
NMT,normal/train/0000439.edf,5810032,ff2c22544476bcd7f0aeb6a798f161612b0d28c73d6df0088fde12f882ba144b
NMT,normal/train/0000441.edf,4919632,b2aed42b6d1c9ad9cc68c53dcd2fa6243458cdbb76510018a0ef90270fcf3649
NMT,normal/train/0000442.edf,6986032,1cc57db5679b532b2447f54c1e70be297a42b17c6af7eb7950e8556be1da6629
NMT,normal/train/0000443.edf,5272432,da66da0b112529c7b9a48435174681325e601034096840da90c8a36c4c80faa4
NMT,normal/train/0000445.edf,4625632,4954f6dd533a042c3909f1d9539e7bfac4bbe5ac5d69e7a39ab8da9279a02a6f
NMT,normal/train/0000446.edf,5742832,267d7cc427be2e3704f3874cb2dcc63b5c4c9e18fd297bcda0aeb089ce69e84b
NMT,normal/train/0000447.edf,5398432,3ac13cbe161fe1b9cfe4bbc3c2336b102cd41658006de4ba53d6f5f379fd05f3
NMT,normal/train/0000448.edf,7221232,1563f3e4b5a2b820e9adbd7b63341a73a1331ebd9c12041e9c7e032c3bbd0765
NMT,normal/train/0000449.edf,9136432,a4f4f201f85e0064bb0fc55e1aeaea6a2e5a5f9bc6a9ee594d539207ed51b6b9
NMT,normal/train/0000450.edf,3987232,334084f6a430b8b2a049f1ef7a130402ef0b180213a78461c0cad6a8285a1b81
NMT,normal/train/0000452.edf,3357232,c36bfbe95371f0edc809e912257f9f1fd6d70b1bf9d204d0aba6c052230b1a8b
NMT,normal/train/0000453.edf,7170832,5157322567fb00308b2206a9deff6b41cb0be7a337e3cfb7d6d1c014101c346d
NMT,normal/train/0000455.edf,5784832,bec7a91689ee68a9881a91eb23d0a21fb23678f2e76d559c491ba12a9cd4abdc
NMT,normal/train/0000456.edf,4844032,c63004989a989f2c848291d881039bb74c1c961314814eb38fa5c8c9cd5c3132
NMT,normal/train/0000457.edf,3852832,faf4da5c20fd99cb14e23339e2308ea4994ae6fb33639113b7361c72da2d9567
NMT,normal/train/0000458.edf,4365232,6277506ad8d2f61855ea014435997894ef585753e0e3e36c439d4469a2de35f5
NMT,normal/train/0000459.edf,6104032,0e7dc2e35c54208f7693439eef3130262e8856365d3a428679d719360f340c7b
NMT,normal/train/0000460.edf,10715632,dd51dc97eedb149bda11e09527304cc384cd3fbb98006321df0a5e879473401e
NMT,normal/train/0000461.edf,5045632,a84c9889182faaca936fb5750ffe109e4bf627cb344cff37ef62a2975d473e5a
NMT,normal/train/0000462.edf,4348432,c0d4188f018a952f11ba120001c64782609b3b33ac99d99581c414eed2cea2e2
NMT,normal/train/0000463.edf,3718432,339e962e5b4c1fccacbdfeab489be087f8c520eb50231ba170197e6d4d234741
NMT,normal/train/0000464.edf,5121232,af43ebe76d1e7ba8642b1a839a362366c49abf68860b675ac56758efc6084740
NMT,normal/train/0000465.edf,5700832,a8006fa319ec16fd65cb3037c173db157f37a1536a91c247075a3c74e566b6a8
NMT,normal/train/0000466.edf,5045632,79f84d31b9692b0ff48a1e65b6b6e50d5a86545d81e63a7439d739a348e54dab
NMT,normal/train/0000467.edf,4440832,c2bf04a588a3752443afcf7583e383693f34fa252d18d87722559c1e6ecdec07
NMT,normal/train/0000468.edf,5583232,624a81e25baceaf2a849504d281fedcc5bb1446aa6a3c6899bff13e02f1a0c5c
NMT,normal/train/0000469.edf,9086032,64cc406bb0e3780ac2954ee933d5e3c14d192ce5e1aff732fe22cf46e08e7f6f
NMT,normal/train/0000471.edf,8220832,b46c912013fa99cd45a415e4bbf37d91004420600e2bb50fb3b8d9a13725f4d6
NMT,normal/train/0000472.edf,6977632,d725c8ca5057c03db11bbd925c0bbff306681794dcb4e4a6719ca1f2740161eb
NMT,normal/train/0000473.edf,4869232,07de8118c2f3a3a609e09c7a51f933320bf8b98cba4afd48d177ca294290aa93
NMT,normal/train/0000474.edf,5062432,e6d2f5509c8ed493bf72acdbdd73029b1c62526284045feaddaffb7d5cb38f44
NMT,normal/train/0000475.edf,5692432,d53e185c245ce6070f08579113d1f5da6036ffb9b13226045f9ae44baa1b6371
NMT,normal/train/0000477.edf,4541632,9f72c8213728b25c7cd26d40ae13416dbcc83c0e46291a5edc5642c2c50bbac1
NMT,normal/train/0000478.edf,4566832,288ea32193840e85e3b98bf74035d1cd5370cb9a74cab4a66df253a0797056d5
NMT,normal/train/0000479.edf,5045632,ae96c950cea3f0d86aaa6f5d7ec7a10bea4fb2a9148c130216131a29412d7509
NMT,normal/train/0000480.edf,5163232,c418128a53374b9db6774bb6531e5094f744f78b48e685ccc2cc338c0d3634ab
NMT,normal/train/0000481.edf,9178432,6a9f95592801724403e90a7da7cbe03e72ad9677aeec02139f69e9f96b63b4fc
NMT,normal/train/0000482.edf,4356832,66b566059783c4ea99ecf767a1d89059d0b1ef7487f3ef99ac4ad2a67459d313
NMT,normal/train/0000483.edf,5045632,ff81782e9985a1383dcc84625715a289e8c6da51aa1f2d37e69cac59d65f8a0a
NMT,normal/train/0000485.edf,3760432,258b41ebf46884bc20bbaaecdaf4c74ec244497a39a4d32fb85e7395600a7e39
NMT,normal/train/0000486.edf,4188832,3bf67cb298079191fc40e1341088d946842164cd07b056a322f767a2d1418dbb
NMT,normal/train/0000487.edf,4751632,37441c3123a4aa7ed6a7f173a4f4057726e805eb3b5ba5fbcdee56b0f21611f0
NMT,normal/train/0000488.edf,5012032,efcbdb81cdfd4039117eb591030892c33a7e6295b8272eaee092f8b97d5a541f
NMT,normal/train/0000490.edf,7305232,405d992bfb09ae5acf2c5b4da481af54abcbbd3600975a3ac8c8bf084fe68187
NMT,normal/train/0000492.edf,5289232,d3c8768275547716fc3beb1f5abcf68f6fddba3f4514d6bdc52d9e0c7b17c2ee
NMT,normal/train/0000493.edf,3626032,b04a7aa7dc6fa84469013b6bf505024b333ad59b3c2400d0f6a18e6e1a60c231
NMT,normal/train/0000494.edf,6314032,f3cb81bd1f8a7ddc90bc443f74ff1ba5c481e0685550a63fc7f8a918474ef6b7
NMT,normal/train/0000495.edf,2576032,ecdfa305764364963c8ee8283ac73e13e754046f8861b0e73e5c8847f6af6cc8
NMT,normal/train/0000497.edf,6700432,953448b699345068c4c52bb5d0e42528bee41360f5c7cdac615ba45fe43a0fb4
NMT,normal/train/0000502.edf,4365232,08df2ad9f3cb996e9b7b9b5d96a044792e75eb08fe14ffa7863dbdce590923da
NMT,normal/train/0000503.edf,6078832,b2f0b734c8834a33ac7d7a718d2dd5330defd638c4939ed08ec6af00d2667ad2
NMT,normal/train/0000505.edf,6498832,d93441b26e30068f8e58791d8a31e6b7b385ec063085c236495b900390140bbb
NMT,normal/train/0000507.edf,6431632,12e8e21beb298be20a4a855a3b90781b8e9ac87c7827d94e09ba875c64b7d864
NMT,normal/train/0000508.edf,7372432,a5c44633299815066a1ca6a204810cad4bb1c0ad9db5fcf5ff5e2510d7d3b1aa
NMT,normal/train/0000510.edf,6557632,c50274c01558f0a00e54f611640e982f184a22231473b91c0dbe7d318e73cbfc
NMT,normal/train/0000511.edf,6356032,a21a1a2874776098f1a6f2e8ac42c7b7d3715484c5cdf09d1937a1e7fabf91a4
NMT,normal/train/0000512.edf,5717632,d56b62a1fecf6af5a9a7f48a9290ac516e90fde5421bf3b372f6e44d292b6544
NMT,normal/train/0000514.edf,6893632,acec6b35100c558c82f91864bb96db912b3c9a72c2d6876d6398cb8d01c05b24
NMT,normal/train/0000515.edf,6910432,d3e4a3e8e9e9eb8000f1c9a7aa4929cf0646d9aca655bb65f54141457321ac6c
NMT,normal/train/0000516.edf,6322432,fe9010f0bbc72804f119f0536fdc0c06b0363992de492143465a1261449b4f80
NMT,normal/train/0000517.edf,4709632,ea1775300f6b3b6025ae518d06496e0267746f2046455f0556e7c8b891373b5a
NMT,normal/train/0000518.edf,6087232,555f29b2d7fff71ba6e5fcbc71f3fb8fb2a52e37871c616c784f25df9410d2ac
NMT,normal/train/0000519.edf,4306432,6ffc45a1ceaa735ff3f6f4f37b38357189834bc30af372b0f31361b6d93ca318
NMT,normal/train/0000520.edf,299632,b2d0a54b3089e8b16ae51736eeb589a83b1902bcf02b85a8e1ba092492fe4085
NMT,normal/train/0000521.edf,7229632,17c6325655550dc4789f1977e95480ca4ac4aaef69653e2d0e10f2945ec1f4d6
NMT,normal/train/0000522.edf,6658432,0bbe15ebe1665ccbf49d4f43d51ff3e94c2a975e6e9cf27a6d6027d6cd81e17b
NMT,normal/train/0000523.edf,5297632,15a648688bd00076b4d22a8b4e8a0ae6760b1b58575d2b3af47122d0a37f98ff
NMT,normal/train/0000524.edf,6708832,0ccf91d6614fc3803857e8153fbd9e2e4622be74c94f053bab5577a8ab04f775
NMT,normal/train/0000525.edf,4331632,a88ca7f06f3bee3cb0ba1959fea072af00f046cfb5e767009fde9d6edceaec45
NMT,normal/train/0000527.edf,5146432,18b9c313daa3c759bb521551533ab20cec770950aafebfcf2c502828f267bca1
NMT,normal/train/0000528.edf,3819232,afb6d1086233a8954d90abb3c3ab06c6a674582a804f5876ec787b44ff63584d
NMT,normal/train/0000529.edf,7170832,9a8da346050e19b9523dcf4043fd24b67d01025abc5faabd1b4114348c4cf22e
NMT,normal/train/0000530.edf,5961232,44419844cb94a49c8a1cc024ca43e94be01aa14bdc133c00599dc476993339c6
NMT,normal/train/0000533.edf,6658432,9a438382cd91cb312904fc312a4b4f907d4c47d47da7105faab609a9d8f69038
NMT,normal/train/0000534.edf,6095632,d9b4f9b369ba3baee239ab38d4e9796602d0f8ac17ee7441dedc31cdadc882b4
NMT,normal/train/0000536.edf,156832,fa531e96af2d26265f2f55fe274dce79af1092ef4ad11c283df30012a48b4f12
NMT,normal/train/0000539.edf,5440432,d79cc5fc8e3d1149da9d8b869950afd76e13c5a8ef57277a901b735a70650269
NMT,normal/train/0000540.edf,5843632,bddbca7e7b389b63f9ddf9f38841657d1dda9be6699413d592700bd9822fd585
NMT,normal/train/0000541.edf,6969232,d5811942ac1a787c4025f24c7dfed86596f470c3f1887a3645e4b7e04bcf51b1
NMT,normal/train/0000542.edf,5961232,ccd8040054fb9c8884df1ace5fe57db6ec969b35bcc6519ffdfa47dfd80ff488
NMT,normal/train/0000543.edf,4298032,88731d7d4318aa99d468307377ec2a6f6f59250a04ca9162f66b02f0baa13960
NMT,normal/train/0000545.edf,7162432,07b54aa5d3f9f992428452f2b2b8de0f5bac323426064112a60371dc2e46a0ea
NMT,normal/train/0000547.edf,5356432,9db76edfd9d0a9a69535a6ca67af7233731bf2dfe697dd23d8ceff293aa56360
NMT,normal/train/0000548.edf,6120832,b4443ebe66590e4cc38d461fdaabce3fdd9cf70c5edf2563fcb1cf7dcc0a99c7
NMT,normal/train/0000549.edf,3634432,4f432afc65749083f00cf16f75354cc1507d5974125aee3fab57d703b5cbc0f2
NMT,normal/train/0000550.edf,12782032,a364462d3f9a7b06edc86297303e522c96c3a134c715cd3c2cecb0f24fc3589b
NMT,normal/train/0000553.edf,5709232,69652f742536ead348a09f4bca15db6a06c92ab924df38fb4d31d46cb9e9dde2
NMT,normal/train/0000554.edf,4592032,9649fb3b7af69c3b589344d7cad1e18c4a3e7855170bc70ae54933a44bc8a079
NMT,normal/train/0000555.edf,8531632,305eaea3b234d785a827e1121018e5b5d63c90710f2f8c42b9d46816faed6eb5
NMT,normal/train/0000556.edf,2819632,12988c3c2d21f7939b6a7265f6a98b1da0a998e65e31b08fc30ce60a1cd74a91
NMT,normal/train/0000559.edf,6801232,015d12a0d0de6109fab8df35ae812ef9a2b7db5297b3a26ecea4b3a0daab9ffc
NMT,normal/train/0000560.edf,4995232,cedc9257f240cfd57afc6e8ffe7804d8616628165cf6dd1dbd242f621464b616
NMT,normal/train/0000561.edf,5406832,e1dd04d47b025a6a3e7a6918e9471d30930229c776d5482df284d0f6dcb92c9e
NMT,normal/train/0000562.edf,11144032,6daa63d4270be8a63741d565774e866421d301e9b4a753f240392b53a9d5f847
NMT,normal/train/0000563.edf,6960832,c484fa05b51a935a21ca1181639c42529a9e3f2338850b4c62fbf1aaea8350a1
NMT,normal/train/0000564.edf,11034832,471284fe3a3750d6498774c8612bdc08c60dfc5f36de87830c56f42f9b03c306
NMT,normal/train/0000565.edf,4524832,286860af8ceab3916bcff2f954a8c5dbb3460440ba14f1cb857bfd8f01e56498
NMT,normal/train/0000567.edf,6944032,8699e781542e3bf82ee93768a6d6f863ce352de45d30357b0bfeed48b7702790
NMT,normal/train/0000568.edf,6053632,f8523591ee521d1c7169b9f91303a06e602ca12b39034f2fcdac68e33f9c012d
NMT,normal/train/0000569.edf,3147232,b15c7030b15fa3b6fbb454868a77a8697507a2c502692b338796e570eb95b1ec
NMT,normal/train/0000570.edf,6053632,1e4fe1df517b55fdc61063873779f33a544e4b21a18e539a08c4adbfdad9b693
NMT,normal/train/0000571.edf,5549632,8cb073a16c697b5dfbff790013a2328e0a3d623321369600ee98a22ba8af4e02
NMT,normal/train/0000572.edf,5121232,b8e9e81dbcebcb51376778e45b8d19c3bd63a7aed87f15c2e83144797b9e5d7f
NMT,normal/train/0000574.edf,4760032,ebe8504f147e896557f6ae8b29df43dd9d255e911eaf60db82c29e002a6187e5
NMT,normal/train/0000575.edf,6314032,0bab15c0a4ff121dd2a1bff356dfc3977f8bf1362ca656c5bdc36fd40daeddfe
NMT,normal/train/0000576.edf,5448832,8b7d75166bdbf65b03e9694d8d71172a455a0d5538502217ad4015ee21f0ae47
NMT,normal/train/0000577.edf,13554832,b1c321a994fcf60dd10d58b022760de332c595cd57c3b51bb50f9a04a13a152e
NMT,normal/train/0000578.edf,8766832,79c15e0781a29451d51f102a21be83e3b5abb29658c0122239c87150c5c1fee8
NMT,normal/train/0000579.edf,6591232,7bc62a057c41ee2ff2b59d1b846f32ceb636eb6d2b998aaec0cf7bd629a97e1c
NMT,normal/train/0000580.edf,5406832,9ec106b7d7f0fafbfe497fde936aaa8ee11325fa9b7ed019d2f67c9f6fac23ac
NMT,normal/train/0000581.edf,6078832,d1dec7d55b4592ab2e2a7cbf4af0698b1ae5a8b1a9e10fdb9dabbb86938a3d09
NMT,normal/train/0000582.edf,5348032,92c72bf1baca6328ae35c3d3883cf8bc16b83bce79ee1a52b7ec870ee7a97c4a
NMT,normal/train/0000585.edf,2794432,6d6060ba583ba16d2e5462a4f736e9cb80dd119764e96185aebaed2ba7975927
NMT,normal/train/0000586.edf,5238832,2d006114e818fbb757790cdd6a399252d568b22221b8cc569a042e4acc660e38
NMT,normal/train/0000587.edf,4365232,5abe5de7b3bc7c7b2a9743765df83735bbad9b947f805946a39543c4bdbddef7
NMT,normal/train/0000588.edf,5860432,1bd6ddab52c589af6abf3188e2dbf4b1a4004941ebd415d14d83f8fd2ae6bb09
NMT,normal/train/0000589.edf,5692432,1f97343c397740be2e4acb4fd1677f89065886998fd8ff9e6404af17db42310a
NMT,normal/train/0000590.edf,4004032,19e8ecbdbbf57d1031304edf6f4f6132a4c9610477ac99b59eabd03e24abc4a7
NMT,normal/train/0000591.edf,5448832,75e084a1ae15b2a689b3ebed45f8046873288db95f85f840f06ecb59e1b3c0c5
NMT,normal/train/0000592.edf,2912032,2234747990f79ceba4965679fd0547ba1a7e373e9100c7f9c343203743359843
NMT,normal/train/0000593.edf,3063232,97ec84ca8e652a1588817ec61299ce87b847210c01c920b073dae18588be0b8a
NMT,normal/train/0000594.edf,3029632,49040abed8b34308e766f64fc2a0e0fe701deac643b37f6399a7f8d0f8bab1e6
NMT,normal/train/0000595.edf,2525632,4974cf2156fe8518213e3f9b41a794b51a1ac2fe55150244b010cbabaf3d24b8
NMT,normal/train/0000597.edf,6633232,c27230568e5bcc5730ce70e94f3ccf810d99f1c3088b9d4a5c2f6aace1f3f29d
NMT,normal/train/0000598.edf,5146432,fde33fdf37ae7a1fe5452b12e48d51cf640f2090a78c2bede9a2553204327eb6
NMT,normal/train/0000599.edf,5776432,df1a41e953746da0a61c1fcdd3771dfdb864b8e9350274c162f35beec27f78a5
NMT,normal/train/0000600.edf,4953232,2d4a8b939edbcb6593a2e0401aaaad36c7606e6fccc97402b643fb6c0bced1f9
NMT,normal/train/0000601.edf,3928432,cdaeb4d4758ed2af59c07a4a9651eab83fdef6551363708c8906dd6be0fde765
NMT,normal/train/0000602.edf,7070032,3c0b94cf6e4ba559223530226701f742ae7fb559d27b3117eaa78cbdc326ce80
NMT,normal/train/0000603.edf,4541632,de61111e2f232a82c326879d8e548fe1da5a0aa5307c940049a5d4775d278e5e
NMT,normal/train/0000604.edf,3533632,331cd57f8224a0c2dd534deaf3e4175ec0e3cc071b994a00439ad93f14d8cf4a
NMT,normal/train/0000605.edf,5549632,d4c06184fdc6029562dee1c11ef5211a3677944983b6e28f36207d0628fc6e2b
NMT,normal/train/0000606.edf,5776432,1da01f84bb9249fc42b40bd349df44283aca8df9f5ccccf5c9886b83bd2e406c
NMT,normal/train/0000607.edf,5927632,ca02fe40973b2f3dd9327a430a5902bf3b5f4ae92d0162054eeb555343f6441b
NMT,normal/train/0000608.edf,5205232,4deff4b13bd14d18708ca05ecaf9061384e6819d7dbb8b5406f10a1cd8068c34
NMT,normal/train/0000610.edf,6398032,3255b2466a7c1eb0f3ce9a1dd459a8b8cf31896c3deda4728307af3f6acbfa00
NMT,normal/train/0000611.edf,6398032,7c2c3a0f5bdd17fe4219847f9e23a7d8219026cb31a979c63fabb0b2aaef773b
NMT,normal/train/0000612.edf,6129232,f1945f84e981d986113514977b8bbe10a97a602183b62f8c6bce2a350a9a69cf
NMT,normal/train/0000613.edf,2559232,14d79ebcbe0a05de73ae79c514d5430ac5c8f152f263eeb72d01c127b42d1fbb
NMT,normal/train/0000615.edf,2273632,e8bf58014c4e9498f736e7869082c2b631f70b91098a032dda21dbf5d346e66e
NMT,normal/train/0000618.edf,3155632,15d238bd1b0fd1918da4a3d1eaca0e98bf7c8b23788044f6cbb9e967e267bc2c
NMT,normal/train/0000619.edf,7548832,474c5696910cc46978cf6304219bf3109bfb4a716edffd17ed1a0fae60d63574
NMT,normal/train/0000620.edf,5339632,c3c0583e9ed1ebc5890ec15bdf294931c748533625e157a0fb849c20d845531b
NMT,normal/train/0000621.edf,2550832,985d0cd3eb3dac2e457d3f69db4f3796b6456591719321736c5abcd92d8999a0
NMT,normal/train/0000622.edf,4272832,6b378d922c9a4123d5c673d92d1a9363f00eb031452110e6ffcab14ed47a148f
NMT,normal/train/0000623.edf,4608832,530cef6afb39af4ba88640928a8cd984023cc0df33ef12cd4ea783839976dcf1
NMT,normal/train/0000625.edf,5742832,7acf480bc6d0419529cd88e8401d57bc2473f682d6aa4c755b16711dd06139c1
NMT,normal/train/0000626.edf,6011632,5404f5ada57f264ca32154c17ed6b463b9e6c98a353ed825bb8b25901e13c957
NMT,normal/train/0000627.edf,3844432,71c763831d5bb3418f1f0014c31bd8d775f92865aea28bb2472e82b76876445a
NMT,normal/train/0000628.edf,4197232,497dfd722fbeba72914c6ecd7ef2ae1e7e75c55ad47c1815f3738b624291545f
NMT,normal/train/0000629.edf,5096032,876de3f22fb27c5180288cfc35c17f377ffb241664992f2c4ff73037f5070272
NMT,normal/train/0000630.edf,2962432,efcebbdb051c861f0cc104be55bd2589ba7cc4877ff16854a26aa96ac85f5325
NMT,normal/train/0000631.edf,4079632,7ba70505d266eac5c421474c09bc8735b427fd95d866f923d92b483fb50599df
NMT,normal/train/0000632.edf,6910432,bd21da303500854f5a4b149195a7c298533025e259cbd1213ee45126cc169e88
NMT,normal/train/0000633.edf,5096032,b7bb358ce4aa355e51168d406b7602f9badb4ec7396c34983eda84a7d22cac0f
NMT,normal/train/0000634.edf,4214032,48ed7d9248390aee4b38e985e03eeca55de2c85fac5c6e0cb31c63a78c80a4be
NMT,normal/train/0000635.edf,4936432,2faed425e15ac4e081e47e36222fb2a368ee5e10fa6caadd0ed739043395e27e
NMT,normal/train/0000636.edf,12152032,e3d6798801412b82dbed52bc32da76a09099bd1e53a11fc712cfbceea1c60b15
NMT,normal/train/0000637.edf,4046032,6cb2846538bf7450b4157be455355345a870637751623857c07270eae565a613
NMT,normal/train/0000638.edf,5835232,3f9813a2fef690590ddda8ac4545453f4f9ca5aa1082268d4ba6e6034cac65bb
NMT,normal/train/0000639.edf,5583232,b442f6d98e8d9896496913e75fa1e7e740127678db2e50c74af0b946d5e934ab
NMT,normal/train/0000640.edf,5726032,6f02dcbab4d67927e200fe319841bdbf80d42267091dc406303944c2756e9c0f
NMT,normal/train/0000641.edf,4541632,2265ff5bad294b4d73ec0c83915e52a360e1b8284482fe0ea0881e0ce23236f9
NMT,normal/train/0000642.edf,4751632,e050603378e4f1e4bb1ce2dd08317ab01cc48486ee0eeca86868ec973800392f
NMT,normal/train/0000644.edf,6095632,e8202365b1599b72c880ab9935b20b03ab528384b7193d2780057acf8c4cb3ce
NMT,normal/train/0000646.edf,5860432,cff6ca4e070af7a1b5203c2fbd7533da7c848607471acce12dc034201be64f42
NMT,normal/train/0000649.edf,6070432,baa67fdaf0f1d444e4e51278c0cd887b7c7aecbbbf12dfd66baedbab7bd7eb22
NMT,normal/train/0000650.edf,5885632,d94b3207329d6e43a4b1f1fb01e0973915ef9d53214d2e7bcb133069e468319a
NMT,normal/train/0000651.edf,6776032,64dee2ce2f869b6ffa4c3111e8163130b9da0440d92943024e1526dbf625af65
NMT,normal/train/0000652.edf,3542032,23c6be2c7c10ceb4fbdbab76865b5a3e651993d68ac4c6e30ebecf7983b7cdc0
NMT,normal/train/0000653.edf,2408032,ec2baded6f949a4e330dfc25243137ed32b675dd52e47575623759d58f319a9f
NMT,normal/train/0000654.edf,36628,00b653737929e5afd47708e8769fc624088517056147a0f7696e7ee470d95565
NMT,normal/train/0000655.edf,5684032,70b05600e0edd22b45fc727699c5d5fcddabafa60459a7f31fb228ec7aad6b3c
NMT,normal/train/0000656.edf,2550832,5528c0395529fa967a35d5e4c400dc57bb870776866e1ec16732ceda82a75143
NMT,normal/train/0000657.edf,6507232,ab961d92c82aee42ac4d6233e3e0f12745a3e550c13b87f1863c648bfac91dea
NMT,normal/train/0000658.edf,5465632,150a91e3084c2c27c872d9f7e251a4c6ee777cbc34ec9ccb6220e002bb9b1c89
NMT,normal/train/0000659.edf,6154432,33e847d49513d292ed3e5af13bf1c62489cf115a6529ff4786eb18ffe05f95a1
NMT,normal/train/0000660.edf,5448832,c99f141dc53233d36485f1ccb9e09dff6c3df45be7b13b3d1d7f9dcb50009255
NMT,normal/train/0000661.edf,6398032,df7abfa6087071f7551b12e0fc72cd647200974466c9f4e7a2726fc33a7e3f9e
NMT,normal/train/0000662.edf,5549632,041c09e099aaffed02d7c6956d45de21f0b7af4fd8d44e34598a4b5edb137170
NMT,normal/train/0000663.edf,5608432,0c4def520a5a435aba7268aeecce6954a6912e20dce7770bbd589f7ffda701f3
NMT,normal/train/0000664.edf,5692432,1f3712f95b3bdf7f6c828bdbd295a77416293356bac36b6fa20b0f343e0861d3
NMT,normal/train/0000665.edf,6087232,834a88d13b2de80a5874b526b69f7967a737e7f9dde54b91475cea5b1550d776
NMT,normal/train/0000668.edf,4037632,47371454533d892deab2a53fd9ab37d23b59136e77c243b790babb10126d69a7
NMT,normal/train/0000669.edf,2416432,eddee7fa2781eba598e983246d30c435c02beb38cf972afb1ecd6bcefe2a43e6
NMT,normal/train/0000670.edf,5885632,99105abbb1d29c60ff2878e128175b975d8542f8e88cdab93b842fb28fbe50d9
NMT,normal/train/0000671.edf,6389632,31af4356919dd4f78eb5bd87aef20b0bb84daa776dcdf6a05af1795ffd541624
NMT,normal/train/0000672.edf,5247232,27206e6e23c22e6ba8a2c587d70d2ddad3080d6c6d92cb48fd37d442a9725c4f
NMT,normal/train/0000673.edf,4541632,716a8f2c0cb5f3eb145717058a8994d9e1ddf16d39d613d645aa05129493c77a
NMT,normal/train/0000674.edf,2441632,905ee70926d0572fa06bca37b3cd209e19008e807d15cbc711972d30d9c176a1
NMT,normal/train/0000675.edf,509632,8ecac07fe128a94f75a5d4fc8098f0de843538d6138b6df9e90ecac331d74ccf
NMT,normal/train/0000677.edf,4776832,afd38217d092058624d250c78ac126a039f2400e088f48a7271345edf7f0f347
NMT,normal/train/0000678.edf,3634432,4bd27baf6f26982ae1ebe23f2dea1aca1f8bc556fe5128ed286af2e4fce606cf
NMT,normal/train/0000679.edf,4046032,7d5a4db973a5495fb5f42ae7be1635a356ac46d1a5593c9af01047e85f2f2a7c
NMT,normal/train/0000680.edf,6918832,7d0b4ba759dc396d0e65f4f292702f632188f9f5e29f4b790ad69b41d989358c
NMT,normal/train/0000681.edf,6078832,5d46878b1740647a5553997c2b1551fcbf253c21fe25736828bec3fe186e7d02
NMT,normal/train/0000682.edf,6524032,4d0d78dd61bfd0185164a80b90de7ca833c56607228e2e170312566acbde9076
NMT,normal/train/0000683.edf,6591232,6e3b74c72153341e42bd1c0d6ce49841e965748ecf41a2cf7f83bbf69e387136
NMT,normal/train/0000684.edf,5944432,5ef3142592b4d2b9c273437d2cf2c351d27fd1eca1ab347a1de33219863c7e86
NMT,normal/train/0000685.edf,6381232,3372dfe8346e466b5ee3cf0d1a515eff61b6eb122c3b61c402de44ec7a6955e1
NMT,normal/train/0000686.edf,6204832,f479ca4f2f6f28987ff2fa44657b0113cd1ff563506a2bdae06af892db1704ba
NMT,normal/train/0000687.edf,6330832,9f82303722b3f53c6a91c605ac6a1835a0ddb73aa7664797253d3ad157652196
NMT,normal/train/0000688.edf,6700432,375ba6948286019d7e5c819bd3dab458f6c8b05f779e845bf48d9984ab20ee8b
NMT,normal/train/0000689.edf,5574832,9ee7bcada8e046c652af8cf0ecc39e13a50e8389d71da07ffdc9beafa7897eb6
NMT,normal/train/0000690.edf,5516032,4a6eb1e7ac5d0070692f093c9fbaa10359b432c67df9016381d1493f23ca911d
NMT,normal/train/0000691.edf,7061632,45b49ba09ec36e1b23f8d7ab1852a25a4728b64bcb690f37e980dbea7f42633c
NMT,normal/train/0000692.edf,5667232,ebbb35036fc5daa9cddf01fbd75258e0eba5023cb891bf75d69b814d1b3f6f89
NMT,normal/train/0000693.edf,5280832,08371bb0c673de12cc5e8add48773be01d977b29a93149a85a9a5c056e94f005
NMT,normal/train/0000694.edf,5978032,e4284a8b74fc30d15240971a42b03275102e91fb51efbe37f338e63d1279b398
NMT,normal/train/0000695.edf,5902432,442b537e9f9b3896a393f7300ab650a2e27aeef88db07fba51d12097c13029c2
NMT,normal/train/0000696.edf,6070432,29ccc5eec1b8698e1a52edade472c8fcfc14f5bac0b12d1891955387e1a5516f
NMT,normal/train/0000697.edf,7758832,23266252f998106a24f475ca98ad5f726d869f94783fb494250f1e4c25035149
NMT,normal/train/0000698.edf,4550032,4ab9d9839748876837d9a415aeda617a8500c02e025e2071bcc9e5105d7e73c5
NMT,normal/train/0000699.edf,7414432,f093b822038dc93d948d68805224b84f9535628336176e59d149259dd3bb263d
NMT,normal/train/0000700.edf,5650432,d8c9462b662563a65f854a6ebae4dfd186500f89c3f95e8be99d217e87a2b639
NMT,normal/train/0000701.edf,6389632,26ceb26888c69a803c7e5a085d5a0e3348ff12c59ccf6a2370d7ef192c8b7d21
NMT,normal/train/0000702.edf,3894832,f9c490e382a7e9e79c47354a0c006f57455718795176fb3a5a11eb23eeabcb75
NMT,normal/train/0000703.edf,2147632,d037346692f4ab5b1b8729648410f8a1a1d15f1805fdbfe6736f041e1ebb0ad1
NMT,normal/train/0000704.edf,4155232,3d7c436ab0dbed5acdaedcb759492ae533661d65eb7bc10ef453d1e919b15469
NMT,normal/train/0000705.edf,6566032,0b91fd4375ed0a986a473c2f69437b044a24d4c144aafced2dcd4212a0dcd641
NMT,normal/train/0000706.edf,3584032,0587c9c4c51a1456bb4f8af803f3253ab2a89a6fa65d91b165006dd8cd49d7a4
NMT,normal/train/0000707.edf,4054432,f7ece493e9da01f14d3b9744059f44eaae5932c206900fc51d28dfd2c3288c79
NMT,normal/train/0000708.edf,6078832,7d29a3731aac0a9035cb85f476b1551f995af0eae861f3f2cf67d49f9064ff5a
NMT,normal/train/0000709.edf,5566432,72adb74e87a8c5183de821b1cedfe60dc09670a647523551ac0b82ef145cab84
NMT,normal/train/0000711.edf,5818432,d3c24014fc7cff297811025549b6031e1ab9606c36b890b3c5993cffe9a5ca19
NMT,normal/train/0000712.edf,6305632,02915d51e8ede47dcdd57496d605e7840f5ce292200bd4f23a0d4f834768d220
NMT,normal/train/0000713.edf,7263232,1243fc2299eb32081fe8c9e79a49e674c4ce70aff9105d7f64b37e8ec6c4a25b
NMT,normal/train/0000715.edf,7179232,c0a471844e7a04a3dcff71f730079a17486ead18ad3cabef3e0fd5d23ce9ae91
NMT,normal/train/0000716.edf,6465232,f05c68be5733cbe1c7e073dd9fedb1bdf7f9b4d224bb8db3cd9d83a97133e2f3
NMT,normal/train/0000717.edf,3768832,a1e29a1a5ffe0f8762e3af2ca4d2c07a6a8faf926a92ce3a72dd6ba2dbef671e
NMT,normal/train/0000718.edf,5574832,2ac0ee79836076b2527ebb89042b2c7fb5b8f1e08a8357000c7c57c38517faee
NMT,normal/train/0000719.edf,6356032,19ab471b9a1509dff63ba66ca6ab37917f11b5967ec9e15787271ce3a458f235
NMT,normal/train/0000720.edf,5247232,f022f9fa03e1b2742ef94adf8785571a12cc7e64071389ee7182de74b7393d94
NMT,normal/train/0000721.edf,5482432,fc27a3a7d30c847e6dd2f901412a2723967713ef0df060ac1a3d116af82b3336
NMT,normal/train/0000722.edf,1005232,e1723b3d9189200ecd2643b1a9bf506dcd503089d8ad75f7419e045ba38bf3f4
NMT,normal/train/0000723.edf,4844032,7378d51bfeb9d527d349f69bb59842525f7053d3b9b1ac01d36cebc234ff882a
NMT,normal/train/0000724.edf,5759632,271a1f72b26d7681cbbea94e1ef0838144527486458fad694f69ec3d416d86e1
NMT,normal/train/0000725.edf,7456432,ddfc61faa70aa459d66a178201f5b5536aafb95d8de54630e6c092fefea1e680
NMT,normal/train/0000726.edf,5642032,a2b4fc29b236f16afa8ea271bbaded42fc9d40738391111a15da686cf5f2e41f
NMT,normal/train/0000727.edf,5919232,2825f1d65f01c1ee02df7b45c2fec14f7da4ed53436352a997189978ce9c0e2e
NMT,normal/train/0000728.edf,5776432,2e30ef52384cf0496cfef21ae0bad4dbccadc560af6ae1e7ab0f2efe370ade80
NMT,normal/train/0000729.edf,4844032,f7e21b371293ed32ed541e004b2ba6ec7eb19b36ea60f61b6f1eaaa04eb8f862
NMT,normal/train/0000730.edf,5642032,6adbee4efed831e83cff7aacd96e3b019596ba926c0412f6e591cafbd2fd1667
NMT,normal/train/0000731.edf,6087232,4fb8fba22f59fb87a5360d2bbb1eaca9244b993dc7389dd06140c3595123b03a
NMT,normal/train/0000732.edf,3701632,933f830fbbe8c449634a54b85a89967eb8e4aa628ae6d275f8fe42ac9a2f387c
NMT,normal/train/0000733.edf,5322832,91e461740272ad2414b92da12128b0bbc1b54ffb5b25fea01e4c7d317e3f2d23
NMT,normal/train/0000734.edf,4382032,d650dc113ed007a1a326e7afdc2e67f4301852251b34eb12c1dfe6d74a18cb19
NMT,normal/train/0000735.edf,2567632,5f22ea4c4ff202c10577b383904f9cc09dcd5b53272f9e37ecdf65832218dda5
NMT,normal/train/0000736.edf,5331232,9e707262df31eba2a1db4b38807209f2c0789d378416188a4ded1b189e301532
NMT,normal/train/0000737.edf,6137632,6e5f3e5691b509ad97e61c4314b5749e52788417764653289cdb5c8d992ded1f
NMT,normal/train/0000738.edf,6154432,f4a1d0a8f25eaf528e39c1c97defdc32f033126501e2b5a2c7a2af193695064c
NMT,normal/train/0000739.edf,4239232,7bd8ae9ad5b457850dcb7dcd9862ec67a83a3a376086a255cea17cf439c00d5c
NMT,normal/train/0000740.edf,5045632,5ce248f87285e9af60f007065147a54906721a87e07c45476132d552151b2b38
NMT,normal/train/0000741.edf,5709232,ab741e6630601963bf258a1988fffe683d5f523581f9285727baf3e49ea9eb84
NMT,normal/train/0000743.edf,5894032,aaad01a2a5579180f341743aa8e58e700ef25f33a6e91ce9148a7a029f2458e6
NMT,normal/train/0000745.edf,6717232,b681bda0a2ec0286cc6a31bf3938b0b9c2157cf7df5ec576a4f301c9b697aa70
NMT,normal/train/0000747.edf,3701632,2598aba3518be781dae8cbcbc8475bace72f51927a5f71f674b9ffcc0405de96
NMT,normal/train/0000749.edf,6053632,9e355132c4614b18bdabd49c42e64e58f6bc55f2505f0011a2eb2b07a164963f
NMT,normal/train/0000750.edf,4071232,2debe9edf87ab7321dd377588c906ab807c2a42106a3e3b691f333edaeb0cff0
NMT,normal/train/0000751.edf,2618032,13c34a8c3ffa8cd660dbfd6d4cb216d9e04da95e2f6e6b42472d25751d320eb2
NMT,normal/train/0000752.edf,5423632,6d43c993f68aa8f886d9f64398e9b1207d172ae489e794736a0e1ab6fd3fd2d7
NMT,normal/train/0000753.edf,7994032,eee49d82e9acd315dfe851df45d33bb34677455344ca165375453a9fffa37668
NMT,normal/train/0000754.edf,6759232,c91695133e2d4f92868916c439fc1944dbf4e1a5c755817136c8a7b9e5aabbb6
NMT,normal/train/0000755.edf,6070432,48ecc2e3c82c9ff940fa7a5cb1b652dbdc1dc50ef993d4fa10d3624c19375a35
NMT,normal/train/0000756.edf,5331232,0907b772aed23b0262f2b232d854a46fa7f1370d127ce38eb0139afa6ea5412e
NMT,normal/train/0000757.edf,5625232,11dc58da20c5bcc60d922b02cfba7536c09f86f494fabb61605fa01b729ff74f
NMT,normal/train/0000758.edf,6070432,b7c290ae4c30207ebbc46b5fa33d54747c67c40516ce099db8eef0da0d5eded6
NMT,normal/train/0000759.edf,5650432,294fb9c59ba3a6ac202286b81d6d4f9d23f2da54107ac44bf169b102e58233ce
NMT,normal/train/0000760.edf,6255232,46978418e50ee017e4d63fd53917ce346bcc12f7471ac2289fec2a8425cc3e83
NMT,normal/train/0000761.edf,13151632,3852c74ffc9f64c6029c0ad0d9cae66611b63be21a72719e6b4f55c9525ab9d1
NMT,normal/train/0000762.edf,6188032,370e8502a68b3987ac63f2dbc64d81d8b2cdca20a61a3753000a32f2b106b3f6
NMT,normal/train/0000763.edf,5675632,8a477fea6b868284971df658472f1e8d60b8df2a56686636ccc51db7cbb5d731
NMT,normal/train/0000764.edf,5541232,7d54590c540c096af855d6644f91b9fd17a343016d832e71a3c4b6d45de9fbb2
NMT,normal/train/0000765.edf,5700832,f344b1688f369cbb1e3e2693e760e13154c777addb2dfd884b7d5b47449453d0
NMT,normal/train/0000766.edf,5465632,8e77d36445c0eb9df310394cbe43e4dffba909c046a6d9cf81b994e1f53dc4f7
NMT,normal/train/0000767.edf,4785232,66256c399eb940711342a4eda9dc9af5b36657b4e1b1f4fb29016b24abafb7d9
NMT,normal/train/0000768.edf,5381632,5f8db4759b44340b5ad8dff50c72bf1a16a6b51079337dee55e50f3908eadd00
NMT,normal/train/0000769.edf,5440432,17ee9e64eeba250b2f0dcae4fdd5953647e8c293d5b2db4c97e4c4f1fe173b5f
NMT,normal/train/0000770.edf,5717632,f9c7ad8f5b6202eacb6481e0dbc82cb392fe58db10cf869a8b5611a94b4c15d2
NMT,normal/train/0000771.edf,5045632,c608cc6a1ba4ca42b69fbbd49de4b386bfeadcbedd69c56c688bb914238770db
NMT,normal/train/0000772.edf,4541632,0ba0ac79a9241cb8cb88590562b6460954c0eda779dd333e3a6cb2a7135265f1
NMT,normal/train/0000773.edf,3416032,ea0f31bf28987dd4174edbf0bad8479343ac81e199bcf912ccbde8aac5337015
NMT,normal/train/0000774.edf,2559232,214289bf46ecfb22d89eabd2976fe93458b21bdf13f333bb59c49e8322e8d49b
NMT,normal/train/0000775.edf,5894032,2b8046b138337846275d5a4d81b9ce07e904483a91633a4a7b08d0d2f9383d12
NMT,normal/train/0000776.edf,4541632,32299c02773550399f3928d6c05516569212b82367309b5cc444fbf2ae9360fd
NMT,normal/train/0000777.edf,4802032,74912b7a39ab325d871c92de91695d71f4a4fe1a0cfe7a7ae1773e1fffde41a4
NMT,normal/train/0000778.edf,5524432,a2b1305e018f30246d9e9861988bde0619bd21e5cab53308486039c3f7506e1e
NMT,normal/train/0000779.edf,5894032,3af9823f9f5c12fd61351747f2ebfe84bece1434c27f11463ceec50148cca43c
NMT,normal/train/0000781.edf,3978832,bf644b5d1b2f5a57ba470bf7289b338092894a27221e377550ea1814801b844a
NMT,normal/train/0000782.edf,5616832,a703671cb623f45d502b02ee10e0ac81637f87e4f70580b9c12e0f8f2a332d61
NMT,normal/train/0000785.edf,4096432,85b5403847af1321d1b18e0e2c14871d971914a1aa0f735e7f5e6fa6aa40aeb7
NMT,normal/train/0000787.edf,5079232,b57f62095064934a89dc54f76be03b2b0cb32ec7d14b627e872b0c76ac995cd7
NMT,normal/train/0000788.edf,5045632,260b56104d5e51bb283f2c30f6ea76f9518e288bd9a9c5b19140c68ad4cefda4
NMT,normal/train/0000789.edf,5062432,a12b7d46e2126d81f3d0462359c3e36734dbc01ec24c57e4b04a1678806360a0
NMT,normal/train/0000790.edf,5406832,b1863f22414dbb0f54bc005ebadc1336bc1ac49a21284cee1e78be17940d0f79
NMT,normal/train/0000791.edf,4768432,cbaf9a7ceb7d14ae64070fef1f4d38d17b1e801d872a38e3072e9c2a8fcb82f3
NMT,normal/train/0000792.edf,5196832,971ec5f72ad941ac7ce920f5ce8ee4228b4557b05876958c85da7c343c622a5c
NMT,normal/train/0000793.edf,5625232,f257417d67e8d010bb344abdb67e7ed7535ac6cce16d71641b89f5bb35b6e6a9
NMT,normal/train/0000794.edf,6742432,5b41945f54885a45d9f3aab6c10e389ad99e27e50328967a924d18b2fb32df0a
NMT,normal/train/0000795.edf,5675632,f1672c31fd3f62a92525abf574709eecfc78c74ddcf1e138aedd545a693582cd
NMT,normal/train/0000796.edf,2601232,9992ff5a1f6fc59e10ce1c5dba7bc9b97c94eb69a2ffb1b16b7d48d64dd4c649
NMT,normal/train/0000797.edf,6448432,3ebc1ac1e71b231d11ff66ad34351bc96775c40c234139742900c18b61553a96
NMT,normal/train/0000799.edf,6062032,25bd8e5d9094468d9bc70cec5e076c24fe081189a7e0427e0375ae84ac11b380
NMT,normal/train/0000800.edf,5675632,6c7e2adc74625d5045979fa957f6eca6a0e463337b7845f3653f92db64d66273
NMT,normal/train/0000801.edf,5726032,108a314c739eb39a981381c0f089c359e4fd82e2e24f3c72e2a2f0afb3651d47
NMT,normal/train/0000802.edf,5692432,17a08f60ff88c7bb4b8f5fd8a99af364fef22cbe8498bf9641a421acd8e2585b
NMT,normal/train/0000803.edf,5322832,fee95a2ae4da44dd926862690b45673cf05c86692557ce08d972748fad3805f7
NMT,normal/train/0000805.edf,4424032,c776e0b1f05ffbfc23da288389985fd87e344c49f3dc4af5048f3bea462ec9c5
NMT,normal/train/0000806.edf,7775632,17ef65f9713f2e24877f5da1dc89bab3cef12cb9115778e76250c137000e410b
NMT,normal/train/0000807.edf,4844032,fc110760552c08f8962dc5c70c6cb0e4fabd17c899388ce9e7e8d647f594e29f
NMT,normal/train/0000808.edf,2828032,f50e12902252d262e712d7bbbde63d3890b802bb23f3de3cdaa7faa7dfed8759
NMT,normal/train/0000809.edf,4121632,88b48190c3c6d3655a12ab4eeb263330998e9fbb240d9d248f399a987ec00fde
NMT,normal/train/0000810.edf,2643232,78c3abc51885a5a1ea240c1a9c9dafa744015738ca47150c97c866cd732553ad
NMT,normal/train/0000811.edf,4239232,df8e121e62e79af7ef486600d8353cb8b7469cc4303b01261c8ba75925ccf31b
NMT,normal/train/0000812.edf,3533632,5e1eef454cfc2fe9a78dc1b89ca92b981a44bc2bc43aa1820d547236609486f1
NMT,normal/train/0000813.edf,3861232,6517cbcf5ded1f9c2bc18a6033b8ba9d544c47594cb1f27c60b0a925a2b88922
NMT,normal/train/0000814.edf,3474832,6f5f21747fae995ea6334666757eb4b7d4fc78916be67ed2abb95818f3626621
NMT,normal/train/0000815.edf,5062432,f9015c3cd9d763e67592ad24d6a2b92f8a0bebc28c8f89bfdb5b720d93a663b2
NMT,normal/train/0000817.edf,6196432,77403e1cd3859d4298a9240218fb62d00387e6f0ca235d3fe2714599adec3ec9
NMT,normal/train/0000818.edf,6406432,cdc0d27ee3696b621439a5e2a75afcdf6c16e44596fb58fe46d9d4c4551d715f
NMT,normal/train/0000819.edf,5852032,9cbdb650bc033fa5460ac09fa9daa42f2ada751d732fa54fd94019e61c96963f
NMT,normal/train/0000820.edf,3802432,15b18e625105326c0289b0e27daeb38c6fe735e3db57f3ed85e62674fcd2c396
NMT,normal/train/0000821.edf,2912032,e241aaa77467b0596bc2e7298359d8081691e9e4640002bb503d4b3d0639323c
NMT,normal/train/0000822.edf,6834832,72e8fc9c1446a95018a3281a3ff217d1020a977c6d87edf2e783712fa22d5b59
NMT,normal/train/0000825.edf,6011632,5b04b14e3a14368e1a55776d02514f3f19d58790e7e04c616b04bc3964c8a1b1
NMT,normal/train/0000827.edf,5507632,9ed2f5f091fe32f3757417ff31877997f70d562b6f23d1bef3bec2f444caf108
NMT,normal/train/0000828.edf,5390032,29ca66addc7ff071b249fec74a34c85931aabcd9f830546e307c6e8f97f081b5
NMT,normal/train/0000829.edf,7364032,d2e185aa3c0795149f4bea63bd3962c372520d4558cb55851b76f03270a7c70b
NMT,normal/train/0000830.edf,6549232,3e2fd7e6cca1e91b5309bc1d1668884eca05a0cf050413f20bd94ffd8443fdfc
NMT,normal/train/0000831.edf,6087232,b0db67023d21d78763c3539daed390cd1fa3d5cc1ceddb29985ed40b1b09fa6b
NMT,normal/train/0000833.edf,4037632,34ea92f92c203dcc8de535919eee5427faf390c21cf672125d7cf01578677945
NMT,normal/train/0000834.edf,6599632,907fa64ef790431e0a3e4e67cf04525a66d3f2cef747104b31a418883f1f5a6e
NMT,normal/train/0000835.edf,4718032,34b7ab7ce59dd13dad3507624644a068449cf38473a03d5f1e0487fd6114389b
NMT,normal/train/0000836.edf,5474032,8e00efd63d7b19eeb2b6e6ba5b88287ffdf64a3ad71fefd1947154e765d2ee23
NMT,normal/train/0000837.edf,3592432,ace37b5bfcef9b65f7fe691b9042d17fe188f265cb70d8a133cb132380cd1d42
NMT,normal/train/0000840.edf,6893632,29603895744c4e5fde06a7c3e2cf60c2ea05f88c335093c93b8238b7b94cb3e8
NMT,normal/train/0000841.edf,6162832,6a9660631dc23d02b60aef9ad699c56cf385d3000ab0fdd277e1e96ed6469e45
NMT,normal/train/0000842.edf,5348032,c887f917d2804c0ee1972f3adb7d7560aa25a6bffbc49a88e913b18cc0cc9d79
NMT,normal/train/0000843.edf,4886032,98d4dc43dc97d99cd9caf51a8e77f6975fac7be7eefd6ec0dd43c1159c455a4e
NMT,normal/train/0000845.edf,5658832,3558d9ae5609c8c9b05d5b1ef0ca906747a8847f04ea92adcf81b78786e9a174
NMT,normal/train/0000846.edf,4625632,0dfa2d612c3c3df08db05de86f08df36edd8552cdc9934a2475f6c3cfaff1e54
NMT,normal/train/0000848.edf,7103632,e64de2d4c025adc7086410b7cd10de52ad7a15cca755433febced5eae05921c5
NMT,normal/train/0000849.edf,5936032,e7472c08bb999e7a8cd43e32cf5d719a5c8e5b2133d7d691d0a0fd5fb3105efe
NMT,normal/train/0000850.edf,4944832,d7a3ed7c2ad905cc5f3942c5e42192552acad94bf2c94ba3c91c8cb72d782b55
NMT,normal/train/0000852.edf,12698032,74c017dfd5ffa9d28c8a6c82aff531175905d02daabce17f977ae466a6f5424f
NMT,normal/train/0000853.edf,5381632,456104095b988b707abf5f8935fd4eec520d93401b177c232a3977dbfc9a4e4a
NMT,normal/train/0000854.edf,6935632,9c08951a57e64048f5b744852afbf12f05b6beefe9a3993a4c33ec99b6a64b16
NMT,normal/train/0000855.edf,5986432,8c86a74ff31856c37b374c861ab38dc2463effb507c1cb6269a36b188a4e848a
NMT,normal/train/0000856.edf,5087632,54131a170af269a88d0609dbfb2938afceb3fbcee72f2d35dc23a61279db9208
NMT,normal/train/0000857.edf,4970032,617f83d40aaa25db43ee2dfc8016e89ce11c74ac04ab56a22f369d62da090d9e
NMT,normal/train/0000858.edf,6314032,f960a365a30c9465c008adf0ac987355591d795d2d2b70f31ce9ca46673e4c83
NMT,normal/train/0000859.edf,5952832,b64cd3e9b0372ab5b810026ac2c6fe0cf03ea70d74e1a7a733b94306966e9943
NMT,normal/train/0000861.edf,6062032,508d30a7ccd13c505dae94795da34f3b8be6a73802cfbd357993c4f609d8c10e
NMT,normal/train/0000862.edf,4776832,d9a2ff1c269729b0ee9343d1f7a584e99aaef769bdb4dec79a6004b8de10ab31
NMT,normal/train/0000863.edf,3836032,75e7a579c9c0bff43be921ce905844e1975c9f983ebab51903510aa29d4f5136
NMT,normal/train/0000864.edf,5247232,547422df985c4f5b8fb6e5ebca17e433dc568e4cf9255c593bfd5648b9da2520
NMT,normal/train/0000865.edf,5415232,123001cb906904b7e7672f20d77ab69f71f890e65ba5356fae8620f236e1fbee
NMT,normal/train/0000867.edf,5852032,05e04efed54262a767f6c6bbe8a3c03ba433c3c636cf6649ffeba39326bdfd64
NMT,normal/train/0000869.edf,4625632,cf37aa9393b9846817230fdf8e497f8c321ae1ec9fd6645a84936e14cc48f051
NMT,normal/train/0000870.edf,6776032,f633a5c15d3d26a9ac64666da283d65eae73c680c83d64d2e9cbd3fc553d3fef
NMT,normal/train/0000872.edf,5768032,7b81a0b9da87dcb26e272c68fd5f59a4b73574b3c48cc7b52ca626cf1675e070
NMT,normal/train/0000873.edf,5457232,a52b91a53e93f2fbc9515894d856954e595eadfabae9cddd5d827c974abc218d
NMT,normal/train/0000874.edf,5843632,1a1003a11b41bc1d226381332ea45fbf8ae1483a8a5390e19e9f616c3f16e298
NMT,normal/train/0000875.edf,6272032,ecad380684a8cc94e4bd0680696225712877c71f6f7dd0abdc92b1ecac3204fb
NMT,normal/train/0000876.edf,6927232,fc04e475a25dfa0f7092931a9b7365034443e77f3225b4c034bf02488adf590e
NMT,normal/train/0000877.edf,6389632,597f2b8a1d5f20a5277348bf08706bed6531b064d233a44cf2bb673b301eb3d1
NMT,normal/train/0000878.edf,5448832,b3d621ed861112b684a431bba4203772d4f43a54742d72e0945b4c3e6bdd3a4e
NMT,normal/train/0000879.edf,5667232,e9fb7a1cba17a0018e40379fba3bf5e6fc942f018ee98d72bcbff90a8731b0d7
NMT,normal/train/0000881.edf,4298032,4d3ca16612d8931df386d813fc93a41b646b2441a6b6e7e4b968ee9ca3fd6684
NMT,normal/train/0000882.edf,4726432,518430558b9cd5c77f979350ebfddc1333f46b0d86749a3c5ae027d2aa0c8687
NMT,normal/train/0000883.edf,6347632,55ab4d17a98379125df10484fb7b158169242e63f46794150b954fbcc90eb67d
NMT,normal/train/0000885.edf,6381232,50ba980245e606b70215587e94b100de8c7b27b0be089d72abdf5bde32cec4db
NMT,normal/train/0000887.edf,4625632,7625eb470d85ef11033b15d06a65f998e9bf9db31bcc794aa12623b0c8526344
NMT,normal/train/0000888.edf,5793232,05bfc1d99d080a43279330b426b181ba955a225330e79e2a677667bc8d6de7ef
NMT,normal/train/0000889.edf,5280832,95594d135c4e909626bbd7a0d2074fc3c44479634df26e4ce4ce6b3300c73ecf
NMT,normal/train/0000890.edf,6095632,7776931f5c6aa666e121ed78428484142cafcd9c5037688c1bfb488fdb0a564b
NMT,normal/train/0000891.edf,5952832,8436ac8403685d555173feab11dda5a83bef550bfca55474f8252e6788fcf183
NMT,normal/train/0000892.edf,7028032,ca6feb48822176a416976862e2398e9f1c6044c335b8a344e4afef4428f1d173
NMT,normal/train/0000893.edf,4222432,26c1bcfc8a9262cab001574f83f9c16c88d17ce00241725c91a6040263eba0c3
NMT,normal/train/0000895.edf,6154432,5ab17be1d1eecb66adb27017a471d53c82e2a8653bc8e764504715416ac31927
NMT,normal/train/0000897.edf,6305632,6f1d51829f724dff99a658b04e40123603d6fadd7b71c9572d9e4d7d6a975158
NMT,normal/train/0000898.edf,6322432,ee4188b70e7fc7edc456f69125ad96873dfbfb05e67b354b466b56ea8c0a444a
NMT,normal/train/0000899.edf,4852432,245c2e2521753c1760fd3f9e492f07a549e1480a1459c7a578e3d80734ad0f9a
NMT,normal/train/0000900.edf,6406432,e367ed0eccdf14baafd908cd00d988c440be20979f320604b5017985d6bd6ac2
NMT,normal/train/0000902.edf,5692432,1441ac05920d10564a1e4708886c0ef3070b6b67bde0429dc7d01ad89c0d06d1
NMT,normal/train/0000903.edf,4718032,5aeff995809772c133fb12678097af4cc756f9850e9c7dc1ae483fea82392463
NMT,normal/train/0000904.edf,5885632,1299ca067b32c6b038ffae734f01592e88b87c5f2e912a35288a000c785aac04
NMT,normal/train/0000905.edf,5826832,2b227f3da39ed0a5eef5c14045b5dda81fc53d6589aea54ecc369398960827a4
NMT,normal/train/0000912.edf,7548832,e048e59d3f0d3742a34941690efd4ce11b7b2be9e0302f79b5a06b7743b1e632
NMT,normal/train/0000913.edf,7061632,bf0cbe48c38ebbc2c622117c0ccdf42f6d6ccd407536aea275e0489c1ce07f8e
NMT,normal/train/0000915.edf,5121232,77eb132a86b4e9afada00f6b5553a9dfcbf78ca88988ad83f045922c0c3b8271
NMT,normal/train/0000917.edf,4037632,213e91227de5624c300bdeddf3f9cca233eed389878f54fbd324628808e54fc8
NMT,normal/train/0000918.edf,4071232,d2d61ef205829a60482bf222c629a9f995a39a28815d0fc21f0f6dee4475e7b6
NMT,normal/train/0000919.edf,2584432,bd01f3882460900db992675e0e6ea93eeab1ae18a955d3257e6ac8661d670b74
NMT,normal/train/0000920.edf,5062432,06bd088c1a4404829ce65469d2714bed22309b7fb646c0ffa1437332c58c2816
NMT,normal/train/0000921.edf,6288832,2afaaa18b0b84fa7d8020e5bc820b2a9d59d2ef2c2842174e995ee6eaef59aaa
NMT,normal/train/0000922.edf,5726032,a7196632af23f2005406c637ce916dc20ae8a2314a3ae7fe4ea8332af70acd02
NMT,normal/train/0000923.edf,5952832,2c88db2ac8394bedfa8f9a0d743b7262458406395c594451a338bd6fcaf3a836
NMT,normal/train/0000924.edf,5616832,210be72d628a4e23f82804a45af1fa7438d56c4c058bfc1df058c6387284bfd0
NMT,normal/train/0000925.edf,5700832,6e109b74b988a6191c8e45ab14f32c3f86c0510528dac58b4c6c5cf1e72a904e
NMT,normal/train/0000928.edf,5885632,bd497592634b311a6de0d33ddb27727c25534b48e690b886f6cea9cde8907af1
NMT,normal/train/0000929.edf,4986832,2118a678db416de9890d4c48594d25c2ce70010af2f60911aca527e2560da585
NMT,normal/train/0000930.edf,5171632,051f10d19fa0f16f00d86363e7748af5e5d86af583706f91a97dfa9aac0bae81
NMT,normal/train/0000931.edf,4617232,44af9b41d23945425b4cac37e730d0cf9a5fac0b7cf81088c63fcbdc9576d9d1
NMT,normal/train/0000932.edf,6675232,66375b904a45932e7965fa2e9391fed1083202462aeed19dbbe3490952f0dfbf
NMT,normal/train/0000933.edf,5096032,0904395f28cfe4fd3d520bcc2b1f7213e154b25790205529250e729013ef2cf2
NMT,normal/train/0000935.edf,4944832,675a8277ae63459a6836acd019cb686407229459e2e1859e7b403fc3a13cb364
NMT,normal/train/0000936.edf,3525232,1e4f0684999604759190211070178dae9b76cdb985cfc4bfcd3c818f640ec594
NMT,normal/train/0000937.edf,5138032,a3b942870e52108d123ded708aebc998ab70e11b673d8b5ae5b6ce18dcdb7b10
NMT,normal/train/0000938.edf,4818832,6a7ebbcdd458cb65a9a05001589dfc6d3dac22cd06d86bd32d1c227e70635824
NMT,normal/train/0000939.edf,5524432,c1eaf7109bf34cea93b06020ef056f401ca40265a6580fe9df81815b20bf719c
NMT,normal/train/0000941.edf,5129632,51808ae60007856b6c96dbe545ae24b6cf983403d292020bfb1c6018c74f0d32
NMT,normal/train/0000942.edf,6230032,2ee8183bb112cd08f5e4ec6a294687f27533e6e1bcea4340cd5b99d3ff47b626
NMT,normal/train/0000943.edf,4944832,4dec29d5c1194ed221a346f17392725d3d57d233360fe79f283881c9ce2852ab
NMT,normal/train/0000944.edf,4592032,53739dee17cbba9586beee046468ba86b40e0401a59dd856665cb03c624506cd
NMT,normal/train/0000945.edf,4776832,5664408d4b5d8ac16739bc166709dd86c1170d80349aef23613376dcf95ceee1
NMT,normal/train/0000946.edf,4037632,88a578e59da652da5ed05a403dedd23574940e7f392dc9eef45e1bbc459523f5
NMT,normal/train/0000948.edf,7616032,0381b8d4bb885fbf678c83481c215c1d90fde91dad4f2e21b3fcdc668c281478
NMT,normal/train/0000949.edf,8388832,aee27c57c507ccd538ea6dd4eda71b2fc3be3eeaf920c98667633b0067e20772
NMT,normal/train/0000950.edf,5532832,22f8e6c7f44bba85f570ccd2c19f4273ddb662e88984424f1fdcb0a9c1528e36
NMT,normal/train/0000951.edf,4810432,5412e0f29bd11e71669fea0ec253812858fb2491494388f350d859fd9cdfbd6e
NMT,normal/train/0000952.edf,6566032,cac992125d0bef341d0cd29fa5914f541f3e3051cf6839c1eb58d3f697225f5e
NMT,normal/train/0000953.edf,5104432,9b85f91f267a3c3eed919f10de9737eed99e4b01becb30afd31bb54992912af9
NMT,normal/train/0000954.edf,5079232,6f64cd25e02fe4549e5ae54306efd0ed09b4f4fef27f4d7110042e5d872720e4
NMT,normal/train/0000955.edf,1223632,f3814e754f6e0e5049fe27791e8c95b5067689e3cd3c527fc6d908d4b629a971
NMT,normal/train/0000956.edf,4558432,33a742113d4519f2112241bd34ea917f975098bcbe3257524dd847eb6e69ada5
NMT,normal/train/0000957.edf,2828032,2d4143af6a82275dab7e0bb99fe154874d90e7a7242a16b59e9133e0f2e8db4c
NMT,normal/train/0000958.edf,669232,85790d3f32f89c7168f8a80a5d9c3dbf616018c9c9bf035cc70c31f3a7ffd46d
NMT,normal/train/0000959.edf,8153632,4c8a69f67aec3faf571517d4feb4ecd671843f97997cea3655ac3ac5b6c503a4
NMT,normal/train/0000960.edf,5457232,5049caa4a192a0e727f8229cb9a90a1b46e69ff39a195428c43e96c76d88e288
NMT,normal/train/0000961.edf,5045632,63aba81c8af1d27acef4f104720bcb49681bbdc1affb21e7c8f2f0e021d85fb6
NMT,normal/train/0000962.edf,4558432,ef938ea5baa5b85d22e6f5ac3615dbfabb5bc3f38b516437f49dfeaef48cd72b
NMT,normal/train/0000963.edf,4617232,8380d339c7e1ec69b17c14b72e81965c35dd3c9cc39af1d8640607705220d732
NMT,normal/train/0000964.edf,4550032,3d8e495e9fa1774317ec20a0e92e8ce7a29bb2c1c267f90859e2456164e25408
NMT,normal/train/0000965.edf,4541632,a6dc458488390d5861ce82a9b79b51218d2add506014bb40fd47f277a2d7d91f
NMT,normal/train/0000966.edf,7582432,7f3ff8e916fa14db5f04f60639e0e633bfb21346823abcdd94f79a9e3072b8b4
NMT,normal/train/0000967.edf,4550032,1f7eb1caf9ee7f1010bd20329121d8890df42592700d9cc3f8e73fc582d8ee56
NMT,normal/train/0000968.edf,4583632,af5b0551a6cd5b89c6c48acdd43ece8b1bf200ea9fa20dad9f98cc243b454858
NMT,normal/train/0000969.edf,5860432,05a82507815dc1027a0c7429c11b72dbba53f7584c124ea0e7f9b57358b1fa30
NMT,normal/train/0000970.edf,5121232,5d4dc907fd4977ecbba96f5fbe1b88d6dcddb875ab7a8bb3d2d09faf3f5c7375
NMT,normal/train/0000971.edf,4844032,69b2fcc11f20edec6490a2e4dc24e78df98043a9d7441e575bfdf0015ba03151
NMT,normal/train/0000972.edf,5079232,808dedb8d9af5367690527da3ebc080fdd97f56fe755e0c2dc307e85fc4d123b
NMT,normal/train/0000973.edf,7649632,62c36206c245460a7cd16ef71dd469c8c2484b93e3034545611a71617a85dd22
NMT,normal/train/0000974.edf,4340032,c8b5c45fd372723d5db2b7b81180a53fb771b193487c32cb432955d1945e731d
NMT,normal/train/0000975.edf,4155232,3e084cfefd20cb6f975e43d720c45688496a4b0557578c4530408e30b25c9d72
NMT,normal/train/0000976.edf,4046032,ca75fb9a2d0bf9d453c8b1ab69f1735710d927460043527c08230788aa332aab
NMT,normal/train/0000977.edf,4037632,93e86eca3e00f1a9037030ec7361555d46e044a760c2ba256197c0ebbf1a307a
NMT,normal/train/0000978.edf,5045632,413a8163a8561779c0f7c867a576127f15b2c44c2ae83789aa348861615b02dd
NMT,normal/train/0000979.edf,4541632,a3a616fc27f3b61ef74e5a51c43a4c35a88c122da83a1201c9ffa3bfe276bc99
NMT,normal/train/0000980.edf,4541632,85fa64a35fbdeaecee5b161cf06f17a2d2567bad7934e2388c4d9227dd6568c0
NMT,normal/train/0000981.edf,5457232,73fc0f8d34d31f1dc2a6bd3fd499517df9b5afc117fb1f12384fc6a1342e829b
NMT,normal/train/0000982.edf,5171632,d6b3f0d42be1a42c0ee4fdae8b93b4e6b36ded3726cec83d29327f16dbaaddc0
NMT,normal/train/0000983.edf,4541632,bab09fd8a5300fb12bfc137b693e789eac2f5b65f4f604ab5fab150d55f2a19a
NMT,normal/train/0000984.edf,5112832,1a2e69cfb8a4134f15840bd5bb7ade05677676490d1a04dfa6f6256530f8d411
NMT,normal/train/0000985.edf,5062432,8fdf8a6f3d01d8c6f7e0450f87d1503b612475e3f56cd479626e71640745babf
NMT,normal/train/0000987.edf,6406432,4375f354c876ab8e42b4b38653f4ced535d11db49755d4fab428ac324acca4a3
NMT,normal/train/0000989.edf,4734832,85325dfa4cd6b00dcf476a12d524a179059c18089fe58768dc0e162489357884
NMT,normal/train/0000990.edf,4550032,b9d2fb6599647c8601185c41e871bc49a45eaaa7634a88baacde8d5a987f02b5
NMT,normal/train/0000991.edf,5549632,ef18d298c6c4b57e17b7d22e1f5e6b52f5c464e1f6fa82bb4bd20f5d3dddc5eb
NMT,normal/train/0000992.edf,4919632,69d88b367877c26bb19fd51e2749f79c6a01f75b2367d68f12b53fcb3370f3d7
NMT,normal/train/0000994.edf,5087632,25d379172bfa47c6cb36e8fe6a06617cb14f2e10ac3b6abd78800b66a94724ac
NMT,normal/train/0000995.edf,4550032,77e18e288e08806acb63eac1d06aca20862b7d1876934166ed50b0c5282ae7ab
NMT,normal/train/0000996.edf,5247232,b6b307b0db1c220d0539de30d5a7deb890524ac012f7798c8b49da160378c2e5
NMT,normal/train/0000998.edf,2928832,e20d35acaab99feb0499c46ae2199116b2b2db2a22c2415f7d0678062ea3128e
NMT,normal/train/0000999.edf,2130832,5976b3a64e1c93eea4c7f075707f3f3c13d5d028e9f41578ce2722884f060201
NMT,normal/train/0001000.edf,4692832,3efd15b30dd77a92eefb0e7109ceb9873fcda9d2002f25657b62d1fc32a9f48c
NMT,normal/train/0001001.edf,4524832,a42fe0a9226f0c0a6fdaac01b52249eefbd84fb6e6f81793d57487a9359eae57
NMT,normal/train/0001002.edf,3684832,e71f42f996eb30e0896f72df6a6ffe5ed3101ea063098284ca78d710d3b6c70e
NMT,normal/train/0001003.edf,5096032,ac722b798566c389333852e50dbbc265265ea7cbe4ca61229fa33357a1e7d51d
NMT,normal/train/0001004.edf,6070432,41e77583d39befe773c36a9179fa9dba0b0e01ea45686128473b9e0152c469c3
NMT,normal/train/0001005.edf,5448832,e35a8154647d83de8852fdceaebf04e8ee81d68431df62c4cb2ad22da28986ae
NMT,normal/train/0001006.edf,7590832,60936168c51aac7aae303151a01fa4b7b20c082adbd8ae512a0fea6b32e79da5
NMT,normal/train/0001007.edf,4978432,39bce647c8641b7438bf705fe584c5e63dd860bd6f18043a4b7c13bb76f2a781
NMT,normal/train/0001008.edf,4541632,c2332e1948650478c46ebae3683462941ccde36cf3671b2a8c90dacdebfe243e
NMT,normal/train/0001009.edf,4995232,a9a3ae5bf1a79d2cd644bf2ca4b66b94b938a4a83b06a87a2f3949e5947e171e
NMT,normal/train/0001010.edf,4541632,9b6010985fdc7ee3f438af309fa396c52d648f880a318c9548e80dd9512da477
NMT,normal/train/0001011.edf,4894432,db2cebe9bf5371d92915fef4750ddb6f89be1d2ff9ffccdf51ca027830caf4d7
NMT,normal/train/0001012.edf,4499632,079f06f505c05ac37d699b8e1a9dcf3d2ea6c6970603ca28a2a678278c75da28
NMT,normal/train/0001013.edf,4558432,4d565dcdbc4bac180c45e8dce421a5da4e50db18be5f537b122e4465654c3a87
NMT,normal/train/0001014.edf,4138432,63775231d44444a13c38d274ac1d9a4ee26e3b280f90ddc843095b3c62955344
NMT,normal/train/0001015.edf,5247232,ff37217231b83c55d3007b1c959519c353213da8fd817a8cd54904a51626c4de
NMT,normal/train/0001017.edf,5801632,d86f97f12433e6fab6c49bef7a6fc534b83bc20399f59f8f527ce301eecc2a5b
NMT,normal/train/0001018.edf,4062832,903d3265017599a5c13a99ac4dcd0538da12b15bb881265f8d46fc367e38e179
NMT,normal/train/0001019.edf,8573632,eef15b944c0b93e8ddebe621d33705ac992b6f32c5c34713a6719cbe2aa5c41c
NMT,normal/train/0001020.edf,5062432,1fc09fb76fa7d587213436f3255b8a747868e3ca855fa7b71e129d21a0c82133
NMT,normal/train/0001022.edf,5087632,d9c744c90143ea4739d73c0db68483a6eba12068b21d6fc29d10f7816daa67d1
NMT,normal/train/0001023.edf,5070832,083c083e3f67950cecdfa10cba876f1f856b61700a3ec1be47793fa18be5660a
NMT,normal/train/0001024.edf,5012032,14bbecd761e498f4a88a0347d68d48520b1b4ff87dd37c3b00d44c5c747557ed
NMT,normal/train/0001026.edf,5045632,15ebde5c2d0782cf81a08af63c4ec8a6a8bd08ccb22537bb741829a2b4c6e72a
NMT,normal/train/0001027.edf,5356432,63aa95d622564567e93e054933670e70ee814a3651fe4629af709f1a5780cf8f
NMT,normal/train/0001028.edf,5356432,b4e055fa955d39e4e60fd8bc65040a8962ff60c70b9cdaf831a374c00796061b
NMT,normal/train/0001029.edf,7061632,889401e3c0176fc476d40e9bbfe51954931af323e1bbd4306fad5f9a6db86691
NMT,normal/train/0001030.edf,5188432,29baef3ac11d1a6ff68fd2ad995b92df5bafd749885c5eaf892ad5c93e887f04
NMT,normal/train/0001031.edf,4424032,ac3faec062e643a69a97398ff80837cf87d2c0e353786bc1de63c50f17146292
NMT,normal/train/0001034.edf,4617232,a36ff763c2c888ff50ba72418d047a304243d8c178f2dd6e63fe8985f4f0e05c
NMT,normal/train/0001036.edf,3995632,65ef05c8edc7ce38972e3c67815dad7e64d17335138b81989b3e6f90ab0c167e
NMT,normal/train/0001037.edf,5230432,79cad4fd1a433cc3ebb671b9d9edbc4193eb988115537b6507ddccb10333ad5f
NMT,normal/train/0001038.edf,5398432,72fe36feb1a3c95b56f362219fa1b681be2aea9b513afa178ded46d87d853734
NMT,normal/train/0001039.edf,4239232,28e0ba489d88c7ac0ddb88e7f81e3fbcfc2f42e56ae360cbaa490bb7b1c590a6
NMT,normal/train/0001040.edf,5087632,1c89d56d8f47e22f96d8ce02fc9e26accdbfc157e4ac2da9048e1c343c977d08
NMT,normal/train/0001041.edf,5180032,ab22bc6068651fc15b04eb7288458128fc0807db5e0c4aa7eccdb0f62a7e50af
NMT,normal/train/0001043.edf,4550032,d322c020665b4b1f2f53d871fa545a2bc0a5724f2d2c87471f2c672674ade960
NMT,normal/train/0001044.edf,4180432,e2549c3e91876552d017f4c7b44436afc9ae6e38f802a5a4594988f22a8519ac
NMT,normal/train/0001045.edf,4558432,db9572b66ead4d33021da1f6945b995904d2f00e7d696aa36b821b8a0760dfbd
NMT,normal/train/0001046.edf,4852432,b76dbe4efeee50eef71a06092028fe60f72865a56a09187dbde60a1168b082e4
NMT,normal/train/0001047.edf,4541632,cf359314d0b2a6bc3565d19d8bee8a0f054cfe0c74bcb343c2b1648b7a535be4
NMT,normal/train/0001048.edf,4356832,2f768b8b0d88efe67dd640823ca9b955dc5c84e50ee3bef6ce6c2fa4a8881323
NMT,normal/train/0001049.edf,3718432,895e2ef4934dcddb9c868bbf7f0be3a6d89accc0aa1f3090b433b2333d8cbbb2
NMT,normal/train/0001050.edf,4054432,354a4fcaa2911cd4ce163a852152f21cf3430638a528380d76e5da371ec52358
NMT,normal/train/0001052.edf,4692832,72553a91f10d37dbb190613f6aa341e75c850037ebcca383e68eadeb32c06205
NMT,normal/train/0001053.edf,6263632,52c70c97a4e245a4353d214d7a4c8500e4fd80457d140b578a366c59ab781704
NMT,normal/train/0001054.edf,4734832,2dcf4a59ec7a4f21af6f79c40306f20d03738e30a4b1bc9f5e3750b47ea47953
NMT,normal/train/0001055.edf,7532032,26e86d94b993f2fd6e9102131be72e73f80a44a6d85b12cb0c3a91492a06ad93
NMT,normal/train/0001058.edf,5784832,63df3b7480e6890832b12764a9fce52d12aae28aa6dab17ced529daed8b372c5
NMT,normal/train/0001059.edf,3953632,1d8acdbfeaa1f058d836889dc4d54edaf5eebfdd121003ad22008b7ea84ab249
NMT,normal/train/0001060.edf,4373632,ec001619a75262427d2cf3bd4761c2db8c3c4f8ed818f4b9f9e631f63da2f187
NMT,normal/train/0001061.edf,4037632,052f5430672857e88970b80c4b8e0ae74123f9544f65464656ac82f9143c3086
NMT,normal/train/0001062.edf,4902832,ab90c51bd54017e67690a4457c5f32474110a09d34923a17cdb14a9b194d55b5
NMT,normal/train/0001063.edf,5558032,d7ff8475dca3e90b768bd9e7010c04c4dd37eed9d0b756e8d183ea0eacf788a5
NMT,normal/train/0001065.edf,5062432,0fa850e5d98070b51b09aad67b4b2b1a0e605b9733025136eead30c12f3c28da
NMT,normal/train/0001066.edf,5549632,a007be3e02650dbcba40b4d291c98a03530522f6df5674698c7cc35e055c3760
NMT,normal/train/0001068.edf,5096032,bbd8a21c9231d63c7276ad2d91d4c30665a5e79a75acb851ef7b3fe1dcd875df
NMT,normal/train/0001069.edf,4684432,c93cf81804f4d1606ae5529f84542905bc17462da54cec63b9978c17c6d28d75
NMT,normal/train/0001070.edf,4449232,a16208ee19e42eaa20ae8789435483c1bb763f253ab2822b846fdc4af84992ed
NMT,normal/train/0001071.edf,4592032,73815184c504eef13d5a04959f4da1b06ad47cab1bd853b9ce3d7ef9c4a4ee85
NMT,normal/train/0001073.edf,4062832,37c4d75e375e43b17f374f8b125d77d15cc689f3087904873563a67426ac5a7c
NMT,normal/train/0001074.edf,4037632,7262a34e7d96efc3e5a333c9aa6b757292491085b5287eb2cfa625d77855b328
NMT,normal/train/0001075.edf,5238832,c80377b05b738fd18af96a559b8888dc3b2abd59eb6d533ae06e9003a04c8795
NMT,normal/train/0001076.edf,4743232,c45dd44d2554987109da824aeb9509a56d9f8304c9f00babcdb3fbb909e480bd
NMT,normal/train/0001077.edf,6507232,73850a539ced5dfd070de88186a9fff9047c256e321101b9a0e9c7b8a472eb08
NMT,normal/train/0001078.edf,5045632,baf5b53763417d319faee04bee64d62b2175732befa9e9fa67482ef6bd064ed8
NMT,normal/train/0001079.edf,4424032,0db9543221e4b62df4b515bf66dc03bfadc59814715bec741a16fee154bed7fb
NMT,normal/train/0001080.edf,5549632,b123fb638534844b5df1158b5815e76b69efb403c8fbae27dfc3aa7463e89728
NMT,normal/train/0001081.edf,6078832,8334987b7364eff92ab59d1e0bbad8a8ceceb114e4503273f79feca7c905d79b
NMT,normal/train/0001083.edf,5793232,18a7846cd0f26cf03271542df4342aa615d9515076324b8e04ac90deb833844b
NMT,normal/train/0001084.edf,4550032,bee44a905f2d0f6c1bb6ba8af50e8e786dfae479304e2e2782bb41a07b19d66f
NMT,normal/train/0001085.edf,5180032,71b1ec87389cfaabf52cf16fe62aaed300e4e5d3cee69bab7364126af14a7dec
NMT,normal/train/0001086.edf,6238432,f4071ef04a5c352ae9121034350bee57afd7b7077a4c5775496c65c8feb7c6ac
NMT,normal/train/0001087.edf,4970032,d6c066647a9db7bc61812ecd76566c1e7304f3d9dcd5d868e4a17ed3445fcd0e
NMT,normal/train/0001088.edf,4692832,f672497e54a0b3e5228e7a219fdbc9eb6c6a909938bcdb77af7aff175728d250
NMT,normal/train/0001090.edf,4869232,f61c888e8c136511d890da2d919a0a521889375f0b2e75630f6de260f266b935
NMT,normal/train/0001091.edf,4743232,2e089a911b0920339e4c409e958df32e167bbac2600199c8b6fc3e78cfb0eb4f
NMT,normal/train/0001092.edf,4289632,029e9a2d92336abf4acc9ff6e5115c9bceab554ca467bbd02fb75ce23d72cc00
NMT,normal/train/0001093.edf,4214032,c5594d6e8b15bdbad58044d45c1e1312c942374d621a14ae6899f79be59c4e87
NMT,normal/train/0001094.edf,5238832,fb54ef0be2bef966e0c3a47baa710fd58fb1f4d37350f488b4f845ba8b6d8932
NMT,normal/train/0001095.edf,4936432,93027eec7e2dc2fd89127195cb75d3181c2f0d05c10085376dc94ee00502dbf5
NMT,normal/train/0001098.edf,4491232,707af227f0a34994df1d7011bb1bab6c28bb1a7a69332769dc7246d5d8def188
NMT,normal/train/0001100.edf,4037632,8c8c6162f81b9e99cd496889008343986ee8be81e36b61257fb91e2a955e67ca
NMT,normal/train/0001101.edf,4155232,1cdac921cc1fb30b556fa15128582cd2ebb570533782288cc8046f2c5daab490
NMT,normal/train/0001102.edf,5247232,f6325ca383f3df5ae16b07a9d8bb75c4dca79ae058978f914b5357d3d431a16a
NMT,normal/train/0001103.edf,4046032,aec3e0c9886806f43e2135a09020b4751c1101412520568627bc957520b03187
NMT,normal/train/0001104.edf,5062432,ec76c9c6cf5c68629cc4e69e99d13fdf3c06c8a6ba117127ba862f50e9e2f70d
NMT,normal/train/0001105.edf,4684432,fbc54b7f55aa9f2756e7be0e3b9756226d863963550cb1aaa1dcd53ce8b75092
NMT,normal/train/0001106.edf,4541632,839920eff7b06b813ed4033aeb6ae3b5e357749c2f876aac95147c5cde17946c
NMT,normal/train/0001107.edf,4046032,85a1080d3a80fc120bb82e1667d2834a338ae701b6a99216bcba853fdc8b3dd2
NMT,normal/train/0001108.edf,4701232,f01b882cffc47b89be93e1f8bf6455d7faf3956cb44dd905b47c84f90a40edff
NMT,normal/train/0001109.edf,5079232,ac8d96940d44a99eca7d9953c7c3742504210d7ba5efd4259ff6bdde028b1b87
NMT,normal/train/0001110.edf,4894432,1a072a743347e508f2e43b131db884d7a994046d1f66d409d1f93a0f00b8fc9b
NMT,normal/train/0001111.edf,5054032,a39e2c34b2d416fefa014ae4ae623cf066af155e0945848957e8c9a39c34080b
NMT,normal/train/0001112.edf,5784832,833d5e4baac90fc7b69fc0cf1eee95866c3e46ee78e2a442cd81fe99beb09493
NMT,normal/train/0001113.edf,4650832,d5bcd0462a531bcb73f79782ce0aa6ff6ecea91977c7cad4077bc81fc28c7d3d
NMT,normal/train/0001115.edf,1248832,146f54f52987d47ea4a9d197f5161617d0492295d7afe76199c1fd1b66f1b2a2
NMT,normal/train/0001116.edf,6053632,58eddc71c39c6b024c106a56e218168ed09225f6107eab10f16de8bb372fe088
NMT,normal/train/0001117.edf,6742432,b92c62454a2ef71be09a26c227573528ef9c157809f65b560cf5a037d7adb3a8
NMT,normal/train/0001121.edf,4037632,41e3221d19ca9babeb2423d445e7a4e622b4b6011a119ecbdcd09f5ad693e7ad
NMT,normal/train/0001123.edf,5070832,aa45410587a71699a1e542d6bfc994eba7c842bac2dfe3c65e572678f8bb48b0
NMT,normal/train/0001124.edf,4566832,a459260f8850d087a0741f0fd40580e26f83e248ae61f958cd74ee966ff52e60
NMT,normal/train/0001126.edf,4575232,9b47d079990f9d908848a629112629f405ebb50b796bafffe93c3e4d683d442a
NMT,normal/train/0001128.edf,3735232,d01f45b080b42649425f1f986e4b10c02590fdb59254958fd4622a40db63fc35
NMT,normal/train/0001129.edf,5054032,56b641b3e435fdc1c1cae9e926bf8ad414ef118423953c915ed1f0abe002c6c6
NMT,normal/train/0001130.edf,4902832,59e43eef29b72bb3baaa27f22220348b5decd1b09e9721daa67c38a4fedc261f
NMT,normal/train/0001131.edf,7271632,0b655edb1e92a537e1e30cdb44edcc73417c0afdf342a511d277a7025d5b15be
NMT,normal/train/0001132.edf,4256032,7be5c867f3f3acf7c9f54638cf22d5d9279ee410d5113c7ebfd76d6130e2f471
NMT,normal/train/0001133.edf,5146432,962b09292776bc76b8b3b7e0081ad8ad1cd278842846bdacdf125c2108183bf3
NMT,normal/train/0001134.edf,5406832,85a924f8f5f6008c362c1d3f7799bbc5bb2506295adefc3034515000fd396e42
NMT,normal/train/0001135.edf,5121232,dab43fbc788e45d0a69cb45b7028cc58b6eda75aee4b8366e1d83044ebf9dce7
NMT,normal/train/0001136.edf,10110832,d27c41d177379b9f48817e41748909328f00d1a8541bda005e4138c9ef60f053
NMT,normal/train/0001137.edf,4600432,6518b8a94400722c526ef2692c30ff5637e0d0c4670466c2e5e63dc57f2e8bbf
NMT,normal/train/0001138.edf,6498832,45c3f956a4c8082eab0a8f628ccd744d35901d65f963386927ed4dbbe268018d
NMT,normal/train/0001139.edf,5549632,f8c3fca71ef8168981a4450c16087eabe95661785d91a7c4acfd467100831378
NMT,normal/train/0001141.edf,4844032,1f9c7a303ccc134cb37cbd006883fdd3af137fe6bc13d5dbaa0a7889c45a3c20
NMT,normal/train/0001142.edf,5070832,610dfc30688146df77fbfb0e4df6d263d13247b7cc44ace07eb8a176d7b00302
NMT,normal/train/0001143.edf,5180032,854e677a9a8c886c8e3a5e16cd9ab20f095003131d9e2ebbda64baa2a50a84d2
NMT,normal/train/0001144.edf,4256032,8d6f08963f466c09c1961c919cdcd404cbd1099388141f2f66283698f3ecf0c6
NMT,normal/train/0001147.edf,3533632,02d7fa390358006d1fef04b39c64f7c006641d5a4af27e2819955d64c91fcc07
NMT,normal/train/0001148.edf,5045632,fb6f26162268d5162e06a8649e89f988e6258ac11a1fe88ed44e0071c522529e
NMT,normal/train/0001149.edf,4634032,8b19507c69126b1ae6e7062cb425a3d95f1b11e908b591eaaa17b9e6eed446ff
NMT,normal/train/0001150.edf,13244032,dc98e236520a8f0700fa637e4fdc7fa25b7b89986895eeaa19f8d7b248ea089c
NMT,normal/train/0001151.edf,5549632,c16c9e903cc2d128c7351459f9897b5a4a43b8731757dbb09e79da67e7ac305a
NMT,normal/train/0001154.edf,5087632,8aaf3ffdd80800333e3e15ce6bb5b8a2dcae5eada2559230b7fb72855fc0c519
NMT,normal/train/0001155.edf,4004032,7e9ed7cea54a2afea155ec324cd535a9f795171b4de4900aa2d3f8bfcb914b6c
NMT,normal/train/0001157.edf,4289632,907d45fec2c62d6739cb6f5f59dc08179a8d0e7271f8ab91b750f0e3dd75a4dd
NMT,normal/train/0001158.edf,5440432,ce9ca0c76c1c029461c1a026f1f91bc152584301b15e7e61207596225adf83ab
NMT,normal/train/0001159.edf,5751232,5b8e7a4079e5a0773b2e066ed0fccb1fcea0c52a35adf3ed818feebe48911a14
NMT,normal/train/0001162.edf,4054432,079c70cfdce1bcf2cd27dfa647607611ebff8d54f3c18bc97da3b66d521829be
NMT,normal/train/0001163.edf,5054032,3e6c516842cd394df376761ba8c705265704d51ad0631dd99ec9a9e72ff5c3a1
NMT,normal/train/0001165.edf,5045632,0ef1045388408b2ed422b70cc3ea3b3f3cd23aea60859ce2a757418e0b10ec1d
NMT,normal/train/0001166.edf,5331232,012890c0127865fc00f7fc73db5f42d92c9732d2086d4f0a26914fc16c016d34
NMT,normal/train/0001167.edf,5154832,63be54fb1e40255014306be0729f49b0f05928140827312a6db390800d83db3f
NMT,normal/train/0001168.edf,5054032,b32cc89efdf1ddf2a82b6249b1dfe93ff6e71e2e3fc9cb17846e921fdb3c2288
NMT,normal/train/0001169.edf,6549232,1c578c41dab9ed0f2c0da3759878f5a0fef44b818e364c47aaf0bf1d73352a3c
NMT,normal/train/0001171.edf,3810832,a38649c92911d5e70d42135139875898c0cbd6c3d13fb7f885bc0e4b4a534a99
NMT,normal/train/0001172.edf,9783232,cf3d1cc4d2dfe552423c52dcb48c5cfa9cabd0a230462ec5e73d01081b514229
NMT,normal/train/0001174.edf,10186432,6b209400cf2d83b9b653edecf171af6dd6e9cff92383c4e493b667988e4e5228
NMT,normal/train/0001175.edf,10068832,78ff6c39e66452f4c682633c2577dcaaafdf866d6f63e4cd743ad0bca0732552
NMT,normal/train/0001176.edf,4440832,601a2666748156007f1bb25860ff8ae20337861914e54c4a714e7a3530b002b0
NMT,normal/train/0001177.edf,4062832,3491737a1523e162a6aaacbd60f9afebfdaf6da35472cd5e89f3fc66b74ab639
NMT,normal/train/0001178.edf,10354432,9ca51afbbae013fb816d395370c9d72d663fae63c6318a0753fa1366a18a24b6
NMT,normal/train/0001180.edf,7565632,4fea999b544f133040cbbe0883b441ff0ae5987a23c3fb6350a5e03503032bc8
NMT,normal/train/0001181.edf,7582432,c4bac90b288d7767ba6ab78d3f5f087ef39e055062a00887a3977ec5b950dea2
NMT,normal/train/0001182.edf,6062032,ec4b28323a4c2f1f43cff6ef97c9b0c6bf1448ffb2ffde12600ee5a495880e7f
NMT,normal/train/0001184.edf,5154832,343b9d211e3aac4b43a92f34e83369d4cece43edff3a4cdfb741ac86d6e5bd13
NMT,normal/train/0001186.edf,5213632,d396e7becc203cd3434cb54db1349d6d46a972dc2e4f85b5e487d5544e8fc21f
NMT,normal/train/0001187.edf,6213232,86710ff30fa591be7b8095e574b7c9b1782bb317cc1a8ea2b6d37d1cf3e0ebac
NMT,normal/train/0001188.edf,7632832,defcacff76cca4e2a6cf6605ad3b894309f1d12bb55d1c840690c38d98d4f983
NMT,normal/train/0001189.edf,8573632,2fa8c7d773b29f1ec70a09d4f1f6ce424cdb70a4990d6e35837f605d788340db
NMT,normal/train/0001190.edf,7061632,bd6cb59d4033992f7592ddcae661be1caf27693ef2897dd8d8d7495ae9796123
NMT,normal/train/0001191.edf,5045632,05bef194806e83f10a759e673c3fc8946f5ad2810e52d769cb24d8916e984b89
NMT,normal/train/0001192.edf,6566032,4257b0dd5a54545e1c599e5fe8a9059233e159a6a1d2219b87f588cc6df00627
NMT,normal/train/0001193.edf,9884032,9e3338a2795946c8138cc9289d1ed741dc2b58fd4a7dd60dea9da3b4f4cdedaa
NMT,normal/train/0001194.edf,7305232,f6705b907752fb1cb88f35fcfb818aefdd6f0678e921a6827c38aa9d5c1ea279
NMT,normal/train/0001195.edf,6616432,e01aa2827e2af30330d15bd035e7c1b7b621a033bc3aebde9584970995c97ed1
NMT,normal/train/0001197.edf,6582832,9ef027c32a02276bcad2d54cbfdce58e1c793080be538230aa1b5d6605f7df74
NMT,normal/train/0001198.edf,7599232,28f8401ddee786a5c718cf4856019e251cde6bbbc3b5e8d1b1175c1150bf69b3
NMT,normal/train/0001199.edf,7490032,dcabcb86a8fad47d663c65e7a00c339cf432093bf8cab817916cc9b4559d5e41
NMT,normal/train/0001201.edf,3206032,b73fd2b6b7ce47f4ec6fbfd465add76ed2fb4d12b674598b72194d4f45151730
NMT,normal/train/0001203.edf,5054032,ce2c846cf3f70646000f0a64cdc280e008c670f69fbee80d7f0e7478d545f235
NMT,normal/train/0001205.edf,3189232,814e8b666cb4c48737080fda83c4e17adca8d4c1d7cc3169abc43b57d563e2bf
NMT,normal/train/0001206.edf,6675232,fe0637f9c39bd8147316aa2ad2dbc1543803f9bfa70044baa069bd145f01280e
NMT,normal/train/0001207.edf,6171232,5d758f64e1f6536c6eca349ad3e0c8a54ddf187c5ab045990a0a665e3cd7c886
NMT,normal/train/0001209.edf,6053632,f6a7cde8b8f445c8a86b25bcf0855dd71b694d9444fd6a115afaa0e586619c56
NMT,normal/train/0001210.edf,7011232,3ed34002821166ae54c0ac53153708c03f6af50da487ecdd68ad4b694c61a706
NMT,normal/train/0001212.edf,5566432,6b7781c3270c7e17df271eea6190914f6e00438549d811eae8902d2e9764d3aa
NMT,normal/train/0001213.edf,5087632,4a4e3324fe6dfd04eeb635069bf787d910c47a5aab7dd6aaeb72ff82df8dece2
NMT,normal/train/0001214.edf,5390032,b7dea1bd29dbc7dc928da9766923aeef1a171e6971fcd5ab9990eac27e316dd4
NMT,normal/train/0001215.edf,5549632,bd07edb02d78f6b7218b1f16f5fe289ef167cac539ca930c5c6f2a86445f163c
NMT,normal/train/0001217.edf,5054032,c654d076fbe6b8bd9a504e6cbb2aab5cf29b4bb4924f314b4b2a333ab4e168a6
NMT,normal/train/0001218.edf,5549632,f0dd362a1c2fc1bf55d4dc53be707af006584df7094b6104246230104df23b83
NMT,normal/train/0001219.edf,5894032,921a98540714d2fb65151cc35532753c64a90d3fb35938e3e44b715699a4e0b8
NMT,normal/train/0001220.edf,5104432,b868499f67b92ff35b2514f75bab8aedebee150a43c61a8c9c998ba71e6cb96b
NMT,normal/train/0001222.edf,4256032,cbf4631a5796901f4d2dabfeb8d16468bb9c018a4b931ac39daf2c16e3afb50c
NMT,normal/train/0001223.edf,3550432,627d237a1f93591f6ebe7641790a3ec2831b224189bc44a1878cab9f114d2132
NMT,normal/train/0001224.edf,5768032,33c2aaca1ae138b272d04d99add0401ab407bf26e38b8a506cf50606fdf110ce
NMT,normal/train/0001225.edf,4936432,89a182237015086edde0a438f4739ab2fe1aa6444a68ed8781d1cd7d8c9904f3
NMT,normal/train/0001226.edf,4625632,fe4c7146a95bda617395fe937d181e40419d362ff1a818893aada9746f36729e
NMT,normal/train/0001227.edf,5583232,1654e7b03582b4ac62e2acc5f9ee1a248e65f4d64d2e3813728eac65213d3a92
NMT,normal/train/0001228.edf,7582432,0f8fd44613835bdf1588159ec4fb492f8a1e844108cb9326637ae2e34e5eabe0
NMT,normal/train/0001229.edf,6062032,cc9f588d2d7b71af29959802a126152bdcbe7a90442006025175ab003002cf1d
NMT,normal/train/0001230.edf,3424432,46c7b2241dbaa231ef1f4a79dd0d830fd1bd2505b185a8e7670dce56f712c5bc
NMT,normal/train/0001231.edf,6566032,e9cc100580f27a8123120c9f4952da12c42c46119a5c0680bb09ca0eb240b1a4
NMT,normal/train/0001232.edf,6616432,e3a6950d381dc934bc80b6b61a87f53c14fba56b46e87406229f02be0ba85f4a
NMT,normal/train/0001233.edf,4541632,5ef351c4d13a1aac7e9097d486511f5aff27039fa1947c7cb7df30c16104726e
NMT,normal/train/0001235.edf,5062432,0751e1c4c9c75065bc38e153d1983fdcaf0d5252023f5ec12dfdc421b3e635d3
NMT,normal/train/0001236.edf,7061632,ddc411b638050399fed81ea9db6aaf8ba5738f692aea2eeb2b97a47458bc5092
NMT,normal/train/0001237.edf,5045632,233405ab1ce8f00e82793df550861dc6b9997aa2f77da7c8517151f5d7eb9cd7
NMT,normal/train/0001240.edf,6784432,bd33069dea37d6b4c8b847e1eaa33637f6aefc2852662db60eb21694c187cdf1
NMT,normal/train/0001243.edf,4037632,44d298a6097342c5250164406a9583df2151f52a84520141b43f2ad259955d38
NMT,normal/train/0001244.edf,10883632,3252360c7cfe64068985fe57e5142de74a500a0102d5bccf1211f2c0f8f90252
NMT,normal/train/0001245.edf,6591232,e3cc6b1bbcbc51504bb5a8b1e2e44c46d319faa49b0f59fd9a887d2fb80676c6
NMT,normal/train/0001246.edf,5994832,c8ff1718192507fc6b46af7600fd9127a735dbf3474fff8030dcbde0f18a4e4f
NMT,normal/train/0001247.edf,5423632,f9e91be2f44e42e24d2e0930a4965fbe5e6e64acb9f4fb07d5e7a9daa0bce9ca
NMT,normal/train/0001248.edf,2878432,c97ab3bc915966d5b508535d2aa00e75cd46b27615647c64544c8a2928951a43
NMT,normal/train/0001250.edf,5726032,df507ad1ae0c53d73875aa6d9bff54852716e435b269e3aded489892ee7dd022
NMT,normal/train/0001251.edf,6053632,176a05e3feeacdc281deebc133d07995d18289e17311daf5167ea3134fd0359c
NMT,normal/train/0001252.edf,5843632,34fda9048b4b8e3a0372c5f831cb60701996e71e5db84f1642b3d067f20fb84c
NMT,normal/train/0001253.edf,5062432,e97b1f1247792295dc60f0ba539a3eb9a49728ec85fc8c316e2da47809f6a61e
NMT,normal/train/0001254.edf,5045632,788535153ee1f4dcb45617454a0921bafcfc1a6ce6985e75d9e7abc3457a63f8
NMT,normal/train/0001255.edf,7036432,2897de85f4aa1f79fc58425d833fb6743e5ff7e199b996a5682af5e2ce6d20eb
NMT,normal/train/0001256.edf,7053232,7dd7a18e0049e5abeaf1b91ce77cad41036cd0c126cafb874bef70946936b142
NMT,normal/train/0001257.edf,6062032,39f58dc25c0b5b615a21999f32df409ccd8f38692b47482091983301ae2f428e
NMT,normal/train/0001259.edf,7380832,7d5ed763bf5bd2a264157b9d38900f127bf48c9d3a503977ffa487455d39f168
NMT,normal/train/0001260.edf,5079232,8f0d2ae3fdae529349a70b9ec6157080bbd92f8813c10bd73153a7b42fc20993
NMT,normal/train/0001262.edf,5045632,25f8a67c933db23e97a0da32ef4fa8e5ebcb94e477c7f9a650dac54cd80a345d
NMT,normal/train/0001263.edf,5045632,8451b549ec7a79d7a707869fefaa4909b1218b43dc99af303c77dae99040a665
NMT,normal/train/0001265.edf,5104432,5a97ac99c9643bf0ea072c0460b6f8209098cb3bba76070915bb6f0ea13ca782
NMT,normal/train/0001268.edf,7901632,7e2703c37580c139027d00e34339746512fabf2cd0c09533d7f7aa6241203acf
NMT,normal/train/0001269.edf,6650032,1346661cac72c5a5bedd321a0d9198f7a9f5f5b36cf9a46dd4060d8e0c1d0eeb
NMT,normal/train/0001272.edf,7565632,21a5a4a76c8ded4c720a7a192a2ff1e516cd5e72eb224695316e9356c1973665
NMT,normal/train/0001273.edf,6062032,92c38aa7a3a4b974b8c7eb32fe4e6eebb848e287b2d403aeec8e4f3e35a5ce96
NMT,normal/train/0001274.edf,6053632,3c44f640f4d08cc6ccd500ebf359025a86cce519cb5a1a97f52dd415d2184519
NMT,normal/train/0001275.edf,5062432,5e9b29bde24321277b9a14940063fac447e78ffaa7eb6652cf23d5f0c3bc74b8
NMT,normal/train/0001276.edf,6574432,32d6e05f7ad4725cea38a5f7d948a0329415354c28aba9288a7958098f40c2d0
NMT,normal/train/0001277.edf,6557632,da445aa6b8cf732e3373f205adc506fd6c5c0d5b89e2a8276ea6bb7eb46190fd
NMT,normal/train/0001278.edf,6112432,2a16eab3c8bcf427616e8aaa870342881bc059a79fd075a9c1e63c12636af761
NMT,normal/train/0001279.edf,9623632,b5f3498e015c70ad09edba22f8fad8828caa945463be89edcfe88bd0d89902b4
NMT,normal/train/0001281.edf,6272032,aa77f114f98370fa329bbbc68b4be2f40e60ded0f8283a817be616661db62b09
NMT,normal/train/0001282.edf,7565632,9f92451b428487b60cdd6e601474706ee04686c99c64be0f6b26f1dd9ebf0aab
NMT,normal/train/0001283.edf,6599632,0b533cf14984cad1b0ea185a78abe56e55472dd9a2e91043b9ee7d9a57a63d4e
NMT,normal/train/0001284.edf,6750832,f1c9a47ecfa4b00c8c0a2690c3a4ad15cdbe51ac404152dae1fb938a1e76561f
NMT,normal/train/0001285.edf,4457632,da394dd4edc733f9a9b34b7eea2dbd4a59614400f24907fede23965f65c09ba7
NMT,normal/train/0001286.edf,7708432,81bdb1aadbe281ec247a6b17a7f34f766b671e36a67ad3ab6ece9811cab8ee24
NMT,normal/train/0001287.edf,5558032,0bb50cd990bda4f764c2e016c594f545f7962f3984f237a691915843fd909868
NMT,normal/train/0001288.edf,7498432,1063261025ccba1a9c3a01e5c2dee3a34f6fe956c6e5de515367b6161fe8be7f
NMT,normal/train/0001291.edf,5499232,34dcee1ce536a5b79744888f0b87f3aa7603dc98cfeea5b8b50e676d157db7e1
NMT,normal/train/0001292.edf,8204032,804d9d468ce011b7aa5db54563b6052551eaea67f8bade21b4366e2f849951a6
NMT,normal/train/0001294.edf,7565632,ca48bc034b7d6cfe487b79669e63b1aa8b5cffd33e02b1cce49bfdd1846badb2
NMT,normal/train/0001295.edf,4810432,bd758b7b8a2a402a6d6c620a95e7656e3ef6b7e6d63c5d7d2a5b7d9ff39e005e
NMT,normal/train/0001296.edf,7162432,b0e0d9e919030e0fb1dd3675f1943fe98b950a93f18056855f0ff6abedc2866e
NMT,normal/train/0001297.edf,8372032,9c4cf65f735857a52841e98d0bc8e04c3dd439cf22987c10c52d67112a1d6778
NMT,normal/train/0001298.edf,8439232,209e233bc750dc16b6766b587f9f5d155ce750bd57531f69c9eba6d747f5c604
NMT,normal/train/0001299.edf,9438832,50048d90f099404c054bb42520d02532d8f062c3733c9b2e8b22fbebd0d5194c
NMT,normal/train/0001301.edf,1442032,7e5dde1b2b13e20fa8e5d2b582cdbe19cd98716e85a91ea830925e11ebb10f62
NMT,normal/train/0001303.edf,8825632,ea81c29a774bf6eddbe12decef73818957c6a47eb5860674012e5048200c447c
NMT,normal/train/0001305.edf,8867632,c70210a935c9b3406223b2d3a9d2b83bda85c47fc87e24f984cd6359377f1825
NMT,normal/train/0001307.edf,6028432,428904df52f5701971d07c1cbb7f023759c74d2db2455b3c4ae459c61e1007b1
NMT,normal/train/0001308.edf,5054032,a57dba05afe32a4a82c707ff565057f59721f7a7a5a0a7ebd940a7c1f5ffb011
NMT,normal/train/0001309.edf,5633632,bc6e278d0d999527ceba41c3547cc481db6bf1231292b1efc8d72c0b3dbe9373
NMT,normal/train/0001310.edf,2550832,5c568cc743c78bbe595ae04ab3a74e495b27dc0a3140c1ef32bb3540b29477fc
NMT,normal/train/0001313.edf,8934832,0c27610833397eabe77ca30ea2e22c52e1af384cc8fa0d94c44cfdf4fa234a98
NMT,normal/train/0001314.edf,8590432,46cb4c9c6eb76f9617e8d1dd0311b8a22527703a1ca8c834174db823e4e8b064
NMT,normal/train/0001315.edf,5944432,14d041252b2f5bc6be90038101a4c399ac6f468b6bcf3a7048626b2b9e795d29
NMT,normal/train/0001316.edf,8128432,b73154890c3d916de64e60c64d8a81fdf34328760fc444edc7b0f1a19f794dab
NMT,normal/train/0001317.edf,5927632,e67c262bd50d655e0dd5c6db93a217392dcb1ffa720cfe32b4cee591e67cf379
NMT,normal/train/0001318.edf,8288032,a62d47421dffec055b388c6203213647c1f099d1a1dc499c18d00af19db8bbda
NMT,normal/train/0001319.edf,8674432,aae0cd29fe531ddc491d8a07a4527b0b17377616c4d189ff69bfb7372545b016
NMT,normal/train/0001320.edf,14252032,a3110ce5d9cd7e13077104162f5c12e2e315d5a18de85c24b4f346b8529246f2
NMT,normal/train/0001321.edf,10925632,248fef273758c1fbe27859e8636cbe80d36b09df3ecaa8bc5c0dd95d8fb04e6a
NMT,normal/train/0001322.edf,5163232,e49d731df7daaf9d582a2c7324c59c0a8b7804382f624122cebe4b09cd239285
NMT,normal/train/0001323.edf,2945632,506f1fd5baeb4982635dc40b392c500685e63f4f8356138979f3bda09a0fb79f
NMT,normal/train/0001324.edf,6818032,1a5ebef4c8d028bb5a7f71aba31bd616d7145722c22634d8f45c8f79005b514c
NMT,normal/train/0001325.edf,9002032,99c5563c4e6644b8d1ea4bf5d278b66ca089d75798c831164f3e6e15280b5b86
NMT,normal/train/0001326.edf,5583232,85aeadfbf2435c9d571c77996c77dc4fed4af9f4cc8987224e7a2bf02ad7e859
NMT,normal/train/0001327.edf,7028032,fe058001937a629a02698eaced1b4e95429cf0e5ba5ca9c10bdc6b6d535e457e
NMT,normal/train/0001328.edf,8439232,4eff84c969994c37d64571fc4f852d624bbaf345f6e46c6c7723f0ea7e65cb22
NMT,normal/train/0001329.edf,8573632,6b5f6af4bbb147dab028ed0e09af9467f7db34fc72f5bda1958842c1dcdec8dd
NMT,normal/train/0001330.edf,8430832,6161364c0c3fc34ba3724e336849986325f1f02d624b5e2ca5aee3f01448e06b
NMT,normal/train/0001335.edf,8422432,6fde3b722fd89d0163ddaedab7d17c2f888f5c0679afb4aaff56833904a05047
NMT,normal/train/0001336.edf,11009632,a800a835d8f05bc46ba82cd3e360d559e49161aa59c06759dba1f2b56267bba5
NMT,normal/train/0001337.edf,9212032,2ab3ff1c9de563a60e4e1be1be3b547f81e25ca3ef7fbae36f69025595aed1c3
NMT,normal/train/0001338.edf,4810432,5d720b3ba22f1dae6095e0b7251539483fcd20b2b5d665bcebb07d9255a642fe
NMT,normal/train/0001339.edf,7364032,bd31be80309a6bb8537735922767f4a3990be0795f5103c263d7b2aaf463db6f
NMT,normal/train/0001340.edf,8153632,4eee970a750305ab3cb12dec5c360c81f42f1b12883aa270587d48edf72cb4b0
NMT,normal/train/0001341.edf,7145632,8aaeeb11a89ab0f0ae785cf10c3f7e107ab362e579c96af3ae59417b386e37de
NMT,normal/train/0001342.edf,694432,b2cb63ab1231c64cbf8f5f876dd3533eaf592134738f90309c5a9ab06619b468
NMT,normal/train/0001343.edf,6801232,ebfd33658dcfa9411d57a6ff025c8bbfb173cdaca7b49680ea7d7e58c5d3a1ad
NMT,normal/train/0001344.edf,7968832,ec1a9034834a43b3b47bf42ae57edb9ec0a486526f4c590a2b1e294de6a1cecc
NMT,normal/train/0001345.edf,4172032,e7d33c3e651ab657be12b81f01bca1a33c4132a701536e6c50543063c4d44025
NMT,normal/train/0001346.edf,988432,4eee9b7c4205abc6c6c64ebdd0cfc6ae9a9157d6ba6f590b4d5215950371b069
NMT,normal/train/0001349.edf,7464832,9341b5390d06d363384c09b3fd56c3ae75deb89d70c418ffe76c1893dc5a19a7
NMT,normal/train/0001351.edf,9010432,70253c688e1a2cf6786b13f538bcc691d0ef2b800ad567c6a4a4fd2ea42914d4
NMT,normal/train/0001354.edf,8380432,bcbfb79e3f5f89486328d9b8ab84fc21e2f5f1df69f305b5050e0f0fab34b544
NMT,normal/train/0001355.edf,9178432,a4edc0d02e26d9017e0da3236efc3b18b980e47f3e9429136dcaed4a7275028d
NMT,normal/train/0001357.edf,8825632,b387bb43df418ac4522a7a84601bb03a1c8024c8491df069b3c9492666bcf543
NMT,normal/train/0001358.edf,8388832,412adcbefbd9622e591eedb6dd832bf513fc94dc27b3b582e2d289fe73cf964c
NMT,normal/train/0001359.edf,8237632,51b09dfdc1f07f95c8f82907892b736575609b06d62cdb507c69c271e65cb5d2
NMT,normal/train/0001360.edf,8850832,11fdbd0b51249ca1926e933be61cf18388d5add4aedad4609c4fd8d2776455a8
NMT,normal/train/0001361.edf,7582432,e97ed14bc977d2bd885313ae00cbc4b2c03dd822fcafbef467c29ad7dd2f429c
NMT,normal/train/0001363.edf,7044832,d2e30b7fb09e254c7a4592e8cc703fd3409d991ab9e3f3fce246996fde1e8bf8
NMT,normal/train/0001365.edf,6851632,192f3567b5757d5e6094c99fbdf2b1bc65c22909a9849eb3260e5cab4adeac67
NMT,normal/train/0001366.edf,7632832,6e22e99da73096522903f37a8d1798f72f74ea21ebd3671f536ac4efefd4ebfd
NMT,normal/train/0001367.edf,4919632,63fcf7d189244355c10c5d5975927c55829d84f6fcc4cfcd0207ffae3b50418c
NMT,normal/train/0001368.edf,8884432,2548ee540415127479e7a85d948e5282f04a2794ada894689996ae4f61527e69
NMT,normal/train/0001369.edf,8565232,98c8fcb9c1d4ff72b6a95bd73545c57929c5ccbd2112b0028b36e96ce702344a
NMT,normal/train/0001371.edf,6784432,97f32e04471fcb2430a01b32bf4b7800f45addd6bcf24b711c906c6840f89706
NMT,normal/train/0001372.edf,8649232,c2b5f66f185ac71c58433128b460c07e518457996f647fe98f2b770b9c83b65e
NMT,normal/train/0001373.edf,7154032,868f528e75d01191b03698119c6758196f5f7c429c021044ea90858859a54ccc
NMT,normal/train/0001374.edf,7574032,7d491c452e20259abed03faeeda83cca21535c1c6c27952735b4a2f669e5c08d
NMT,normal/train/0001375.edf,8027632,d047a172b62fd2a46ac32c17f8414fd879643c88d876f28f0e00ecf48d2ad07a
NMT,normal/train/0001377.edf,7674832,94405c5a1c56e6ff8045e561f4b462df6c2e3f927870af7d5fa88a3bea3fb941
NMT,normal/train/0001378.edf,5364832,2f94b0b240656ce732239e2ed295bdcf0f8b366d9f4455fc0f597a22677eef54
NMT,normal/train/0001379.edf,2735632,b99b904107bd392350ab104c3d053092c270ee535d72310057a19ab85dd2cef0
NMT,normal/train/0001380.edf,6557632,f2160538db538ffb41670f782750d540f3678bee888259bc1188f1a3bac67e32
NMT,normal/train/0001381.edf,6557632,88d45cab4bf206d96de2b19bed7d950813bfc71088d9c8f907718e38097c6114
NMT,normal/train/0001382.edf,5784832,e001e714fd702cbc45a52f1469ca3b999ecddcc0d958000bbdfcc41b13d1c16a
NMT,normal/train/0001384.edf,7792432,6061eb9a54927f90a6b9071dd6b04491368ac4180da0e938b3696c1fb7310afe
NMT,normal/train/0001386.edf,2609632,4e136cc74ba41603f73165ba3aa6696d1b38ba61e3a865849802c9246492b08c
NMT,normal/train/0001387.edf,7683232,5ab70cfbfd408ed5116c3715f9822a823a888b2f0384446a4c34bbc5156446cc
NMT,normal/train/0001388.edf,8674432,d43ceefce4916fef81d33a2e0ff5308e187f2a5dae155b724fba9771c28b3670
NMT,normal/train/0001389.edf,7607632,b56ffda8ff3f34b498461107d85421790df6628a7ae88b750f137400e4e6e7c9
NMT,normal/train/0001390.edf,16343632,0416660465367fa6a1d436c5a4555e2bf2a5dec18aa2f833d98f42edc592d781
NMT,normal/train/0001392.edf,5306032,71e27eda77de07c73277da91e552605f28167276ab4c81d9d16a63e471ba53f7
NMT,normal/train/0001393.edf,2769232,92166b37c2a85c4e66af278690c735bc15c5956da6f784cfaa8273082992003e
NMT,normal/train/0001394.edf,6759232,d16527235c5496f3f4cc67775decb5eb3f226a40965097a3efd32f5cfd9761d9
NMT,normal/train/0001395.edf,8842432,fc15621ac0cbe4a448356b637a3add65bfbd942ebb4900dfdbde44148ab3eb7e
NMT,normal/train/0001396.edf,5045632,dccf029b05dc3f258de66fbed5d55a3bd8bf846f40545b2a8c4efa4026b71b3d
NMT,normal/train/0001397.edf,1853632,49c7c43ab66ce2b7d267844b00ad98aaf52db7d65ae506401d8706d1af28b30d
NMT,normal/train/0001398.edf,7876432,cfad15a3eee481ff1905843b0eee9d807bb024a0cff3b6118d409c6749fc4f28
NMT,normal/train/0001400.edf,7053232,b65a6af753d1ebbc17dc8980a09c4e143dd34e58eb120c1a36835eb9676c04b2
NMT,normal/train/0001401.edf,7204432,64296682bcfa2a9775aef8df70f7999b5185b41d1cd06883f3d930129e275620
NMT,normal/train/0001403.edf,5045632,d5d7ff494a07bd66b6b2cb48513ea4403e6d240ed2907ccfa9db21c56018f32d
NMT,normal/train/0001405.edf,7380832,9e665bf0446c0d081db982f89a25324ccb77dcd870ca74ad837d52a62f657a70
NMT,normal/train/0001408.edf,5079232,5e6bb1aa2d0b02fefbb58077a4bf3fc952d5292071c4efc8a042a9edc72b1b68
NMT,normal/train/0001409.edf,7574032,a4d6151779f4d80a7dd20a46da863076632ea01ba37936c833c51da67180f996
NMT,normal/train/0001410.edf,6078832,25b3a9c4a0599aeb4a01b1a5e94d633edcfa98ae3c789d8a91a575e1337ac498
NMT,normal/train/0001411.edf,4810432,e99bfbb39c1444135ba23ca5fbb2ea8ab3644fcaa03977c26e481c3447e98d81
NMT,normal/train/0001412.edf,6750832,17cee69973c1e24e0d0fac96617059730b95feedea55830f6f311156d9ae2d39
NMT,normal/train/0001413.edf,8078032,f8e1c7cb7714c3ae3fe7a5d1fe4f6477f33a9688a555c23d3ea6344fae600098
NMT,normal/train/0001414.edf,6557632,b98c94cbe4e8e60367b5cb80acf0fd007c158908d041fc7ccde9f327bc746c9a
NMT,normal/train/0001415.edf,7095232,6c99d79db375b0de6c0b0477ba8bc4d503dc34a79bb4e87f5a73ee269727af80
NMT,normal/train/0001417.edf,6658432,03380894a38203b7bc5da7c1d50a254ed5acf6ff3f5ce476e0a405df2d33660d
NMT,normal/train/0001418.edf,6801232,044cf42e62b532d36309e0fb037cacf6792b3996870abfb42ffd025fb7d4ac49
NMT,normal/train/0001419.edf,7120432,e37ca3dd9926bcb50c3e2d5fecd3b00cabfbe3d5e41a831a475285628ea09e54
NMT,normal/train/0001421.edf,6532432,4a0ef0c769c7acdfad78575ff4da405b219d9a1c0cca6ca5be812bfc5458535e
NMT,normal/train/0001423.edf,6112432,faadac420af84ff869166a875880231ff5c323f4833826059d339c4d37a65bb1
NMT,normal/train/0001424.edf,8262832,83cc8168349fb1797ed9515ed0d1c8f31c6a555ee8388fa954f9cc9310bdaf50
NMT,normal/train/0001426.edf,5516032,e5f12fdfcbc056d7df1b47be0df1b7dbb82802f0fd98c18cd20bf09d1b7868d9
NMT,normal/train/0001428.edf,6860032,6cb8dc5bdce5a3b55bfc320731d3dedfeeae0fc6c2bd07ced4be6405769a5d58
NMT,normal/train/0001429.edf,11984032,65a7be63dc2209346cfe794462a103147f12bde5e34a201876908ceb26ff0a1f
NMT,normal/train/0001430.edf,5205232,36067d3426dfca463c1fa65916b1b8862c518c8dde4fd6832aba605211fe0b27
NMT,normal/train/0001431.edf,7128832,cfdcce168f478584c39120246eaaff88acb052675e321be4f5730c702c31e856
NMT,normal/train/0001434.edf,5045632,cfaf1cf6e31bf282d10b1b6b67d16557b3bb0151f932a1893e783b187ebda7c1
NMT,normal/train/0001435.edf,5448832,624e357ee993c50df6409a10bd02729fc72cd6f9c9b339ba6e4be4e95e4143ff
NMT,normal/train/0001437.edf,5054032,41f692a37956265008bb49777c4fa7729fc4c5e2ba1df8c37caef5990d1d65a7
NMT,normal/train/0001438.edf,7557232,6562fe36703e3649d46d4c7cd2961e8378865aa76d7561f3aeb2fa55d4a1f8e1
NMT,normal/train/0001439.edf,4558432,8ce29cb89899f94ef0be62412d237536a946f6b28c58f2eaf3ff266b96b27543
NMT,normal/train/0001440.edf,6305632,b8a2f29eb29497e220d2525c5fda2a45baa0de99620a527f3a75c96a282c7c23
NMT,normal/train/0001441.edf,7246432,436d1de1ae62dda69e585ae52d7c16d6cd382616ce4e1cbbe4dffe21493bec37
NMT,normal/train/0001442.edf,5885632,2d7464cd86c5f8a521d4076f0dfbd1a99a3fedcb30471c1c463b2e8cdd8e3bae
NMT,normal/train/0001443.edf,6120832,451268a143e851eb3ee7124e0981718250ed7fe690564f2e8375061d7b123308
NMT,normal/train/0001444.edf,7095232,22b392973ddbc5d4e338405a58a2bf3b65d593a78dcc78d82710931c117aea29
NMT,normal/train/0001445.edf,5045632,3bf1c61cf98ac5ce22e3004f1d01b5d48fb31d6b3c5dca20d5267c606ef7a104
NMT,normal/train/0001446.edf,6305632,d416aec0264d286f390dbc2722dbccc62ec27a48c0921dba92b47aca30fbe255
NMT,normal/train/0001448.edf,5213632,aab2d748ae466d436c32892cadab014f4d28d7d458c92d89f2b714bd2de6551a
NMT,normal/train/0001449.edf,5297632,8a3bc23f4ce9759c894d71d991a8ac3caae5aacc1b630a9f6181f39e3ba8d402
NMT,normal/train/0001452.edf,5583232,3110d1681df62b3da1ab5b91346af0303bbe89e23def06d2395782b38bb9704d
NMT,normal/train/0001453.edf,6062032,e3508dc02d46d9a64c443ae72a0983393054ed6b478563a12ca88420c24462e0
NMT,normal/train/0001455.edf,3340432,d4f1f858a4c359a4bd4affd24ed6956f3bb3315c4c575c6d62173fedd82c9a72
NMT,normal/train/0001457.edf,3575632,0788458efc4ad0a43efedc123495b618dd3cfa341f07fbd57ad53615cb8b51ee
NMT,normal/train/0001458.edf,4642432,10f3730e9051df6e2e1e682f1f749dc349a5c5555341b28b25211c31e752a8e7
NMT,normal/train/0001459.edf,3197632,5f1104c360b2d3c2770e482c0deb264bf0bda1a23f36c923ec2873aceb23e297
NMT,normal/train/0001460.edf,5692432,1d011dd12dbeabf2442ebe28bdfa7693c0a55e5fac5657d60dd3881ff3430b76
NMT,normal/train/0001461.edf,6700432,021fb636366cb77be6508d026a6f978265df1776f310ca1d53b0f5fbac0a61c1
NMT,normal/train/0001463.edf,10404832,70e654249472333fe8dcf07f22d0cc22449b48de688da5ed8f063e7dcf798ca5
NMT,normal/train/0001465.edf,7431232,31447c0885f69441d96af76f63d3afd494f0a186930b009597ca4c9eb4aaf1d0
NMT,normal/train/0001467.edf,6137632,3972cd785a5e9294eaa8084860e4b70e83ccbf2e710a02901a25b4e358c7f0bd
NMT,normal/train/0001468.edf,5793232,bd2078bd5d7ea4f90b0ffeb6880bb5c0e07c10a7c2fc7cab2e81d5a1ff7ae59f
NMT,normal/train/0001469.edf,6406432,230201d0c4d03d168d1540c3b948ab89cf2541fc903fd58cac1593a64a5870d8
NMT,normal/train/0001470.edf,5616832,85380d66f9689ce265bc0ed77d222d4cb88715b8d4124c9e5d187aa0b655efb6
NMT,normal/train/0001471.edf,2727232,25d561e1ea643b81fa8c3b5dcccf4e0c59b9924cbdbbfb14a325077167847b36
NMT,normal/train/0001472.edf,7792432,c147895ddf3228f415ded3a8a31a9fec4824f00cdfa795f18c759186e86217fb
NMT,normal/train/0001473.edf,6011632,32057e4c89553ad80329da4cae821f4ece1ef8715240c0421bc6d3702094da56
NMT,normal/train/0001474.edf,6843232,811c98b97e5a48cad4244f03657e570da6c602e28a45804146277df1cc79ac00
NMT,normal/train/0001476.edf,7616032,e659f9648eef73924ebe16387a956a6df493710753a5d07478dcd104c2f180ee
NMT,normal/train/0001477.edf,7456432,58097b0b375770390519d3c6b461fb5db030098d61a5c3077417033b4ef310c6
NMT,normal/train/0001478.edf,6070432,588dab21d3f1db0e9477a665eec7330397add79fe1b99bdb917e0d6401a3b5c0
NMT,normal/train/0001479.edf,5255632,61ba9403f76ec7fc3094678d88ab20d4fd496402961bf5afd81e7af4999515d4
NMT,normal/train/0001480.edf,7439632,403d4cd44842394918e0cf7cdc588a51740962ee03b66e9dcc052fe7d6dabf4b
NMT,normal/train/0001481.edf,7380832,5c8ce73e7709ee80ee3132e0367f4dc0df69e2cdc6498e8ad0a031f39e4e514e
NMT,normal/train/0001482.edf,6759232,3de30eed22c9aabf17a2e070bea0d525681607bf86001614ce9a5fcc6df27c88
NMT,normal/train/0001483.edf,7364032,49e87f30f8a862e27b91d099ec4c6c40d61b696c46db273a2e800b23c5cacb7b
NMT,normal/train/0001484.edf,6851632,c14d84064a0c3a8e822830f98455ce44699c2fc6fb7fe80d054596cd5a5c121d
NMT,normal/train/0001485.edf,7137232,a238afd8d5ece7d19dbc000989d536510c359bb6071f1c2a5ee82831742889fa
NMT,normal/train/0001487.edf,6104032,123f6dd258cb8f9a39c0ef2c7741bfe6075f150e3835d91391237291d3bccfac
NMT,normal/train/0001488.edf,5952832,b43bc03d8e3d54f72f538b963966871c48900a5e98a132993bc6b8e4a387749b
NMT,normal/train/0001489.edf,14369632,101eb13228fdc9b93f5c8d58e3b1ae498ffd1699bbbed7dcbad52f3378ca685d
NMT,normal/train/0001490.edf,5524432,12e17203b35fd190bf198a0e3209456aaad960dc1032dcf5aad996cca36bdc59
NMT,normal/train/0001491.edf,2139232,3ceddc4b66e02317b978ab923af04319a90b4d8c7801c10f7d6bbac852582006
NMT,normal/train/0001492.edf,3054832,de3e08e2906ef2fdd39f82b66aac4014cfb14a69d0b6fa7a8b436af844934c53
NMT,normal/train/0001493.edf,2340832,7fd168f4575ad749bc478bdf2a3e0080be6a13cd571c4ff7ac1d16356928339c
NMT,normal/train/0001494.edf,7943632,fdb8f9c6aed38fcdb65bef7fab7389e0c8a71a0ccf87c3b36e6b2af8b703a442
NMT,normal/train/0001495.edf,5188432,c953955f86752ca648b8b801a984c6cbbcef98b7e90f99ffadb404394088380b
NMT,normal/train/0001498.edf,7532032,e336223ae865e120f48c169378f2ca2704dc7c299b7f0e6d79cdc82447591cc6
NMT,normal/train/0001499.edf,7397632,0e64b4aa8dfb22002276cce4c6249dabb537210fcb5c555b9d473a0957f01585
NMT,normal/train/0001500.edf,5465632,df820eb00846200e240d488ec09f2ea9b89d6e0bcf6ab5605d245b439580256a
NMT,normal/train/0001501.edf,6104032,c47384b4c8a02dc170e7a74ce8cf28361cc6379b3484b06af85dbfaf16f45409
NMT,normal/train/0001502.edf,7406032,797e648ca89a36cf58c8c96a5aa9854c625baee6f287bc3171a4e8a7b9ee801d
NMT,normal/train/0001503.edf,6742432,c52a7948be47ccce894ae29c0715b5467ffa799d577be76ff1349c354e1e1b81
NMT,normal/train/0001504.edf,12093232,33734917e505a1360fc35346657b5c70e0a1ca4097c3b1243d42ec3fac9deff9
NMT,normal/train/0001505.edf,4768432,3e15bbc91ede67c2907f26406cb5c36b2c64d8b04c91d807ccccc9509f17180a
NMT,normal/train/0001506.edf,6053632,95297a86ecb3fb352c1570aada582e04f4cde294d33f730994304b1de0ae1e4b
NMT,normal/train/0001507.edf,3491632,f95874f2df8c241b74e1f00f8ba8b7d0545c29b01b92200d7b8b80cb064a2ce5
NMT,normal/train/0001508.edf,9464032,742087ac5ad6f9be7638e8cc4d756ed2a1e6529dbedf3194d814ceec581716cc
NMT,normal/train/0001510.edf,5070832,6edb844f64649f28478d5b506f1b17de11678a800b82b5e2c5f3ec5be6e80abb
NMT,normal/train/0001511.edf,7070032,58d021439f40da98c479eae2493f0cb9a0ee3c4198ed016019b543b1d5b20547
NMT,normal/train/0001514.edf,6666832,5e11c8562ef076f96a21ef7e0dbdd958cac074a1595ea8d0b01781a82c1d50c8
NMT,normal/train/0001515.edf,5054032,6a4bf44aa69a938db9e405c68ac7a57c3fb83aa4d580c67a2d00a124a76a860d
NMT,normal/train/0001516.edf,56688832,6d77900b914f2a37212cacd2828408d1e126de519608a39834b428f4c966bea8
NMT,normal/train/0001517.edf,9422032,f82b1cf025e99b992258e76504282f52d6b73b4741a224dee1ad3fd8ac846854
NMT,normal/train/0001518.edf,5650432,61f5dc406ca565c5d5d202b2f9a9064ec040ee142b198edee0eeda2fb183fe19
NMT,normal/train/0001519.edf,6557632,2c87955ced816379247a56d057879f40fbfda973e1f935069e870d9162044a58
NMT,normal/train/0001521.edf,7632832,f104b304b06ba8de1669985f44514e33ee4875fcabf8b2e2169956b2d0b5cfd2
NMT,normal/train/0001522.edf,5062432,db8ef2234b080338f24170ba76b6b83f2983ee3a6be35a71a7465020f149c35b
NMT,normal/train/0001523.edf,9111232,8d7fdaff4f5ddf2cd74360fea0fb28ce687f504a6f1dfc1adaaad29c9ac66a88
NMT,normal/train/0001524.edf,6599632,48af1b80ab7da479e8640b8deb3cf0a3a2439bd1ec6ebd6b219a5d38b6f75730
NMT,normal/train/0001525.edf,6574432,ff291248f5309ba3ee5ce904f36bbe72239803883896a42202f41e514748d88e
NMT,normal/train/0001526.edf,7641232,6c47c63b420f6f1d7635a4394658c2ceb4cc3e708c3eee8ec8ee16ad07f8ab9d
NMT,normal/train/0001527.edf,5247232,8958895fdbd73be683afe1d54c019188fb44c709d07a2e31ae9f4891134c0309
NMT,normal/train/0001528.edf,4113232,268cc9903675fa742b7cfd89c852d25834063a6fe11742575d63f8271680da1c
NMT,normal/train/0001529.edf,4608832,3f71dbe4996016ee060c240ca047b2b6bc5516d45d08e785d5da9e945f06e292
NMT,normal/train/0001530.edf,5045632,dfef485cfeb156c48d1d1d722b57e5a1a4cfe6fae97a440bf7ea4d8a7844a4b6
NMT,normal/train/0001531.edf,6154432,3e4e4beabc0d05187521e8a89a0eca80735064e4d643faadc0e9a8f5645c5054
NMT,normal/train/0001532.edf,7070032,67032785bbb2909683f6f3f80105f16b41ea909abef9f5d9f2cd48804bf78ef2
NMT,normal/train/0001533.edf,5297632,7f5b0953b9eb9f8c039a70c2673d7aabe8871623254f1e98f67a3b225b4b0f84
NMT,normal/train/0001537.edf,12983632,a2ad8ee3a6d0ebbdadf24b894e5236c5c625e49c48b7a8c7792e8983177d7d28
NMT,normal/train/0001538.edf,6910432,624660a793f2a926daa6d61f8a16ebadf947df465919040c947d18d2023603a0
NMT,normal/train/0001539.edf,6238432,578d58bd9b282e42ff03f3b118b411bcab29ae42034cf3988d57d42a7fd05c35
NMT,normal/train/0001540.edf,6574432,99159bc8ab724cb0e904eb53592e7fe5be0967813bc3a1d2ede834a38ef58cd6
NMT,normal/train/0001542.edf,7565632,54b28075cdb26269a1fdb8097e203d63cd491399f0c8da4baa41b3eaa60c9011
NMT,normal/train/0001543.edf,7372432,42f9fdfc518afddb2fbc91d6ad1d43857311b23d1ed7d523388a81188517c703
NMT,normal/train/0001544.edf,14512432,7b343cee69fe7e3f11c3074cc5a35233a6d7308f83ba72335453010ff848966f
NMT,normal/train/0001545.edf,11102032,412e84b255ebdaaba3f681e74aad774800fc0775b18748d941c9e483dc08ae41
NMT,normal/train/0001546.edf,8876032,76188547cca13025c3d6c21a5ffd17fbfa7b7559e9db2d30fd8af262feeae8df
NMT,normal/train/0001547.edf,6557632,de680953a7c4c039d63cb2cba5b87934643a0f581e7a7b9c9288c59fe8237685
NMT,normal/train/0001548.edf,6288832,2033be34c6c01bdc801489b46429b1451b98b7fea983dabd0996e3bee6f9bce2
NMT,normal/train/0001549.edf,8909632,646d276e3127d1e89c29c93550c63b6e1bac83748e358e3372e5485ba4a95a05
NMT,normal/train/0001550.edf,5415232,882b5a3d6051aeb2dd1037a61fa5a630b8ef1bdf3bc10fb229bfa6d7a6f06564
NMT,normal/train/0001551.edf,6448432,5347517691007fbf0b71b69bda9907921d6d8e5e73b1e09d9793a815a87b01a0
NMT,normal/train/0001552.edf,7170832,95a1bf9c6f24f3467a85242ae971cdab0bc38e4a09d0e5c7af5b1a92d378d52b
NMT,normal/train/0001553.edf,5600032,4ce2da5bd8c5c3f11dc3d477e0be4727571d608660225e53cfca0e95c429f0b3
NMT,normal/train/0001554.edf,6120832,b2ac8c273e9148eb6d5c1451469a7e64f52d0a5e42522929e236294099a63991
NMT,normal/train/0001555.edf,5373232,903872e3c702c6fe8d89f412516317e74d451b7e6d041820a2b0036e196b1f59
NMT,normal/train/0001556.edf,5742832,df47413e09f3fb7716d49485f41d71a74d3806a2277a82a61fd8ee473bb705aa
NMT,normal/train/0001557.edf,10707232,24675d45511fd3c23b5ee0e45fd6daef70b067f172f709b67fc7877f651f84b3
NMT,normal/train/0001559.edf,5768032,6a8999122aeda82c0affb91a2b217d943a7d1e9098dc543ca9e847b2b6931841
NMT,normal/train/0001560.edf,6120832,ba1e3db2cda3785cb1eb631c928ca99e7df4bb39960ed8a3e6b111ad73108a26
NMT,normal/train/0001561.edf,7128832,27cec027f9ce24e98fb368906f7e5e32b04bba337564abe045842f6e358da5de
NMT,normal/train/0001562.edf,5843632,7250894e730e1d05c166bd8279669451a895c358e46e49c8f69ee46c5ccca256
NMT,normal/train/0001563.edf,5171632,10a412edff1138c78138aa7547493fc817840dd24adb83a6956e138320b574c8
NMT,normal/train/0001564.edf,6288832,df1681fa9c6c9b4bfa0927cf766822eec66789ce02678c667f28336928ace69a
NMT,normal/train/0001567.edf,5961232,676c864e9d4287ab36c66f31f80258291be8e54da94e5f79ee195683c9d32ca6
NMT,normal/train/0001568.edf,6053632,726918b08a28adcd05b7e3a5ed5231e5626bc222cdcd6fbaead3b37c4dc8f941
NMT,normal/train/0001571.edf,9178432,6d4fe6dd88251398e52c37fbdd9160bda84fe8ffcc0e7c81b4276afb5bc912b0
NMT,normal/train/0001575.edf,6053632,d0dad270f3a4351ecabc975c6989656742608e9fc87bc9d5bd5023b9b74c0a03
NMT,normal/train/0001576.edf,6960832,62cd8cb2c4b3872640f11a749d204548efc72395a140a891925a168183aec37a
NMT,normal/train/0001577.edf,6062032,81b9e69f86a45c59596df9e12ea3946b4ac55338f09dbd7eddea461f7f20ae4b
NMT,normal/train/0001578.edf,5650432,34fd3d2068e17c7cb6568edc8fbf97cd21a3e7c76519d5349636ff42a7399c47
NMT,normal/train/0001579.edf,5264032,b30e915e72ac562dcac5d614a6e44f21e55d4f1731f5d58b4ee021fc3285a9cd
NMT,normal/train/0001580.edf,5096032,dd03d6e1ac1bcd870b8a1cd4c5aca214a76ffc1eda25f5f4f699ae93f4a16b7c
NMT,normal/train/0001581.edf,5793232,f6321c71420d609305837c4aa7c42dc38478cfdb2511d156ba170ecf8acf3550
NMT,normal/train/0001582.edf,6288832,75112e245e21037f6fdf650dbd3fe3b65d88ccc153f029a98c012b4aefd92fff
NMT,normal/train/0001584.edf,7212832,c6f899da0b2bf1ea3769f06097a4ec73911fdee21802da224126b3e6e86abd93
NMT,normal/train/0001585.edf,7372432,3292153942c6e9fad7583dbcbc3345105f92ed2cce4cffcc3cd4b640b369a5bd
NMT,normal/train/0001587.edf,4104832,a246b8ea38fdfb15c60374586a842ea29ed6af7c6951bafb49981acea38756ee
NMT,normal/train/0001588.edf,5196832,1c7f03205d5d33e658f7e091cb96ff3f9e8675f7ad942eba26a86066835acd3d
NMT,normal/train/0001589.edf,3600832,7e2e5d024c13f2968862de78a488d4da00d241b188a5d43061b3ee2aca7ef726
NMT,normal/train/0001590.edf,6146032,a20b311e7bd69949f8553e70422d8d709c09ae1de8fdcbc3fda335859cdeff90
NMT,normal/train/0001591.edf,5784832,835a5ab97377d0cf1f41e7f77df5a1b6543777d349d1640d7c9f878eadf00cf5
NMT,normal/train/0001592.edf,5272432,9965c037351b1092ba93c5d4cfec97e300a46e89e3d7eca9d904d8888bd0ab20
NMT,normal/train/0001595.edf,7574032,f73341e18f4e93e5f6aaa47a3e7500d895d048fac3f72b430afc8dd12e84ca1e
NMT,normal/train/0001596.edf,81232,2a84f20efe900c901c4c527d29ca8b7c2755df91a502e86d5f83be3014afea3c
NMT,normal/train/0001597.edf,5348032,c734e25263a87d9da3564255b04fff24708ba554e807b34c7e025a3b2a505131
NMT,normal/train/0001599.edf,5129632,4f485d483947dae24fae2c87494dec4916f6a255cbd0094549a320a4ba697eab
NMT,normal/train/0001601.edf,4776832,9411be373dbacf6895ccb33ec82858bbde7215c2abe8f803ca043d144a1becb8
NMT,normal/train/0001602.edf,5045632,aa0380d99e4abdd69210a93abba8a864e057c0c8c3b5a43267a3f2e548d4640f
NMT,normal/train/0001603.edf,4256032,20e3ca3de94a4e63b51b62670459d26bb3920f1101ea387050d9aadb5000ea90
NMT,normal/train/0001604.edf,5213632,7d7ca93c6e78ed8772f15d5cf44ef787f277643c7fc5e09a1867b64e64d468de
NMT,normal/train/0001606.edf,5994832,a9a2ca62d4b495a955e207324b1dd911d0f431c2b9bf986d7d903cb6f300d5ba
NMT,normal/train/0001609.edf,8372032,0d5b6950094db74bf86961b0d6bcd68687e3064c42a1f86aa0a5659536eee01b
NMT,normal/train/0001610.edf,5070832,c0fb5eca399c7275185ff864c214f6a90ecc719df0a8fa60b8403e8511c2550c
NMT,normal/train/0001611.edf,5448832,baffad9545ccb1b21e94e9219306c151732313930e2da95f6f052c1ce09d4fc9
NMT,normal/train/0001612.edf,4566832,e8bd1c2d2952fd8bbbfed81832116bbf212f3e38e8ffc1495eb7e002701adb9b
NMT,normal/train/0001613.edf,1173232,1622a67dc7e69de263fab6363ec4e62099eef7040cd26de4315bedad241ee053
NMT,normal/train/0001614.edf,2626432,2b1298715d971aa786f9b219662236c0e4d574b818d0ab6581008e94e6c0af60
NMT,normal/train/0001617.edf,5070832,08522335ee9c9bbc052c46a74211c37d1cec52622616129da358691a31d50f95
NMT,normal/train/0001618.edf,5045632,912e2412ac41fe5443eef9b82488a75cb01f04414cfe0d1c76bfdf9f7ad8d1ea
NMT,normal/train/0001619.edf,2475232,15ba13ebe718e07838c30cb25a9fd165027c80ff98aee1e040ba7094a88184dd
NMT,normal/train/0001620.edf,6221632,7071279a624f98c437fcd5aee43da0893c6c903b42d9a5ca685feacfdc2fe250
NMT,normal/train/0001623.edf,7002832,c17162a4734206cc352e6906b4a60c9e50f72996b2e3780af15ec7c397372943
NMT,normal/train/0001624.edf,5138032,44c872307ba5a08243924661ef24b88c477d99de8d04bbf479f375d64b792a98
NMT,normal/train/0001625.edf,6700432,d39211f3fca486c56a7009763733bfdee73327400bb3fcad6e0e6ca07051b538
NMT,normal/train/0001626.edf,3130432,b8c637f03edb591e12626ba52003a2be7a18c92d8d1d0cddbd927bd86e803854
NMT,normal/train/0001627.edf,8170432,d0dcb1780a6126aab909a6d707dc387a70b3e5bda486d127dc8f2a84d7471da4
NMT,normal/train/0001628.edf,6826432,5db9655dfa4fc4df9076b271eeb629ead07b30edb9fde9fcc19140dba70e6cbb
NMT,normal/train/0001629.edf,3684832,ed2cf622e9f5a9aa2274f2fa967aed8387b7861256409f903b531c911ccb8232
NMT,normal/train/0001630.edf,6608032,a1363715da6975747e67b665bfd03c514bcea60be848b8e5d0185b679bb7eea7
NMT,normal/train/0001631.edf,5339632,dca2a579386d1408fd7fa3d50cdecf472f06dffdfc80047df3d3328e1b72a900
NMT,normal/train/0001632.edf,6566032,7b40070c386c154e85eb6a22e57257e572f2b224c8e3a90bee45ca6977357cec
NMT,normal/train/0001633.edf,22114432,e97ef1f433be75c65cbe41bf74c311eccb43f8d82effffc72e049b180588e077
NMT,normal/train/0001634.edf,5104432,848470a57c6571056516aa249beaf0b88f328d9e189009cebfa0a1feb8ada4ea
NMT,normal/train/0001635.edf,5045632,136ac4362af857fe438d17b49ae3f96914ad73f28db5b35b2fec438ed3ddcfca
NMT,normal/train/0001636.edf,5339632,1ab90f5bd117a75876804496be7a0f33d8006331218bd426ba7417233511971f
NMT,normal/train/0001637.edf,9102832,4b1964d2ebf99723564b5448c59490f9358b841613bf6c743d50025225cf6ca5
NMT,normal/train/0001638.edf,1139632,98edb7537f623304e208f1c7880b4dbbb8ba98a5f9c9a574db0bf11ae0a6ebeb
NMT,normal/train/0001639.edf,9086032,ea409e17d8391ceff5265123d8d321107511967299b480b3b1eeb09727e9b41d
NMT,normal/train/0001642.edf,7565632,d1977a4c7bac7d71ff75700c2faa7b3320cdb763718491b4954cb28a657dabca
NMT,normal/train/0001643.edf,7582432,eec62de5edbd6621a14e464cc4d33ed72ce9bec98d2cb5c6927f9c2f4353b965
NMT,normal/train/0001644.edf,7607632,49c3c38c25d4177ae2d0a7b8f0d2b91155b7cc4486963ed06b4c5a02979223fb
NMT,normal/train/0001645.edf,8481232,832466cfd41383640644983d080a5f5709827aae148243945e6b5a5d49f8a7bb
NMT,normal/train/0001646.edf,6053632,6de85480a20b112e042d975ddca32d7c78c76d5c760ac404875e7fd9e5898105
NMT,normal/train/0001647.edf,7574032,e693aaeba1cf1bf8b66ee84fcb90143be20df6a7dc73ad2b16efc898a16a72be
NMT,normal/train/0001648.edf,7128832,bff6696d0eec5daa6accdfbb31ef3a787cfe1ec7f80505ee7bee70e803e7f096
NMT,normal/train/0001649.edf,6221632,127bae5356a61883228293a5fe57648bbad58ee9df461ff3a0055519714722a2
NMT,normal/train/0001651.edf,6053632,c89282b53c77af84d84aa7e52dff61b90f726327468d0018d1ebbfd59ce95370
NMT,normal/train/0001654.edf,6557632,2fca84a5a0ef275d117c26ee0a7a5757c347e5c243fb9187dc2e488e600f5c9e
NMT,normal/train/0001655.edf,5238832,f6ac823df55157441ac7fbdfbdb41b1e10c930f317ada481280ac85a69d392e3
NMT,normal/train/0001656.edf,6885232,33b680f5fe7e184ba9f7d2274c875434ce1eb91298ad0c7200aaa0fafdb90731
NMT,normal/train/0001659.edf,5045632,837475399fbb097363576d64727c019e9aa244b49f43682b875637e2f94338ac
NMT,normal/train/0001660.edf,8288032,a44f0c4a6ca2abfb79812d5c0bbf4a450d51bb4c8727d69d78f31680a2b9055b
NMT,normal/train/0001661.edf,7599232,42bb75ba5434980b9ccb107945b42641e808a4a75922e3b911b4899240fc3912
NMT,normal/train/0001663.edf,9212032,92ecc1eeab1fd30652fe2100abaf5538b50fde594798f306f4339f6983d24faf
NMT,normal/train/0001664.edf,7574032,0dafcd32e5a16e48b6531ebb70185ef3a1e5f7bc5bb9c25928401a6d7d64fcc3
NMT,normal/train/0001665.edf,6087232,c48e2cb0770d521cf2f3b4df7c52bcf6f55336183a4c44c2e850686c63fa9db1
NMT,normal/train/0001666.edf,6759232,13a0eb23c72798bb6bb0a52e293f3487c16aae9d732666e9df57608f69b7d71f
NMT,normal/train/0001667.edf,5558032,3679b864dfc3b85e550dfa4cc2334e310979451087dab7ac93a45816ee75142a
NMT,normal/train/0001668.edf,7061632,d3ed00a1cf067932329483c41d09c05abbfa40a24a431625c93610077caeab6a
NMT,normal/train/0001670.edf,6062032,15ca43f69c4dab86dca8864280b14765359f177485adf6627a69014b3c49fb2b
NMT,normal/train/0001671.edf,11160832,c88682591d947102ede7ae37612f499b40d69807aad69b1f716fdc35d40ba68a
NMT,normal/train/0001672.edf,7691632,5375e5dcef8750b1b0f843ba065acc4db5b57c08278efe7b9a781a494e4bb23e
NMT,normal/train/0001673.edf,4659232,806370e71ae483302865b0d675ed6c3d10408551cb9b9bfe5a3b8cd0db40f196
NMT,normal/train/0001675.edf,6759232,b42d4e9d5059a50c71270e4acd098fed01c6b183a2ee1aa68824335453ab35a9
NMT,normal/train/0001676.edf,5062432,0b54563c6b997ac5e25b9b0cb76f22d8a0933a8d4ad24b9fb953023afeb2879d
NMT,normal/train/0001677.edf,5936032,82286a4818577e92d64d128a67aa974a48c971783bd6e4054b987d4c0aca94f1
NMT,normal/train/0001678.edf,5062432,1ea246b1198f4347b932b1e7742479c49dcc046311ad11f549ec6ee5b135d505
NMT,normal/train/0001679.edf,6053632,eae768d1c619e445df69a7af1d2aa77bf12fac956eb06f2c19d885baea60870f
NMT,normal/train/0001680.edf,6221632,153365212fca78aaea093eb6a42f7dbfa6ccc5f1efd47124cea36c542ff4190c
NMT,normal/train/0001681.edf,4743232,20d4ea5d06be880d1515ce290d9f665e9623653cedd19f311789784b2bb6cc6d
NMT,normal/train/0001682.edf,2030032,49fc960dae00ac57c9aa8d2cb1828327e87824e21df22fbc9bfab966256464b3
NMT,normal/train/0001685.edf,4970032,305c455791cf0d963b1d308a0efff13dd2c6ca3f3336a9064a856b612f202fa1
NMT,normal/train/0001687.edf,7422832,ab5c556ce8e9d2b5ac618c3986f4cfb39e8422011312f531b2992831a70611ab
NMT,normal/train/0001688.edf,5230432,ae847c0eea10668d598fac9fc2270031b3168878d1d8a4aca0945ac9d0d94637
NMT,normal/train/0001689.edf,5658832,15948fb47bb4b0b7154d6eeee24f36ec6604dba584ae62497e02168f8a7b0bf1
NMT,normal/train/0001692.edf,2668432,f4e09aec1ccef89808d6f3a7cb19ef190db71fa8a1af996b32fa406f84de22ce
NMT,normal/train/0001693.edf,6104032,812bbd27a8a71543975fa473549347ed16d950cadf4ab060418f80e62ba4f012
NMT,normal/train/0001694.edf,5759632,65291f1f604d9f7d93bb6d5f63f4072a23fa96c51f1b78de418e8d57108b17f1
NMT,normal/train/0001695.edf,6129232,19762a5d62238a6001062302897a206f31906aaf9cd505e244033dd3ba6dab5c
NMT,normal/train/0001696.edf,6381232,652ec75a05c0cea30989326e77a938584192cfaaea4d0cb8740e117a94eb3941
NMT,normal/train/0001698.edf,7271632,9e862897e968d3cb6f2a45dcd3e5b4ffef81c7d4147c153eb6906fb948d06a59
NMT,normal/train/0001699.edf,3315232,a21ef3fc421c879ad937c24cd8a6aaf0bc29882e4ad280bd9e8373cff201d9f9
NMT,normal/train/0001700.edf,10782832,a27d13e0aebf3aa5ff1f9dddf986ff7bc1e937c9f045348a748a85d4eeec8be4
NMT,normal/train/0001701.edf,8170432,52e100881da4ad6bd587691c3fded2b65b25a64a47e9e005def4cf398796c8c3
NMT,normal/train/0001702.edf,7212832,a46e909185ec81b25e085c2bdbac0edb9c42eaef5b3628f0d863ccaf43b71c9c
NMT,normal/train/0001704.edf,4541632,8109d8128691e93330c02fae3019b11f8b1b0ab96ac04456592e05606cb4a29d
NMT,normal/train/0001705.edf,14386432,12b38f9f5707875a3dcb3f967da37338c2dc2d3523ffc1e1f9643a3116ede2ac
NMT,normal/train/0001707.edf,4642432,6c61227a4329b5b3be251b7080f2cdb9a5aaed269f4a0ca2133dd97fd7e9e03d
NMT,normal/train/0001709.edf,5146432,15ba30476b2c348c50c0c02b1f5bc0a93439191439d4687a2e125684c5a0b0bb
NMT,normal/train/0001710.edf,8573632,cceac42a11861ca3baf21487915413d84de34d1bdd6cf6fcd84bee645df05135
NMT,normal/train/0001714.edf,6339232,35b258a86c0e1a32b52c717c0a6b85b91d5d9cd8fb180109a090182291b009aa
NMT,normal/train/0001715.edf,4734832,a165d06e663b749d6539bdcbed3cf9160b951c44b76f13ea963de6ea10db10dc
NMT,normal/train/0001716.edf,4550032,3bae818ea2f0949a8a2c1fb29c1d8a64146d643aed6576f1c49d290bb28382e4
NMT,normal/train/0001717.edf,3768832,228695406ad22b5efe78fc5a3c688a20fc773d98aa11d2823bad5c815e5da520
NMT,normal/train/0001718.edf,366832,425c3c2b3fcb3fbfccfeecaecca3a72f701617458fb5f7661799471e387e8bda
NMT,normal/train/0001719.edf,4650832,bd5bc4a4e65ca3e0e7b38eb085ea64c159cfb494cfd484a262e38dcf871a144a
NMT,normal/train/0001720.edf,4340032,42f6aa0e5e0731d16697b4741a15dccfb41708231ea11855c91344b62357c965
NMT,normal/train/0001721.edf,5146432,05ccc78be51dcf772189af899b712e06fc6f99f4994cd7e1bb873f0caff15d29
NMT,normal/train/0001722.edf,7296832,23112305743420f939e0aebb26c8798757e62eb08050c6363c2dfaf2abeb08a5
NMT,normal/train/0001723.edf,5146432,9fd99d54eba12a653e80bd1302b1c35dc739da899858a3223c47792a2e3af78f
NMT,normal/train/0001725.edf,5583232,ecfa2852646b75dd0a59be24f4753602a573320e13f1d5e196abbd00a4449893
NMT,normal/train/0001727.edf,5180032,b0697bb87bc08aeffcdfa3b506e40060261ced2f417809e666a8c40c60741c7b
NMT,normal/train/0001728.edf,5045632,97097dfc5b004e01cc6512c344af1a488eb3969b077a9a21494c4d40892321f6
NMT,normal/train/0001729.edf,5045632,d597cd73157d5f1b49caed140afc616b7cb81d4be9b52258d5136eef8d14e5a0
NMT,normal/train/0001730.edf,5986432,c90492def2a283ea84ed7fbde6f6e432f10b49f81355ac08f4e5b3a24538a1cc
NMT,normal/train/0001731.edf,6154432,f838069c65b88c3c7e20657f3c88f2a869bb1245cc028097fdf423e8900048d7
NMT,normal/train/0001732.edf,5045632,ea429a1500d1930c3575f96bcaa0c5e0e62cd98b40c96d319cc2d3d3700774ab
NMT,normal/train/0001733.edf,7263232,40f3ebdb242bad92177ca51d4ab114afd10dd09228d06d7a46fa9eda982a6381
NMT,normal/train/0001735.edf,7565632,db6d2707065d082640846c2388be2f9210324b94aae40d10aefc1c509cd5e3d5
NMT,normal/train/0001736.edf,10085632,1a1aa98dd23fd921f279c792f783cf6a230da5cfe41cca169ee1cce62e8fca32
NMT,normal/train/0001737.edf,5600032,797e4427c579daa7af07058d3090d94512cd2b32d4ac29b6b9eb093e6ef063e6
NMT,normal/train/0001738.edf,5070832,2e41b1580aed1b12f43e445b258fa5357f090b1009cbd10a442c9f071a8eb017
NMT,normal/train/0001739.edf,5574832,733b8af12e974fd70a3f0a1cf04424785afb11128a841619ce8b2a60fb4e0d7e
NMT,normal/train/0001740.edf,6650032,27fd0cf31257abeddd7e2367442fea22561f7eed9c89b725c591881109fe7e44
NMT,normal/train/0001741.edf,7414432,e44b33be5f254f201cb3616f5d8093a75c9a5fa93dd1ebf4ba4bf4d4d0aeffff
NMT,normal/train/0001742.edf,5054032,03ba316cc06349e0a7e50a21e35e14c6e24e2dc4ceac81df15c0b566aa8485f2
NMT,normal/train/0001743.edf,5558032,c1db6e663432f283766aa5d341aa5730f2a0652cf976490775ab52934f98bd85
NMT,normal/train/0001744.edf,6062032,72cc426bc712fe520fae6bd5a5f431c8dcd795882e5e3f1e31c00821d67caedb
NMT,normal/train/0001745.edf,5289232,8d2d7c6f6443f2a13d6aaab00b1befe09c635b414a5f4753b9317a94c883f255
NMT,normal/train/0001747.edf,6246832,3acece65ae115f1c6a42baa9c19b0ae4b34c27b429e9f64b34f6e44f0734f053
NMT,normal/train/0001748.edf,6053632,199a026b14afa4e88b10495fa8c4b165381aeab348a48473f7ee8748129a4e52
NMT,normal/train/0001749.edf,7204432,c330a1e5fb129c507d83419e687d1e837da500bd26a0c16ca0e52c529ebd6cf0
NMT,normal/train/0001750.edf,6095632,38b4b79e96d12f2f3f4fbae3d4d904ed83b4726d9e8b21086aff4096d88ecb6e
NMT,normal/train/0001751.edf,6230032,6133b354293f2e4f743e61d15bf5c6cf56ab6cf18907d358b7f9a4551b913f2a
NMT,normal/train/0001752.edf,6272032,318944c1fba86d027e917bcf0de870ca65a2a1cefda8837f260cf59a3e0075bb
NMT,normal/train/0001753.edf,4088032,940b931b43268cf4ae08e49c889066ddd5bf1c4c42261f2bec61e39b97710434
NMT,normal/train/0001754.edf,5919232,895c04c0db85895a4961715ab6d43ac4bca2b778ef261098fb4b87ab1f8e068e
NMT,normal/train/0001755.edf,13151632,3317c6d42f077e2855d07b39bc1a2eb17e4cd9c78d2eeab0984a71d94e731ac0
NMT,normal/train/0001756.edf,5474032,7a6770730972d223cdcea1b1072f6a9ec8c5c747c40f7b531ce3b3a0ea2ca7ba
NMT,normal/train/0001757.edf,8514832,f04cc4dfc7dc07a3f27e197104a3b7222080491bbb00c405a8ac44b7559b531e
NMT,normal/train/0001758.edf,6062032,ec127bc2a897aee01869edb4b9063d964f1e550c43d0e990b8ac11a1a7d539ba
NMT,normal/train/0001759.edf,5062432,e997f09fa1263cc11be12ef530c048e6970b26cde01cc2fb5d6907c5ce96d949
NMT,normal/train/0001760.edf,6356032,fa4e6a84d4d44f2977a628fac708bce465cc1e044bbbc5d33a8b1d30bc048314
NMT,normal/train/0001761.edf,9128032,d6130b5a227c99e1b00eb3f8b00e7aece701a77acbb94ea5736e98ce4e5e5c5d
NMT,normal/train/0001762.edf,6062032,52d79188a092dfce4f148ceceef55666bc4aef6ad0fbe4d341975e530de4eb69
NMT,normal/train/0001763.edf,10858432,955641c82bb11b022280a2775ef628aab505b432526317239c44386f17f14edb
NMT,normal/train/0001764.edf,5070832,a9a26e014a3adf1c261fe5ac60c561f1234124ee88a8d6c5692ca312f5a04d02
NMT,normal/train/0001765.edf,5247232,75bb7b45b348fb3705524477f6a8390c1a58e98cad862588b4a86ee01da1a01a
NMT,normal/train/0001766.edf,5314432,b85e1475d8834de425aeb7424e1fe5a18394cfe305a6f3b5ff5d527393bf693c
NMT,normal/train/0001767.edf,6154432,1d4458496c69d7769fa69817e84557da6ed4cb05bc66490ecaf47df5b40ddbd1
NMT,normal/train/0001768.edf,4667632,bf16b69f65ca3063e5616518cd05ce172c2947771ca5884b4f0e595bb7dd8ca3
NMT,normal/train/0001769.edf,7565632,c81b5e459f641979a14f2446ceec98f396fe3be764c92782d715e1fba66ad108
NMT,normal/train/0001770.edf,10598032,a9a809da86a3dd0375e2bfe367be2611460ec117607c90d1092a9f8100c74540
NMT,normal/train/0001771.edf,6725632,c9902962400fffbf82db95e52b2314d9976a41d7611e0c28a453e822e50e9776
NMT,normal/train/0001772.edf,5894032,721493a9d38cc4ef8a08ef558b526ac2c669c7878c16b7847f5e1b9adf0a9aba
NMT,normal/train/0001774.edf,3634432,389b09b197c19d057c3be95be36ae05a40208dc430d4c29ef097733185ff3e11
NMT,normal/train/0001775.edf,8640832,f4b34c3d1b058c685afe3f64fae99e1d685112176f35d6e8260c8290c0788436
NMT,normal/train/0001777.edf,812032,5dce1f29308e3e384a3d35ed16287198d782f6d181494bff4def432aaaf7918c
NMT,normal/train/0001778.edf,4306432,3f8a6a452843af8ddb9228a4b02725d659a41500bb4235844d84b1c695352745
NMT,normal/train/0001779.edf,8254432,ff6310ba53c1bb7bd4327a0307b965789f3cb0ad79a1a7b65b6a3f534b62736b
NMT,normal/train/0001780.edf,7221232,3f0bf0fe83f9623ddeda41041fcb9172e676484a76e5137a900c3ecc209c2fb7
NMT,normal/train/0001781.edf,5096032,efe346dc7ecfcffab64fcb2ecafa3e77cdd32c30b3a675c5b7f487cf073d218b
NMT,normal/train/0001782.edf,5272432,1941f990805f6eb984293aaf76bfa524d956ffd502dd684719153e89d50f4fac
NMT,normal/train/0001783.edf,4701232,e9f24b4e46cf9a1cd554fd128a39cafaea7512f74ff76a8fa49764dd90c370ea
NMT,normal/train/0001784.edf,6213232,9d8e4628be34066479c0994795d573c531df83aa4e4210f9cbaa32f8609bf092
NMT,normal/train/0001785.edf,5306032,bf00f1a887c4d87df0db8c035e572f65ad1bb3c942d7753509fd461adc775233
NMT,normal/train/0001786.edf,7422832,2db8eb431f23f068f841037dc54829c6450a3732f3c6f39d6de0c2eee22d394f
NMT,normal/train/0001787.edf,4281232,e9fd51b554fc8c0540515274a4b0b33fab224a7eafbf21172d2bad08fc0ba91d
NMT,normal/train/0001788.edf,9564832,5b7347af93edeb690d1e0d56245bf471ecf16ae231a90239f71a911aee30a59e
NMT,normal/train/0001789.edf,6179632,15c98e056c3a5e9d2787df922e6b4baf105c1b20abe50dbce3f6b50b21a18bb6
NMT,normal/train/0001790.edf,5516032,67a541ca59bd8574354b018c44c7db49b74cf0aee4d456f670f3b0b7255f71a6
NMT,normal/train/0001791.edf,6078832,b80558f689ad09de0f359152660af3a020d4e0427ae354548c0b85aadc07d0ef
NMT,normal/train/0001792.edf,5961232,93e796aa1b1e86dd8fa3cd1b08cef113c2092d4172325ba5afd1013b9da30996
NMT,normal/train/0001793.edf,6650032,3bdd244cba80ac710fc39fab07400d2e04c0b99632202d8ced401d77d88cf6ae
NMT,normal/train/0001795.edf,5045632,ea529073787bd46264904dc2f2a40367c31e48da15b9e3606ced3914c314caef
NMT,normal/train/0001796.edf,4718032,2d58ead22f4c05254130e4772bf637a4874ce28e8bdbebd7e979c264c7abefd0
NMT,normal/train/0001797.edf,6675232,867f2391f5f6722a0ca996bb01708694f7358f6f529599598d5d2f844ac77321
NMT,normal/train/0001799.edf,5146432,e03a858d4e7be0d4733cef999dcf41147392500e080052dbe284dadb09d04284
NMT,normal/train/0001800.edf,4037632,d9f10a9a7fbb8d14711a77fb3b98fd2fbc41937abe60d7d45e76de4f65e2392e
NMT,normal/train/0001801.edf,5096032,e153f2b39fee0ce1c4b5e5b9bd58d64ad79f250d6a493070f7fb7721e878eb5f
NMT,normal/train/0001802.edf,5070832,a7ad21e03bcd5efb00a6147bcc9f11d6106ebc744566765fba83040d781930db
NMT,normal/train/0001803.edf,6053632,df1d1d87582d9e684979f3a9b2a4893f47fcb65342f272e1fc8c1b8da5ddc165
NMT,normal/train/0001804.edf,4860832,0e9071b6bab91ffc86157c33b682cfbc0305c9eca2228126dbc86a1b47e5e5bc
NMT,normal/train/0001805.edf,5558032,95efd6ab6ba239ae9d12771dc18121b22ab0c006f9e6f832cb7c7214fdde31f3
NMT,normal/train/0001806.edf,476032,d90d03bf63d7903479ae9f0148a4cf0171412c6246592d5de34b5cfc2639d3a6
NMT,normal/train/0001807.edf,3584032,369a37a21c80240cf335f35e9662a12fea627a0afaa4c2869798fc60cfb130b6
NMT,normal/train/0001808.edf,7431232,b25f0bf729414807dd293c252c039d1ead98e4b5fc236db25dc5e9bc1a3e6f6b
NMT,normal/train/0001809.edf,6389632,8dc35bcedf5ba0e03c40026be2be6c295bfc46829958323212d744df5624c29a
NMT,normal/train/0001810.edf,2290432,08db8ce9b538d7e81c9c2e468906476fafa2fb3318d36a14adb272388ab54d26
NMT,normal/train/0001811.edf,5591632,802065dac8b06253f5c8e2aaaa44d52eddf8319aebbe167d64ab57f54e46eeda
NMT,normal/train/0001812.edf,4046032,f52b4896fed12cbb8beab7f472a672c40fd5c72adc66544b7852aad3525428a7
NMT,normal/train/0001813.edf,3642832,26e33bfe6f3e655c4270645ea161609db0a644afcfa8266e74e8f80c950053f0
NMT,normal/train/0001814.edf,4743232,c6583acbae62ee565b009a9062b63e4270c08a719c948d276c705b60a05ff12b
NMT,normal/train/0001815.edf,3701632,a0c0f38762f661519c2a37be21fbab5330f60f98ea1965cb1642207f3bb73b83
NMT,normal/train/0001816.edf,3987232,ae2810f28982041769799fd80ba06b825836c6d5a8851722f382454d81222dc8
NMT,normal/train/0001817.edf,5045632,d23534de46b41fa392295ebaa542d1c8494eb67ab1a27996df99e27d80e25929
NMT,normal/train/0001819.edf,4541632,1fde23a1ac7a9278c2b5d1c5b5e2116746ee15cca481aa45effa82dd6f31f2d7
NMT,normal/train/0001820.edf,5054032,16d7b1c5ebae8a5a04ef0893d109e2a3c1d9bcb135d262ce566369b2919524ee
NMT,normal/train/0001821.edf,3063232,f67530aa4f192e2e93fa25d464f4d2e8b30614fbc6bd78edb0b96bcd99b9a271
NMT,normal/train/0001822.edf,4121632,ab464b0310bbea832304fe6ee49e1e0e1962552dc11d4fee62efda17f21847a8
NMT,normal/train/0001823.edf,5734432,60235eb4b65a737b7d5a50471f15b3384063aa4d7931fa6e726734327758c8fb
NMT,normal/train/0001824.edf,114832,dd46fa545834f0cc87210a6b873836d5d5f593ecb213b47bf9bd8165ebee6175
NMT,normal/train/0001825.edf,2928832,19482ca960161738cc8485011638c75c8e0b28e5d676110cb08220012649355e
NMT,normal/train/0001828.edf,4869232,f0f2dfcf5cf140988bce008fa8f0e298940be222f11b5649a9314492b422b694
NMT,normal/train/0001829.edf,5524432,c5415e809b79a04c384851666e10fae32989a9453142aa8cb96b8d39d7b38aa8
NMT,normal/train/0001830.edf,4541632,7c75f91b0bde0b17a0fe770cd2e74b5af6008f0e39e7660b6a6067c4a0e70ecf
NMT,normal/train/0001832.edf,4407232,5f1a1230f726ad902b37b81b354b182e1ac6c5a78811d7b3287a6aa216c22d16
NMT,normal/train/0001835.edf,4482832,bc71b3e7e63dfa8523671f9f3c83f730c343de1fdc1200987f0d97e210d0a8c9
NMT,normal/train/0001836.edf,5457232,7ee7856f41a03d75c8cdc54b839f1f6e3d1ecd31bc1c75e3819e5d49b09e7648
NMT,normal/train/0001837.edf,1542832,5c6fd1c51d5019d739bdbd6d2bb7f20ccf2933b114cce81441eadd8b9eeece48
NMT,normal/train/0001838.edf,7464832,53d7f009313064a04761192683e8fe3287c2270d52ac93f4a428d34f34437187
NMT,normal/train/0001839.edf,4642432,9bdacd6bee40d1c36d36eecf032e7ef3441b5a5fdf1fa059cea79d2c2a29a421
NMT,normal/train/0001840.edf,5776432,f7453493f186464820f7f82d40d44d27bc332e3b405c06b1929deef2ad20b111
NMT,normal/train/0001841.edf,3852832,d1d2f3bc6ec83db1d223423b63dd145f224bd1e6938fc168a6bf006788f71dc3
NMT,normal/train/0001844.edf,5180032,10c3bc3acfd4cb3efd47238251dcb20907c3d54affb8b7cd5506282308a9c109
NMT,normal/train/0001845.edf,5054032,710671e50243373a562504643a873edfccb8f869b7e929d8ced80ee7961135a1
NMT,normal/train/0001846.edf,5650432,63c9ad87f42e8e1ce0fc589901dd7c221f886ff53c766bf61b38928f18379fb2
NMT,normal/train/0001847.edf,5373232,612f2cd93a07ff3f4e2b61450fa85e75df0edccc89d247ec4219baa815aa5adc
NMT,normal/train/0001848.edf,8170432,c9aab40161dfe221b2c69f9c34fbba0ef0c73401ca20e6fd9001e06bd3c785f6
NMT,normal/train/0001849.edf,10824832,7f1248f4ff559257f43536d9145133bf08d64d28f7d055fa2c1e6074828b05e6
NMT,normal/train/0001850.edf,4760032,35826733459f0e398e5c96ee1ec1b55453da2020cb556cb4921ef326950403ab
NMT,normal/train/0001852.edf,6952432,9c11c26d17a5e1d4528b3da82818592275731c9e441e51d5b2fe5dd7d7133fcd
NMT,normal/train/0001853.edf,5549632,a473900644b05fbd588ba6b76c801d6ae9b22b90da3f6d7b92a59a3571b940c7
NMT,normal/train/0001855.edf,6087232,d6dc22a0312feb70248611974cf03c8feea259bf1bd3738633fce9b8413cdc25
NMT,normal/train/0001857.edf,6339232,b8e9329354ed160f8245c13e65c1bbce3a8bc096016e7d1044bf71ff5a03e6b2
NMT,normal/train/0001858.edf,44398,0067601e374936825b324acb3d323441df750cf77ff6836f4570f309807f9e92
NMT,normal/train/0001859.edf,3634432,4179b89f94a40c6e106cd762e3e93f41d8ba5faec3019e68ddd9697e695f807d
NMT,normal/train/0001860.edf,3533632,eba7a09da7a6d7717ef70653d27b4e672c94a4daab8dd44357ebd28d46316636
NMT,normal/train/0001861.edf,4768432,eca6c4a38df0f1651af2cd7ce5ec2d96847ed66e6d82c9a6a9395309503e0efb
NMT,normal/train/0001863.edf,5591632,14679e8dc9c743b34640711bd69d80bbf970e800029f574b9c06bbf0012f8c04
NMT,normal/train/0001864.edf,5759632,e6f4a50ac92d963da7c20ed4f6efdf60fba8f41b220910d5205089e89db105b6
NMT,normal/train/0001865.edf,6188032,01e31a57f244d00ffcb281e071c71013227050710f1fd0dbf1cd98786c23b49d
NMT,normal/train/0001866.edf,11219632,0882a393efb1a619ec34e0111fdca54f79abab3580291dfcc134f82ff71f6638
NMT,normal/train/0001867.edf,5978032,1f2e329d71098277e31b52258fb4fe2a17b9f0a13ec458dcc8c0f7273b019d2c
NMT,normal/train/0001868.edf,5146432,af4cd1b34a4a85cccedad3697ed9b77c76c37a91a14e8e91720714dc54d27313
NMT,normal/train/0001869.edf,4037632,491ab636a890b8ec4b138b7ac78b073b051350f02bf17789bf8ed4cff842ae99
NMT,normal/train/0001870.edf,4054432,5419316ef3a8dac22694e28c4879ea4f070de32e6c425c9ce077c9753e3184bb
NMT,normal/train/0001871.edf,6641632,73ecc031b84a4978bfa8fefd1e8120dd77ab364a7e3d16f14b92ec080297a67e
NMT,normal/train/0001872.edf,4046032,214cba275de84851ea329965fe4cfe1b1f665523d07b4c3c3a8cd37820052678
NMT,normal/train/0001873.edf,4037632,e02793a8d59471797dfa0f40f39014cd36684ac80ea3aa9821a890a404b20f80
NMT,normal/train/0001874.edf,5238832,ca4a6ca60b2b7f81c38900f82ac6457fe90374cc518a3c5c98f6d4f33be4a5dd
NMT,normal/train/0001875.edf,4642432,16ecf2d1cc64d99d67a3e1b3e9019f37682ac15fe02f7f7717c153125513efb7
NMT,normal/train/0001876.edf,6574432,eb468f71d5535fc92e2cfb194fae655c1d9c658ec8835d6543afd4c8cf5f3346
NMT,normal/train/0001877.edf,6515632,1840902964ec6a8b5d4975422d91d76d1b4ef9fac55e3cc1e1cc5a9a0b32bcff
NMT,normal/train/0001878.edf,4550032,93f06a40cc332a566fd7b9aa93476d98726ff89cdda99597ff109360d094a045
NMT,normal/train/0001879.edf,7851232,c191d7406455ed0144d43bf5ab90c8e30f0887778c45de719175409078aebe70
NMT,normal/train/0001880.edf,4180432,502316ee0cf7335dba8661199d7b31ee8cb0a8a9ce58c701cfd95e561d688283
NMT,normal/train/0001881.edf,5280832,3fe16e9f51366839b8bfd04b71321cf99625800e435e75ec8586fb90804c0cb4
NMT,normal/train/0001883.edf,5087632,7a612c004786f83f8612a9ab12db2543a2213430b3952e0361a52504fd92ba58
NMT,normal/train/0001884.edf,7380832,39a67f9a5a64fabe02183ae927a3d973a768d134fe3f171161f0c7d30fd5af7e
NMT,normal/train/0001885.edf,7666432,10ab580ab96733f6d2c4c5af33b960cfc8153abe2fda6c97343404c5a2b023c8
NMT,normal/train/0001886.edf,6944032,499b5d9dc1e36a7560cf208fa47b8a48ed421171a5445a9d5d91a853caf3c7ac
NMT,normal/train/0001888.edf,5894032,86b229cd9a7ae645d1871361afb1f9037fb31ab4c2c8c80496c43296e22c4e60
NMT,normal/train/0001889.edf,4760032,467876bbf5ddd959f27848ce6f82c91ff4395335ab22f4f60b3d6530a63310e1
NMT,normal/train/0001890.edf,6137632,2a5e1ecd556c73e48d27eb3dbea5586cdd9ec2fc0a96bb1f220ed23ed7edf1a1
NMT,normal/train/0001891.edf,6700432,a32473e0ed688b46c8b54d2fefa4930b9b034374db5a33f56a4e9e3aeda8dc06
NMT,normal/train/0001892.edf,4743232,514cad3dec2f90b7b3d4baf49f74b7ebabff1f28bdf829fa499392a928646022
NMT,normal/train/0001895.edf,4541632,efa193b8ab7ccb720c59cfa6544f6ed9c357039e1f8f88046c5622d3145f6cde
NMT,normal/train/0001897.edf,5591632,4f97427b8ec9f742ad1e1b540e2a5b3474a95c39f9ded706020a2e52a8d2bd21
NMT,normal/train/0001898.edf,6557632,7b1ca781e51c0237f033aa4510b76134a94166da3a0361e29be601506f6cdcb5
NMT,normal/train/0001899.edf,8304832,c2a911e0bb038621abce19ab2aa758b2cd035de1f82e3b083389bebba29ca9b0
NMT,normal/train/0001900.edf,5079232,898529da35627c9548bdf07568eae7a689605ec970e15c8db2938112d962a39a
NMT,normal/train/0001901.edf,7162432,01cf52698ff5903ccba2ced76fc501b6bd51398a09fe2599a756480ea3940b64
NMT,normal/train/0001903.edf,4541632,29bb3414f20d29303ddfa771a8cf69a9fccd56c930c808121afc233b10831948
NMT,normal/train/0001905.edf,4037632,05646fd0b2d897da4ce1c34fc0125f316e1877f8d194abfe7f18eef89552b64a
NMT,normal/train/0001906.edf,4247632,892b8ab20b76fab3fa3a409a3c75e215e3d42f4d59ca38cdeed30428c3f37e5f
NMT,normal/train/0001907.edf,5062432,ce9718bc64736ee63c348d8c500c509118ac45f15d8796e7dfde818197d0ba99
NMT,normal/train/0001908.edf,6557632,1ec2642a89661e113db08234003363f11ed20ac562d3ebde2b871629ba22b1a3
NMT,normal/train/0001909.edf,5087632,49ae79b4d02a617ed5f9d4b5e87340ce9f646965f571337bc749e627c4692566
NMT,normal/train/0001910.edf,6482032,872ae52bd58d080210b093ff28cdad8c21538f1be829a43f74f855588abecd23
NMT,normal/train/0001911.edf,7380832,fd74e9628780ab5a08ed47481d1f3544fd2565abf7e23eb10cd29263ff31f198
NMT,normal/train/0001912.edf,3970432,10a31a0d57efbd955694c17c1c4585da512c11132e504fe9a54ab0216db933fc
NMT,normal/train/0001913.edf,7347232,305dc9929b423c1d53e9b856742b6b8820f7b984b9831df10374c2c3720e5f23
NMT,normal/train/0001914.edf,4684432,6c7f686af4844cad94620849d43503ace6f48052ca621d4ea71e6620d4215b62
NMT,normal/train/0001915.edf,4718032,e30de7dfd0ee1bd8274150e3b0b49a18ae005b847b87d345989988823ab6cf28
NMT,normal/train/0001917.edf,5079232,7dcec7a0ab3e3e2d354a9ee15513a16af2dbf90e0c149f87f90ba4228f368c20
NMT,normal/train/0001918.edf,6078832,c375f7899a3e81efdf2704c91a8c912d9f9613a37e77356c418ae3359ee92c6f
NMT,normal/train/0001919.edf,5054032,5b36eae799dd025fe2078f3eaa3aad8ab10c36924731f7ea3a26e89c3eb483ea
NMT,normal/train/0001920.edf,8682832,1085be61bb8cce604a4f62388a2f750cdb21005367a7a628372d631e4a707094
NMT,normal/train/0001921.edf,5045632,5a581efbf5679cb679f2469fec2cb9c967f084c84e08b26617db3563b0864b4c
NMT,normal/train/0001922.edf,2752432,acfa6b0b92cb421e692e09f569a196d372394dc715d9d17a8eeae5f9e24d23ba
NMT,normal/train/0001923.edf,5045632,40bc0271d5468ee35f39f4af2b8d4e7c27610fa17101b27755f370fe1bc00bb1
NMT,normal/train/0001924.edf,5096032,144e71326ebcda6e0fc08ea1bfa2288dba06d5181346480317f09e1d5e1df18a
NMT,normal/train/0001925.edf,7078432,14fc090d1cd24a41016d5b81e2e3a624857393a9db852de0b2e328fd886eddf9
NMT,normal/train/0001926.edf,7229632,feeab9fd60cb2279cb6c02edcc935f99c790152b96754976aa8045812f115ba3
NMT,normal/train/0001927.edf,6650032,2146f4ce922b4773ce32aec8d3b377c97f3142901ad296a99e991f625e066352
NMT,normal/train/0001928.edf,5549632,a8e991779ff95ea57db7a2cbd3aeb6b187167ebef1381d2751ecffbc67814099
NMT,normal/train/0001929.edf,5658832,1529e6ce6c8157bf44388496bbd4565ce266d41a33e900f1e2d8bc8f3374edef
NMT,normal/train/0001930.edf,5054032,d70f403a5caf021b7cc76eac1c7ab0eb48f1d24ae0f922a6c538bbf10282aec5
NMT,normal/train/0001931.edf,938032,bc6b7237fbfd73707507bde4e388fb5c7b11b53912a49347417f188c9e120735
NMT,normal/train/0001932.edf,6389632,0626db04b6b79551a456ff393f86ed043f295d09d77a01ce988090349bd71c1f
NMT,normal/train/0001933.edf,5591632,9142b722319fd731219f1315658f08f712fda030e618bec058ef1256b6dcbe7f
NMT,normal/train/0001934.edf,5070832,e51b206a7ca6e947f0df65ad730ddcfeb7b016f2cc02bbff722b365965e7fbba
NMT,normal/train/0001935.edf,1366432,cfb959ab79d6c5ee873649e148fc3476aa009ddee5266d51cfcaf745393e58a3
NMT,normal/train/0001936.edf,5054032,17b82dd5db3f8accbdcfdaf97b6245e216c63c5841a1baf1bddd12d5922b3ae6
NMT,normal/train/0001937.edf,5541232,6e1fcc6903c5955301847b263910729dea59869b7e2802f9dbf157310e136e51
NMT,normal/train/0001938.edf,7590832,b6e61a89767956b8467d1957db421ef6ecb070e7534c91e1f1ed3d64385310cd
NMT,normal/train/0001939.edf,7565632,1d47f7a1d55f4fd11fa30153baece4a43fcdcf886656bc0bcc8fd44c74fd67cb
NMT,normal/train/0001940.edf,6759232,d4f480df8a0ae671413cd7646870794ab68cbc3e064413a7755046a67659ea3c
NMT,normal/train/0001942.edf,7926832,f912ab4388a01b352890e5c6243c27020a7859ebbbe1d0187a555d193f47e9fb
NMT,normal/train/0001943.edf,7674832,d26a97ec3e3c99f78c8ef0033ac960bdc21b3a450cda789ae33d352b3ac2efc9
NMT,normal/train/0001944.edf,7565632,0466ee9998839050f5be7c630ce55aff9826742bf754a124cbaf4abdbbc17e86
NMT,normal/train/0001945.edf,8103232,5e1cbb3426ac33fb46240dafa179d0da57022376ea9c2f8692febee6542c280f
NMT,normal/train/0001946.edf,7574032,2fb30d24b41272cb37a219f2187071aaf870f2e3ac25349f270f18f0628688c8
NMT,normal/train/0001947.edf,7565632,6a3142189818670c7e64a3ba919ea1712f1e0e8ec95c4ed4d50fd601c8bc1d7e
NMT,normal/train/0001948.edf,2819632,98798b2098283131e110ee8e9e2f5d1f7bb42e3e6718b249f512f96c1e37c5cd
NMT,normal/train/0001949.edf,8884432,c0cb19dc570c09fe4ec85cbccf072c5a2b7b436440afaa40f8ba65a99ae9da46
NMT,normal/train/0001950.edf,4331632,6b89df6f6fdbf4b8da74bbf0b21c582cfed9edc9e939288e2a40b6c3a3666a86
NMT,normal/train/0001951.edf,7565632,819d0bddb09592deddb7a4bef3f7de51045149db67295190444d4a09856c03ed
NMT,normal/train/0001952.edf,7565632,3c6256d255523ff3020b0265b84d9f0594539e36e06e8236d2b807afe35f7471
NMT,normal/train/0001954.edf,7112032,67737ef37e652aec66a5abe1c460b3636176afd89a5a12c62c836e1965aa00e3
NMT,normal/train/0001955.edf,6423232,febdbdccdbc2cc621b95799ab63460018612c620113d5b05848a0219f9684d30
NMT,normal/train/0001956.edf,7565632,2a7c8700d5e719192d8d84658740bc19ef1658cdaf34b59b3a19bf2aa8a85525
NMT,normal/train/0001957.edf,7565632,e8f9084904ce0dbccea879c75a77c06bcf9de404172eb89750ae304f62d3ad35
NMT,normal/train/0001958.edf,8514832,4a1598a3a4fb643a9055ceca738f4e18138b19097d303ccdfd73984203349f31
NMT,normal/train/0001960.edf,8136832,eb71fc5ace92b909dd1680edde28c376b6d336dc5d7ba39a47031b7b4ce4f636
NMT,normal/train/0001961.edf,12891232,40a61cff53db2956bbfb620ffb338e94061f2a8e69d5e656851f36d42183023a
NMT,normal/train/0001962.edf,7590832,53c2b863a80dfb4cb566a5f2c6507e384830c21689c1176a42ab0adbb0c4f4eb
NMT,normal/train/0001963.edf,7565632,cddbf86afb983c554510da0453f8d39de52968d95183ea7aeb55ad1290962a7a
NMT,normal/train/0001964.edf,7767232,32629d9d9174d74f0b0ec8196c5913baf39ab3296059bba15f9f23f2cd636342
NMT,normal/train/0001965.edf,7565632,0b03a569195739e1338e48ec00c578400a00ed6921647851f6b456a5202e9ca7
NMT,normal/train/0001968.edf,5045632,445d61ce5c4be347c3a8959b529ef73fbf9211b7b97d0599dd28bf61d9e2761f
NMT,normal/train/0001970.edf,5482432,596f3a680174b38835634f8160017d2d8edf0159720e8d73d717487afd431b99
NMT,normal/train/0001971.edf,7565632,1ab152628d9429148a0e2dbdeb89991b5fa47d786db55abcfcb1931658403a24
NMT,normal/train/0001972.edf,10102432,032e487d6cf9b3e3b188331cb4342921e4e4e6e2fcbeb400d5b3dd23804d0481
NMT,normal/train/0001973.edf,8069632,55fbb9c176daae574d3d4088e49d160a87baa5d86ebc21b18404469f962b5ca8
NMT,normal/train/0001974.edf,13865632,f6f44be5c15b21673a723a9b4a31cbcd6fda88d7c455fd002b472c3990e626fa
NMT,normal/train/0001975.edf,9119632,d44436bb4e5bcba67c9f3884443efa4e8151abe133fd30a6e829970deb1fd6f3
NMT,normal/train/0001976.edf,7582432,e5ffd40519780ae70f018e01977012c0ff900182c6d4d578182ff15ac41fdd3d
NMT,normal/train/0001977.edf,7952032,1560d3f932615854ffc4be7331e2fba7dc4a44516483561b890b7e248fe43357
NMT,normal/train/0001978.edf,8136832,c22df26d0601ade567148b4195d8b182d59332efa57ffac5c02cb121a3142cc1
NMT,normal/train/0001979.edf,7229632,7f3bc16ee051ba36d7f1e25ffe40458455080fa393376a8274e63c580f73e130
NMT,normal/train/0001980.edf,7061632,7a89a852abd377533c42bc16bd4a1ede255d6cd6540ed497c14c67aebf8188f9
NMT,normal/train/0001981.edf,7582432,78bed74c2087ea15c53271cd79d62e809e313cfaf9ab1d56bf94fccd0b0765c3
NMT,normal/train/0001982.edf,15428032,54919f7bdbd3fed0fd8132923d3d4a600ee7eb385f6ecbe0eb01388b6bd02d07
NMT,normal/train/0001983.edf,7649632,62137832e09fccfda554303fe83084fae9701f51b1e5334544ba491fccfc9945
NMT,normal/train/0001984.edf,8397232,05fa6880b38646dd1ba23dd848425ee04e44373a410cb7eb1eca45bca084ce8f
NMT,normal/train/0001985.edf,1013632,40f124f78372d71912a41972539902f74deb9a0c61331bacdbf7f767b2f9ef38
NMT,normal/train/0001986.edf,7565632,8587d8103ee2d5e35b12f16310bb7e14589197b56fb12d9b8174be4e5696a76d
NMT,normal/train/0001987.edf,8069632,47bfc849b5d96b0ba7ead0ab23b5e201505a08440c9b7ff4055fc660012c3fc6
NMT,normal/train/0001988.edf,7817632,57e5c1a98f8d2a950c18529829562e869502f7c689a9cea44b63139935a73a7b
NMT,normal/train/0001989.edf,7565632,4170ec7ff046117bd4a217f49d819e4c07faff1bfd58bc9951eeda73a4420fa3
NMT,normal/train/0001990.edf,1215232,72b4e990a1eee49b15e34dc7b2b0e2ad93df894772c938de39514cf7365326af
NMT,normal/train/0001991.edf,6095632,71ecacaf38baaa2e1684056d7a9114afc9f26a01e4485ea5700e59aba75a68f1
NMT,normal/train/0001992.edf,627232,f8e9617ab0ea7b7101cd981f4cb742234643ec99d657837b634008c7c559de91
NMT,normal/train/0001993.edf,6582832,3d2b093e3c087806dc4bacc0fc71eadc08e6ae87399407f4f24afca70ce23554
NMT,normal/train/0001994.edf,7263232,26e46a02325b628c1047183cc8877f6be92af4454ff6013df46f1fcb4b318dfc
NMT,normal/train/0001995.edf,6809632,ec7b52917c1498392153b98949acdcddf23724a22321d2cd344da02558eef23b
NMT,normal/train/0001996.edf,5045632,d9ae573e5d0470df3b4932421a974b1fbc7b7f2bbed068d41f4ed63dd40e0beb
NMT,normal/train/0001997.edf,7246432,c7bd01d485e6e4d5fa9d52ae1dce433b80d2ba3d0779cbb1c2c60b408df8e0bb
NMT,normal/train/0001999.edf,7574032,19f0dccd324ca6091c2a523d911bc2c1aea14255c079981c615d161954a60b42
NMT,normal/train/0002000.edf,6683632,9570ab9db06d579333a8a59d9b16d2331d5135dd55ae9122b4dd5cbdb7c8616d
NMT,normal/train/0002001.edf,8649232,0a403635d7566a84cad79143b70309f9d5352076d9533dfcf97c55d898c078b3
NMT,normal/train/0002002.edf,7464832,b9ea10bc824622a368b2af44dc503a6fe7d7b3331a1cd232c51a0211d8969472
NMT,normal/train/0002003.edf,7800832,a9152aa8e8f5b4a8775a527b6cedacc60f33cc6c4be6998075857ccfda2b0ef3
NMT,normal/train/0002004.edf,7582432,ca55b60dbb5e727a58d54a3e9211d1dbfd02b7cbfd93b42645c981e150785725
NMT,normal/train/0002005.edf,15260032,eb060bad52c4511d7b8e26d0c475ebefa45eeb7a3a6012aa3c8a09ee595356a3
NMT,normal/train/0002006.edf,7582432,2dd825abe10527a0c30299cf0e657ba1b43930b2b89d611daf27140e9ef236c9
NMT,normal/train/0002009.edf,4541632,a47ef0f15d8fb62b8f5fb3dceeb57338135ba46b67025ba9e97c8507d36ceea0
NMT,normal/train/0002011.edf,5054032,2625ebb872189736ebc2869dd43d8ad5965f7bb13c0a55c6f0b04ab527d10669
NMT,normal/train/0002013.edf,4306432,b4edf401f5a555bc517d7e15d0c6d6fe48b260a1025b1b9e6478a599cc1bf8ea
NMT,normal/train/0002014.edf,8548432,6d42ac1590ab752c57a9833bd08345584ba952ca9c2f8ca82e4c4cf0962737e8
NMT,normal/train/0002018.edf,5045632,adf636790a45f8d91f96c6bd867d71ba864f0a4259ea6848166ef93e4b98ce9e
NMT,normal/train/0002019.edf,4852432,570c69a7f4f1a4306b8c95423fcdb53e49e7505cb7d3c58fd3efd612c497a4da
NMT,normal/train/0002020.edf,7624432,a37773fbd7ff14f4eb59d7743bc2d1f91c28f816453c56a4d31619f18f41df0d
NMT,normal/train/0002022.edf,7725232,279952d9d58b59465a34f611dc1a27af2a1e04a447aa28a1b7cdfb247c3f8e82
NMT,normal/train/0002023.edf,7565632,11c40bfb88381040cc141a19d4ea096836054a682f167969fd9d5394e3826e99
NMT,normal/train/0002024.edf,7700032,98d5f9fa0fc1b452b406d08a75400b94a21acc371d2a55dfc42d49e9b6e25cb0
NMT,normal/train/0002025.edf,6062032,9c09e8bb998ac1daff80fe00cf8f33d0b7d69a119039d602693210d156030f8c
NMT,normal/train/0002026.edf,7254832,de4bebc348ebf7b96f52571e4da5ee560a8601db78f0d610a7d66940b28206d2
NMT,normal/train/0002027.edf,8187232,7fc281e6d49746ec4a589fbbf1443e1566d971a2950422cdc4c1c56f2de869f9
NMT,normal/train/0002028.edf,7137232,4392af84a8886ddf225180a8d2889925bd89339607d49a030b461be03377e717
NMT,normal/train/0002029.edf,7851232,3ea0342fb8c996a2aed1cf3f36a3f95d513fae51fa3ef0861eba3d33514f1f1b
NMT,normal/train/0002030.edf,7565632,19154b6122be0ebcde969060ea9720fe01a92d3df8ff19afe22dace653f8320f
NMT,normal/train/0002032.edf,9346432,75e9056f5f7ef3d356a04f092d5e53c565fadcb0485a295db8e1a68aa7f87f77
NMT,normal/train/0002033.edf,879232,9eea2b6f8d50ca92e3d85e93ce1ffcc0a77c57a877b60080392ee879512402fe
NMT,normal/train/0002034.edf,10346032,88afc8a5a895425712fe4093b8e707d3a72983e3ec070016d7ec4fce9db21012
NMT,normal/train/0002035.edf,7498432,53656176269a8a0893733ecada347a18cdbedfffa1587b08f9b30404941a13bc
NMT,normal/train/0002036.edf,7464832,687c4ce7387cde392b6c1885fa978d1e876bf9e2bb1723c594d8cffa921e8f36
NMT,normal/train/0002037.edf,7784032,409c028b890ae639ab584ef86c7eafd91a4fb1df1d7580ad635de3d733896405
NMT,normal/train/0002038.edf,6666832,cdd0502c3697e097209cf4d84eff84562feb4c57864454b639a71bfd46ef23c7
NMT,normal/train/0002039.edf,8044432,867a6986e9a221e4066ca1b9a725447373494ff54009f4143e9e2e5528a12bce
NMT,normal/train/0002040.edf,3911632,05a607ff3f922c44c83091c7b569656ebeb645a7c83fbf3076c26ee9dcf85b11
NMT,normal/train/0002041.edf,5717632,f71a6a31905023da2a3c2786c9952496a66d77cb4a084530d886ab14b4045055
NMT,normal/train/0002042.edf,3794032,8bf17828d88b0c13c559b92ddee20084e6cde976b2b6573fe4ab87889e47b426
NMT,normal/train/0002043.edf,7565632,5aff04f70014d0189d87ff9b47e064aad3eb58e7a0c3f6923f3a29c53cd248b1
NMT,normal/train/0002044.edf,6053632,6e5f46e5308798ee2c40746d4f818d459ed7163ddc6d1fe9a0d42d9e3a8f7bff
NMT,normal/train/0002048.edf,7624432,1ee4ffb8a6d9e03e11a8f6fb26f412a2625e8390c9dc1cb8b24b6c0d1aec1aaf
NMT,normal/train/0002049.edf,7204432,9b5ce251bbee14ca208c6ebd9dea6a2d7972d69ec0bc4f1b95907c5c2c97ee52
NMT,normal/train/0002050.edf,3852832,cba9220aede876441165e1d62bc0f3a5e3cc8be52c167dce568e546b0cee3fb8
NMT,normal/train/0002051.edf,8069632,23825e149e699cfa183d37dbe781559638b52358af5f052b498caa22eef225c6
NMT,normal/train/0002055.edf,11379232,37b96a208339062e0c9bbdbb66100bd781e61d2abfab8e6d799d38a73717708f
NMT,normal/train/0002056.edf,7809232,16bd86807b29b1e145cfa69e393973ea011e4cb0e9ff9cdbd2d55664d38e025d
NMT,normal/train/0002058.edf,7750432,e840dc1b8203453805337f886e54954d7a5df2e726d07b81ec5f271d05ea8a2d
NMT,normal/train/0002059.edf,6809632,2303bd7d84e5ef6135045d88b770642fe37aac3b3ffc631d897f91d856825af9
NMT,normal/train/0002060.edf,7565632,89b7010cd2d2c8d95e8cd92ebf49fb08b561fb346a5fe449c355695d2b981bb5
NMT,normal/train/0002065.edf,7607632,1030c1901d838f47863cc387348467ab02907d7a0a801a732a7507b9dcb6da67
NMT,normal/train/0002066.edf,8540032,bf6dec264db012f6901c694ed3dab37c69d3779d950cb2c8dc95fbac35e5a0da
NMT,normal/train/0002067.edf,7599232,092114b5d2b544747043c11dc426abc342dc192c44e4eab2fa7b023e37311c99
NMT,normal/train/0002068.edf,2475232,59653b1100c19930e134d90cca74af963a154853131c399a3f81772af565ec35
NMT,normal/train/0002069.edf,5726032,d738b38d469870ef2ad5e842e4709bf09dd525e32a6baba480a82e827493f0b9
NMT,normal/train/0002070.edf,12605632,46d4d0e3087a25f1a8a2a405bd912d0a8597b8f51ad32a0fee2b17980ea56c6b
NMT,normal/train/0002071.edf,3693232,16e43cebd05691476653223c1cd4534db7f41aa9debd395b4f8e721ff20246d4
NMT,normal/train/0002072.edf,3668032,02935378ec358d84b4e88fd62035bddeaf62c49d27ee9d88b9539a02ff1dd1b6
NMT,normal/train/0002073.edf,8019232,4c3abe28fb7cd5a51344b7303601186575edd5da35f0d14df136b0e06643ba13
NMT,normal/train/0002074.edf,6893632,a33db5abfd9f3eaf315f4fe83a8414826c92a0452795eed87d9b9146053c2eaa
NMT,normal/train/0002075.edf,6927232,87de926c3d0aebc8cbcbf41302e369c6afccce64522c18b84e0a4c73741c3aa7
NMT,normal/train/0002080.edf,7582432,8e855dc530cd7aa42ea57b39e5ce9fe2da8ee7de7a51f44374eb6d0109dee84d
NMT,normal/train/0002081.edf,9069232,4b72e258d75764d2a22f581669dac00a1a56c70219964689b91e4e21624c5e73
NMT,normal/train/0002083.edf,5835232,25fd2c72f67e811bad939940adcf95e087ca98bb314654fff5332d5524ecd31d
NMT,normal/train/0002084.edf,11312032,611337ee0e8f84db8b4957435ad9db2cbf1515a94ca6989d2ab63c216091882c
NMT,normal/train/0002085.edf,6893632,af94b98a49bdc0d014c0809feb17dfdb41d2cd030a044c388bdb7058062172c3
NMT,normal/train/0002088.edf,6557632,b1ac9c34d62f48a3ee189016e9d52d9b994460b0e581be1e620eddf30e5b45e6
NMT,normal/train/0002089.edf,7204432,7e5efcda04ee38b94a91244f986c0b042e5fa5d817e119528b214f6cef485c6f
NMT,normal/train/0002090.edf,7061632,0cb1fdbb4c40735f2eee05928926c54deea603b99df0deb9c8c32feb646f0b35
NMT,normal/train/0002092.edf,8514832,5bdb85d58ac8935612426bf9f8aafbf394156d0d96cfeb107e9495d21bd3e9da
NMT,normal/train/0002093.edf,7582432,f03380091c7023c4de6ede5bdd69e17bb2f54168fac82a5586a532586ade1889
NMT,normal/train/0002096.edf,7061632,cfbfa571ba9b59cb183d55ce4812bd979de98ca36c2edc1d91c07533b5a8bfcd
NMT,normal/train/0002097.edf,6935632,f0a5690341633b53b0a7e5cbec7f3ce4c1ddae413a0539e15c034cc51769dbb7
NMT,normal/train/0002099.edf,7775632,815c47021899d84e92b15e89012453b2e96fc6c24b9caf7a6ce46eda884ccec4
NMT,normal/train/0002101.edf,5650432,8436834d91eef38520150ea15c3b719f5a0f6e9125e3ef044727841874ad8555
NMT,normal/train/0002102.edf,9035632,f593a564cdbf3d4934e8f1e1f879901f424125d0a14b42b777a05dc0108804b2
NMT,normal/train/0002103.edf,8321632,1e9728d0a25dffcf1965d3cc2abacbf82d28ca3f02200f0bd22f86936211b9fd
NMT,normal/train/0002104.edf,7078432,82053c848921ada17fc758e2438536674b9f4f6a0994575b25c146b0037d74ac
NMT,normal/train/0002105.edf,9329632,aeedfde19e1f8a51f41d7593fbf24c67a851861ff0fd111e8acc011c6d3ba252
NMT,normal/train/0002108.edf,7061632,080b812e45a60909ba310f1d9873cdf3bc7bd94ea1c3a022634be6f95e6276fb
NMT,normal/train/0002109.edf,6280432,608c96d4c71cd67cebb82a7e1859f2050891f87e94870743f02dddd86b0ec081
NMT,normal/train/0002110.edf,7061632,89a86e6d3c1914b93c82c1f3dfa0aacb26f1abee16681da0981877749f7188b2
NMT,normal/train/0002111.edf,7070032,be48750b044cd02c881b8d857c7b43761bf208144885bbb567bbc0ce100547d7
NMT,normal/train/0002112.edf,7565632,bf8fc5af1ad8cc33289fef218a0ffd9fb0c3115633be1a3d010e8301020a9f4f
NMT,normal/train/0002113.edf,6566032,194bc6df1f81e6d9c39f6d5460ba33dd4661921800c9e0d9e55ae04d05cd242d
NMT,normal/train/0002115.edf,7162432,54caab408cca07c5c393926f7d590ca4ac8ca9b6009c4bdddf548ba1798b33b9
NMT,normal/train/0002116.edf,7590832,98e2abc040fb0091e5eed73e71b2b20083aab6c7dd53c3ab827e9c75e45bd678
NMT,normal/train/0002117.edf,6683632,173791995f70d1919f31a0265383e437125350c5c920548cb592f374c7bed334
NMT,normal/train/0002118.edf,6448432,f98558068bc1b33b8f8713ed8af2ff42bcededa638eaf29480d5950f71e490c9
NMT,normal/train/0002119.edf,7246432,f9ce75d620dac2022b4c8071d9737471b985a8388bd2a709cdbe2ef633a2d3d2
NMT,normal/train/0002120.edf,7086832,989441b777357195dd5365abcb3ffc75495454d9ad1ce216a029d5ad637a3195
NMT,normal/train/0002121.edf,6935632,09cbd02fc35a4e1207f16a8d0c935925dcccaa8b0f930ec37160f81c96345675
NMT,normal/train/0002122.edf,7347232,38d1751ebd5023b2017ff8a365097641caf11b80a0093b09212c0f257d738076
NMT,normal/train/0002124.edf,7280032,63882cb791666d0f3299cf8047171903197737df24707532111539c90ff91dac
NMT,normal/train/0002125.edf,6557632,e5247302ccc9c977101fe01136a15547d0cd4d04ccfaeea3c2712be9ae1d0de1
NMT,normal/train/0002127.edf,7070032,d3133ae3af7e2e01b7fee5fac24fc93b3845fdb37d4f8fcd0e5522bafabc04ae
NMT,normal/train/0002128.edf,7095232,5960e4579b84b632574d7cea6a17f796cbe964ca65dd40ed0b690979ff745413
NMT,normal/train/0002129.edf,3794032,5c3dee6223478dfab81d4bc8535ee26db8a0a8a3a9707ad1aad7188dd7971465
NMT,normal/train/0002130.edf,5012032,fc4e400a4a509cdb42f27038cec0969391c086c26833aa423b7cbc1e7afcbea4
NMT,normal/train/0002131.edf,7086832,efa3eb0910f68e0d497ce1fcc2839fb7025ee187d61b5f13672174adc2ca0b21
NMT,normal/train/0002132.edf,6658432,52160b0a00042d5e7c1ced116bbd0b1ce7b6e7e789f0dcdf54e1e75d0b351ac2
NMT,normal/train/0002133.edf,6431632,81cae1f412d18001c5c4300a6414a2212a2e5f82fc418b26b524e96bb45596d6
NMT,normal/train/0002135.edf,7154032,f6e67e6f9695f48db7b0290b8ce7d67551a8061228f5b85a75061e7c59eba935
NMT,normal/train/0002138.edf,6448432,747fd9adbfc2966535f7726ebfd504647352938cddc35b73680fa1a17b58e385
NMT,normal/train/0002139.edf,7616032,7577955bf1a42f2c237f8de01c31d82d10b5ba2644ff4574201c24a610f5a344
NMT,normal/train/0002140.edf,7061632,758da97ca24448af314114254d188333664cbe97b4232993141e4a86267e4b91
NMT,normal/train/0002141.edf,6986032,d4fdbb4a2b785aae29e128aebf2926fa00fd1a258149a52218c2f11d8bd2f284
NMT,normal/train/0002142.edf,6759232,361ab5654dd61ee895478ca4d8f6d1b35d127eccc65008be75c94a38eda2574b
NMT,normal/train/0002145.edf,16536832,e43e03b65c2cf5a03392c6e8af51b6d86a32fc1ce73ec922c00cb5f4062b4be5
NMT,normal/train/0002146.edf,8061232,dde6f81b3fbc9699c7fcb6bd538bd022162e6f23d2e4be47c4ef1736fe7d7ac8
NMT,normal/train/0002147.edf,7162432,88cd2a7e53d56a596e4f0fca14af3494ff2c85c10d927a869eaa2179d5723deb
NMT,normal/train/0002148.edf,7389232,3ae292bd02a0a9106f9a343ccaf5cb82463f0a5acdc781ccd5c4906ba7afa059
NMT,normal/train/0002150.edf,7582432,df9deb2036c95939dda82b07f70cd6f15ba5827614ce2ae2a3da47e9349e8214
NMT,normal/train/0002151.edf,7582432,fc45a906ebc268bc461ddf4e63a3ed8d59e7bbb07fd4f89eb4da4cc26b7d6919
NMT,normal/train/0002152.edf,7145632,277bb8653b0bd36e5bc62330d592744ee3264264cdc714bc6571d0b8a986e168
NMT,normal/train/0002154.edf,3978832,9d3f34e45f9c04c6dadd76ad1e13ad49dc9d52c60be9d150975220acdfce628d
NMT,normal/train/0002155.edf,3533632,43b8051419dde4ef4b3231f15902306a2767f41884367f38a09214fa031a59c6
NMT,normal/train/0002156.edf,5171632,cc84e323d809faddbdb9f31b3ed19d4786ea333553d1520f6b67a6ad147aa305
NMT,normal/train/0002157.edf,5062432,2684c9d22de95e11c49246a6b839237f50046590e701228e4f63d77bd62a3eb7
NMT,normal/train/0002158.edf,7590832,f9b615f0f48d71b8e53bcc3ca2e3584d2b29a69b784b894eba8667027ac4c620
NMT,normal/train/0002159.edf,6440032,f902e2ef26e9d1d1ef86aadf5bcfc45b7b9d02e5e9e34b2cbfc8da26b0d17ee1
NMT,normal/train/0002160.edf,5549632,5c61f05b847e53193d8f8e069f9d6292bf46cf36a2e3b6b7698552d24ea68c8b
NMT,normal/train/0002162.edf,7095232,01f66daa9f8e0cc2012d32abb35d53a56f19b67925f7dcc4f272de719ba9724d
NMT,normal/train/0002163.edf,8103232,0370eb48ed1c0bd02f9d1c36a66215a748971e47777c9bc190296316879b5686
NMT,normal/train/0002165.edf,3928432,b9f3296bf16c7e66790bcb388b1d22aa1950aa58c7ee0a71d0b8553269424321
NMT,normal/train/0002167.edf,7607632,d3bb7f5d209d42a7af6ce3ec3703579b49bcffd598dcdd3a4a9da266086ec574
NMT,normal/train/0002168.edf,7481632,743619135e155012ddce1fe85c641cd30a21adb75296735c10b54dd735a1df8f
NMT,normal/train/0002169.edf,7565632,b33a71be320b9ad8929bd00289c5397b2c6cb4654b523af2afdcb69350bc54f5
NMT,normal/train/0002171.edf,7767232,9b8cd2ff8c6c7d073c564cc267f33a32cd5e07c252a00def33385730a9cd5d17
NMT,normal/train/0002172.edf,9035632,ca5c8f8b2e31d2e144080d43987841cea29063cf33a4f6fd0f4f96e76a966aa3
NMT,normal/train/0002173.edf,7154032,719155bb8112ef5979902194d11c5b901d8341961d3a21068ba8a36c7b55190c
NMT,normal/train/0002174.edf,8271232,740883589a5542240a39f752accb87274346b22be25fd17003a12075bf81c349
NMT,normal/train/0002175.edf,6582832,01676b3f9545b71210125e5e95ea59cc284124c9145897c618fc8d4d009a9e56
NMT,normal/train/0002178.edf,10430032,52f83aea9bb0d204076e3a0fb4eb89e5b0affbe3f7a6439ed823043ff8bba4d8
NMT,normal/train/0002179.edf,7347232,287160e0782d415bd98d90bb49ec59463c3ef4457532dee2c85932db00f7c016
NMT,normal/train/0002180.edf,7834432,732f6dcc2a73badcc6db4de78bdde5050966cdecccadb92ac30ed144c654286e
NMT,normal/train/0002182.edf,7834432,99b2a8467454e9404aeca701f7265fef563272482d7b72a0cbe41b5c7c1e11a8
NMT,normal/train/0002183.edf,7565632,3c7ba25e3f5e1309aa744595aca75a5ed4768863257cecabc49b5f1f1665a609
NMT,normal/train/0002184.edf,6448432,4cddfb56e0af4cc1fc842f3cce21ecb21a634761e2540aa8fa67606680fd3713
NMT,normal/train/0002185.edf,7826032,858b5d33743983b0bde4e41b52d7df16c01d51fcc0f391875d790dd8b85633a5
NMT,normal/train/0002186.edf,7439632,8d88a4571bcd0a4b66f5e897571f22a3cfef7a7c81ab040df2c150890f6ecc06
NMT,normal/train/0002187.edf,8548432,86ee2c581bf0b533e075e5d03aa703e050a537f1496d3b385191811d22556b28
NMT,normal/train/0002189.edf,8590432,c4608d3abf8c7c2851f6f858ef4c9ed2e0d25f1df3db068f6e5d016e9735a45d
NMT,normal/train/0002190.edf,8582032,76a4f2db7e40259c25075377684cb8354fad1e09516d58e291767d4675a1a7bd
NMT,normal/train/0002191.edf,8078032,7761d6125be3ff37979e28ee2353316380ecb4b9fe457688da981533c33e510c
NMT,normal/train/0002192.edf,10085632,1f325ff06e3cf6914e50cba9be1bc833d29c2b73c4164c6f6d62eef0e7532838
NMT,normal/train/0002193.edf,8724832,0f7229459050520ca4cb13973a749e2397d85e2d9ce47de8629c0e4f237f0ab9
NMT,normal/train/0002194.edf,9447232,2eec1d97d2953a31ffd4cdea6e95752c107594abbe46f6fcd234b52e71b87e12
NMT,normal/train/0002195.edf,8456032,3828ece0cd28f4deeaa7641e66f07fc87fafef3e77f63bbccd95678fec5635c2
NMT,normal/train/0002197.edf,2416432,d1d93980d517e9deef77561726aca578502f7c2cba87fc974a66a2a2332bcde9
NMT,normal/train/0002198.edf,7154032,80fbf49453f4dd5199dc2d63ea3377952aea519192801b7252767a2ce237160d
NMT,normal/train/0002199.edf,7448032,6297ea0c36089f3d56f862ef931189dc6435cad088a88c86349a79d1f30bbaa8
NMT,normal/train/0002205.edf,9203632,8aa0a46f8681028f4f522624068d6c4b7171cd6c45cf47bae5aa7985a872015a
NMT,normal/train/0002206.edf,9480832,653696817e3c6afaeb3f5254fd7e856283a0e4360d3d1dab3ba622864b808dc6
NMT,normal/train/0002208.edf,11160832,c5e7638464bbc725651ef4762b05d6ede1b6c9668608399f71bad1a66b65ae5d
NMT,normal/train/0002209.edf,7506832,6af9ce40cd6cf6b9ddd8319799f01614b7d548a9c6d7d6aad3f3059fde2f1c54
NMT,normal/train/0002210.edf,7666432,5f637a89b82dd639e0292fe95b72070fdf8f26ab88fa2a4a1acd23c2bf257b0e
NMT,normal/train/0002211.edf,7120432,cf5606c28a46bfca7b976203d570bdae82e19291d2ef8f6af044e864614df8d0
NMT,normal/train/0002212.edf,7061632,a1d72d7182b8149eb34a3ba78e2c8d05068ac75ac835d5cce35c4cf591d68646
NMT,normal/train/0002213.edf,8086432,33ab6dd367d0842f39d723cb5c664bec2205137ce00980f42346c2e07e9fbbbb
NMT,normal/train/0002214.edf,7028032,c95e9ad9ae5e7e1c40f21410f6a33c51275c6ba806ed51f14434fe8b59941cd3
NMT,normal/train/0002215.edf,6834832,e7387a3822d462dbcfc84a8df3d2bafa0d1087b840a539a6e87d5dc7b6f1fdaf
NMT,normal/train/0002216.edf,6952432,42af0d3caf3336078c99786c50ef71c1c38802332f0c6408a1071e533fe5747c
NMT,normal/train/0002217.edf,7565632,7a4e436c0645099052d425dd25be3f7010193cac576bf33640e3cf5afc200683
NMT,normal/train/0002219.edf,7674832,f222b27af1aeca79787d7421a4c876203d4175e017c6a8f1e550cc3314768b9c
NMT,normal/train/0002220.edf,7842832,e5f2e30382b1a3fd2180795711536d450934505e6ba35debd6ac2d89b8b2b772
NMT,normal/train/0002221.edf,8195632,f8f634bdb49135e664561048d48bad1a0c6b231fe7e236308619be8eb3e5037a
NMT,normal/train/0002222.edf,7582432,7aad2ef2b8d039612b3b95af22df8b2d37b7a2e7d0684a993bebaaa204865429
NMT,normal/train/0002223.edf,10682032,9f195fec98b2c56de84c8ffc824fd690af945726b8f5b827197022df23bbfbd9
NMT,normal/train/0002226.edf,7448032,6d01c607da565cb43eb68d38cb59759642e805c434bb4121c6fbe4fc4e4d7113
NMT,normal/train/0002227.edf,8388832,6e752f501c0b084914aa49d413ad53474707450da4ca4bc7ae0b7839109149dd
NMT,normal/train/0002228.edf,6784432,1da609a0e43c39892ed32e81aa199ed5995a024468b0c7f7a21e792087adb915
NMT,normal/train/0002229.edf,6582832,92c56c03e6d0fb3f251b6a3cc2ff61094c3b310d2424f912b1c48ad5b2516835
NMT,normal/train/0002230.edf,7061632,312bcd71886f2c65db8872acabfce86e8b8be244b28f02ba55abf0cb10529f23
NMT,normal/train/0002231.edf,8094832,4432edefd61287ad1ae7b21acaab53426ab457a5f015218652e86fdc186c58ad
NMT,normal/train/0002232.edf,4214032,4a2e3849c0c96d41c49971e0592fb5055d6ff14a8a6065208ca74f6fdb4538ff
NMT,normal/train/0002233.edf,5037232,c2ea532b8850ed7421e80fa9523942a77411b72b3853be44875baf2c22ec8212
NMT,normal/train/0002235.edf,6389632,f413d3037efbd1355579c509667476c467f2cd0381eced99ee7e9461fb23fdbb
NMT,normal/train/0002237.edf,10127632,ba9f0ade0bb800192c8cefacb6c89151cbfa1ff8b759bcd30a49d963c17a2e2a
NMT,normal/train/0002238.edf,7574032,f2c741c564b9560383eb4ebf989b28411ec1f5eddaa0cc474310447075e5d532
NMT,normal/train/0002239.edf,8069632,d1ef84a51c7d95328afacb0ff61abda9898cdc8a72bd088c4d4685d30d0ade93
NMT,normal/train/0002240.edf,6960832,3b03cae02054b67c05e57cbe188f89363273b7eac50fe612e5ea041d7fceeb13
NMT,normal/train/0002241.edf,7355632,073ce6688eeb886af1bce7b76417f2ea9f2aa15bbbe97d3c465aab51ba1777ac
NMT,normal/train/0002242.edf,7070032,24668523d479e108ea840ad921e2e23216d7779ac98a957ac51998a2aa4ec58f
NMT,normal/train/0002243.edf,7565632,f72e1782900580dc45ad77b6b762c7ced12c590aaeb10d7049451f57c94d8c0d
NMT,normal/train/0002245.edf,6095632,9fe40bf11a2e47fb17f0f190ba351bf833cc7a69d60f05fadbef1a207e2f3287
NMT,normal/train/0002246.edf,7078432,b47e0326469611d5ebd2ea23afb799724c9ea4457c41515eeb380963553f07c7
NMT,normal/train/0002247.edf,7574032,55e3f794abbe7bb26cd019b569fe00f4e1f35550470bb688f0a7b04f2b9121d4
NMT,normal/train/0002248.edf,7078432,e513db9ab417462fe197d1a5305a205fa6187922e579dedf2e1114bee9b54225
NMT,normal/train/0002250.edf,7683232,1d27d9a83b8b7d9416e3ad562e7166672f852d6d6e7f1ccec9e0fc023cd0c5a8
NMT,normal/train/0002251.edf,5406832,1648a5438f497e7896d275d3247296016a6d2e49f8ebc4ac4b612709d855cae1
NMT,normal/train/0002252.edf,2550832,db5337f7d0fa339a43a981dd2be0d946fc604fa7bf216c1918f3d167b95a0853
NMT,normal/train/0002253.edf,7574032,f9b24746cc8ef0eee312b9c0b8cb97750b23335729f17bc6087f7f6e7c1d555c
NMT,normal/train/0002254.edf,6759232,672babc2d779cc8a5a238a5231b610bb670d835700421c1005cd94177250c7b5
NMT,normal/train/0002255.edf,7254832,ce893b8bdeba7548ccff8ec46c4fe08fc23b8187dc2ea1d3edc2cdbd82664b1a
NMT,normal/train/0002258.edf,6599632,f667d31950ea1f5abf9288c11fffc507ab817cbf5f129d946af07764824ab5d1
NMT,normal/train/0002259.edf,7061632,31c99f47b20ca824f6bc34c8c3ccc9915fd2f7f6b42df0f9573722e154145aa4
NMT,normal/train/0002260.edf,7128832,d8a2dd67212a76e8aa9ee1483986f2b725daff2b43d3277b38f6937d91d1987a
NMT,normal/train/0002263.edf,5490832,fa3aeeb9c11442516156ae010ae3b28988df5eec115edfd770bcc6dab9712739
NMT,normal/train/0002265.edf,6154432,542ef5f623b63787391df1a2dbf1d9efe49c02c24fe4692f38b185d8d9c0f820
NMT,normal/train/0002267.edf,5045632,7af504ae53f1150ee388f3d9c887683ae4af0863f37b84ca984ef77499bdda5f
NMT,normal/train/0002270.edf,7070032,ac1836f4b5afe4545ac23351c7967553b3302557a996f4ef5525386b437115c8
NMT,normal/train/0002271.edf,6557632,15fa4d3c86abfb4d0ce63eb9042d71d394da38ba04449c473ea4c6ec2e200a82
NMT,normal/train/0002272.edf,3710032,a783416caa1fb9d5475db14fc9afdacc0a01269745f64955d58f43058751e59b
NMT,normal/train/0002273.edf,6801232,43d770feeb1215af437c8c2a63a3b5ce268544c2622d1c94f052a3132435bea7
NMT,normal/train/0002274.edf,7204432,c87c84902876f534e1d4b424761603ff3a69c58347899b47a8d4f88da3ea4aa8
NMT,normal/train/0002275.edf,11320432,56ff66eb74cd5c6722c5e2c1dd3593b1a54166d0790b62025594d28d0268ddd5
NMT,normal/train/0002277.edf,7826032,0559a9dd580b79b985f771b7351aa399652dd8746c94b3a11b8408b9e5bf483b
NMT,normal/train/0002278.edf,5045632,68220294f59c09eeedfe6cd15818f1a8d70a313df1abe5301e2f472aeb945f55
NMT,normal/train/0002279.edf,2592832,5458d679f6a33b0b1ffb520aea7be935c1bdebb6d3fd25bd0985babd2b36af79
NMT,normal/train/0002280.edf,6666832,0b21d76c37bc41bd379b108d2f0c721919e04ea3b9f40ef4dcf2ebf5cde92479
NMT,normal/train/0002281.edf,2727232,82b2ca2aef3f05fc2d59705598b7b6d62ecded3494ad3258aed9137765e9afad
NMT,normal/train/0002282.edf,9917632,d9f065e1cbe033e92faa14ff93e857518549672b21ddf58da2ba97489416d6c5
NMT,normal/train/0002283.edf,7683232,bc0c30628b18f982b365250d15e0e5ff99c34bd0616fd2e9638c96f924106983
NMT,normal/train/0002284.edf,7582432,0c27f12998898cf5bdda03393136e09dd936ca4fd7719affe175b11495879c22
NMT,normal/train/0002285.edf,8624032,fcbec966c46ab5d726e1eb71e138aaa71b6879b2a520a620b52fa65103c9cd88
NMT,normal/train/0002286.edf,7632832,880a41c30196ec094fba49ca4f929322aee781c199c4f88f77161be1da7085b6
NMT,normal/train/0002288.edf,10614832,4f9bdd75d78719ad799c513a84c0c1901b9cbb1b767330041e9e49b54c824a27
NMT,normal/train/0002289.edf,8825632,dcafbddf0cb4651bc9ae257ecde9488e96a48a4885fc3a0457f6a917e95265f5
NMT,normal/train/0002290.edf,9077632,b7ea5fe3ec4a6ff142757356794eb9e25f4e59d6eae51a55d917ca237c92c7f3
NMT,normal/train/0002291.edf,7918432,a5310d0a2f3d5927ae1bc4de80944fc244e3f2c80d16f239f39991e1de684ba1
NMT,normal/train/0002292.edf,9682432,7fd3413684ecd0f5d845e581ef72918954e7b1ccd38662a58c27c54fec770f7c
NMT,normal/train/0002294.edf,9086032,1b1698ded5cdc40db6b8487e277eed6531f9d39ee6dd680cc74d66de4804341e
NMT,normal/train/0002295.edf,9472432,c0c07ea9c9ac3b97d0a19d65af7187bc8893afbdc5c82773181f6be6f1e9c947
NMT,normal/train/0002296.edf,6692032,26105e5831edc1a1652d4407f6794409752fcc778bfd47ed5ddb6d6fb65254f4
NMT,normal/train/0002297.edf,7910032,710ae215465adf48acd380fcec7fc5d5f4aa40aafdd58f067ecaf8459e2708c5
NMT,normal/train/0002298.edf,6524032,d1d60a8593c145e633caa40522a1b73852655a121401a05b759f4da6d410720a
NMT,normal/train/0002299.edf,7481632,2d819e073dbe93a1671065145a4df9a1d0d0be82c7006b874b7cfc58db66f162
NMT,normal/train/0002300.edf,5852032,de01dc43bb0892c4e80f1c04dbd2904db13dffdf1695e8f444de80e9afbfc8fc
NMT,normal/train/0002301.edf,2576032,c170664d09f9a50282131a9a8553c7d4dd00fb91100d962e8168a5f9475aed3b
NMT,normal/train/0002302.edf,7901632,7c5cbdaabe4ef500df59584ba38d0feed9623942e97701c9a5c0944bbce07ad5
NMT,normal/train/0002305.edf,7128832,318684ebffd433e6cfd5bf5b7441a8b4c541eef3b06c7948762c6b6411c86c57
NMT,normal/train/0002306.edf,7565632,ddcd9dd0c1b42aa6f2d6ce7f47d0e4bd6b2ec42be69d5a59bf82a3cb8d05fd33
NMT,normal/train/0002307.edf,845632,1263ffebdd6627ccd083a85b415779aa6431f7dad893ba2a0bc47c19f5f1ec86
NMT,normal/train/0002308.edf,4541632,b8adad54b37bde84e560da230f1d479ac3378fb21ffa87daf7d0ecb605712cad
NMT,normal/train/0002309.edf,2559232,d2b899ab38269e7061bc596aefddbb20f682585ea9212114b932c298046da0a2
NMT,normal/train/0002311.edf,6860032,d15679c3a780892c60135beed9264ca40c772613071d80d9988d0f170210ce41
NMT,normal/train/0002313.edf,9825232,a1a9c6c1dbc2f5d8feb12503258f1274a3cdd6836632eb37c7ac566b13481aca
NMT,normal/train/0002315.edf,7296832,8b2aa87a2465822d7698fdb7c5bd4a551a5906933a5992d309daf054c5dfd64d
NMT,normal/train/0002317.edf,9136432,cdfcdd2c311952727e915e6aace7fce51b1d72c2c2dbe320438f80209feeaedc
NMT,normal/train/0002318.edf,6717232,01727bc613f4ae71f7b0a52b2f6926972fcdd61b0fcccceed1a8c339c4822719
NMT,normal/train/0002319.edf,6960832,d61322b22e40c450b67388534ed962cf731f3a77c4c3cbf71466342427ddb1b2
NMT,normal/train/0002320.edf,6574432,9257f5c7f13fb559e5d51d36546ccd49dcc8f90d122daa2495ffb27c2dfe31b9
NMT,normal/train/0002321.edf,6960832,31fc965a70679093da071beba7878bda2cfe902820a2a09887a443938b4cfbe2
NMT,normal/train/0002322.edf,7414432,21db932c31bf9e384c26aa30f043626b886d9a6aeeeb9ab026b0a8a80ee5023e
NMT,normal/train/0002323.edf,7574032,08e96b04a0c7dcca158c10b2bfc16fb5176fe9408cddaa1069e8dacf79ed27b2
NMT,normal/train/0002324.edf,7658032,2f96cce15f12ed55dee612853397e41a593e21659e22cde130dcd07da65f0e0a
NMT,normal/train/0002326.edf,7397632,b084ed293ad46b34e028ed0b64f10c97ac97789cbf7560453a2fcdbea29cba2c
NMT,normal/train/0002328.edf,9203632,c92b22a358e0bf996a1d4afda708ba28985c7511f5948ef7e16e028856a0791f
NMT,normal/train/0002330.edf,8598832,79a1c1a89e25ee4273bcc2c955ada8d20c6a1d8434c9105aba98c90230097bb4
NMT,normal/train/0002331.edf,7834432,f9dd803cd55f7929103daeec60e0d57e761099c9496021284b908372358be57b
NMT,normal/train/0002332.edf,7061632,0bb885abfaba61b54f72fbf4a5600d67d9df5cf8ae57636a29314fdeaf3a0467
NMT,normal/train/0002333.edf,7565632,7f5c1fb1fa9342bd92cf1df647904faa91e16cb2630fe7f0117b809c637a6dc4
NMT,normal/train/0002334.edf,7456432,db1159ab347d692c2e4f5407ab13fa1e55d412cc2a91076832b8fc33a6bce5fa
NMT,normal/train/0002336.edf,8271232,9e21a05752dbdedf4a6a62de1250c72791d13cc1b1097200a03dfac5072abc54
NMT,normal/train/0002337.edf,7464832,735fd532d045e3ca17451885eb90735065fa3d936a368359f4ea394b7527f992
NMT,normal/train/0002338.edf,16578832,348c18bb6e4d4b3a93f4f88a68d2c5f316fee93d0fd54d836b0e8258d37b2862
NMT,normal/train/0002340.edf,10833232,e9ab855c362d08ae1fe36f767ab44377ec61d66edc582c96c8a8548bb2e951fd
NMT,normal/train/0002341.edf,6960832,2b250490bf9a663ea5dbcbb98ff211678512ba3da5b0c28864ba5d1b248e66dd
NMT,normal/train/0002342.edf,6809632,51203afceb23d937fdd73d26d8e5e7fa16af2a26b8a7a60409a26dd2451f0b75
NMT,normal/train/0002343.edf,13025632,0d1c32ff5345a30a05679e8ea262c71d82f5055fd705ca26f159ac839b2bb9e7
NMT,normal/train/0002345.edf,6918832,c3967a9b327d2988f660108861719b41dda44c72ffe595f93b11bc3df2d9b1c1
NMT,normal/train/0002346.edf,9564832,244195f5bed62d339fec9b3c2b9c355abb924635f1b78b50aa536cb7eda660df
NMT,normal/train/0002347.edf,9984832,e446063f4792bbd7795caa4988bc0431daae6d53b73fc034c9d559ddc39f0eb9
NMT,normal/train/0002348.edf,10656832,3fb853726c921e3c6f040a1e89a87eada6d8e672ce005ae7468c57158605bceb
NMT,normal/train/0002349.edf,6927232,143aa96be51eeeb1285c005e7bef9282bf2749353716ebc42857d73f4924786f
NMT,normal/train/0002352.edf,9363232,2f7eb8f86a1e2eb162adbbf8072f5099432cc8ff3d190af94345d99c4b5d20fe
NMT,normal/train/0002353.edf,8464432,7eae1003408f1896c6ab552c450c6b094523940e8a39456492261997c3c8dbbc
NMT,normal/train/0002354.edf,6818032,d88b3455d527c3b6168d97e7c7dfc8d7ff432e64f674f9a94ddad4225de1dc1c
NMT,normal/train/0002355.edf,8430832,a3de54199444c526e63382d07c9e36fe3492b1de9eb58502da5a2292a6f9c720
NMT,normal/train/0002356.edf,8296432,7ef11423f2cf021698d15681139d6d6700f00a4f347133e0f8ac85394186c380
NMT,normal/train/0002357.edf,7700032,42baef445e04fe6a453a2886d3d08a13565689b84cf6fcfc8f2906a600661471
NMT,normal/train/0002359.edf,7624432,6f67d0985525fcf22563f738bc407eae50fe41f1e5ebc1c75c94c40f4d128c61
NMT,normal/train/0002360.edf,7389232,9f8403525f95d605be9a441e61cd2d6221467bbf314075314e3e8cc5a669ae44
NMT,normal/train/0002361.edf,12530032,bfb5e7aca6a826887f8c90b52667116a74ef64ca423edda421ea97431fa1f535
NMT,normal/train/0002362.edf,9136432,23ee25fd706197ded6f35fa7144e72f304bc0568019a196044410bb161d1727c
NMT,normal/train/0002363.edf,7271632,bfc9cf3c597ef2764d20b09b11e9dd34c7bbc40a6c396d0f273332dcfd7d24f0
NMT,normal/train/0002364.edf,7716832,d6981fcd1feced969d7500835be0605b761944f5ca3c51a6e339a21646ef9ba1
NMT,normal/train/0002365.edf,7112032,68d307f5ea54f9bd9ff29249f6f053c8864008e93839273f135d3293d9cf48ee
NMT,normal/train/0002367.edf,10656832,d0195a8014abc9d9d5663c4285286b1eece5fd9a92a51bdae62042aacc62adde
NMT,normal/train/0002368.edf,8699632,b180c4f2a15461c262bbdf5b18a4c6b77085d87a50c4d07686d0dbba7e2bd012
NMT,normal/train/0002371.edf,6952432,4defc7b97a77e04e50a9b46deab2006d1cc302927d9381e6736fe37d813a48dc
NMT,normal/train/0002372.edf,7700032,5350a77a7db0851986e9583f00852a1c32c6431fec375eaf84e7596150d99cf5
NMT,normal/train/0002374.edf,6902032,c36b4c1d91b95b5904837c9a8a8cf5173a4dd8d7e9237a1ac445f19da9d0877c
NMT,normal/train/0002376.edf,7120432,7eba993a798b988d2b9cc57c35ec203a6cafc259e64a5d8976914c82399400a6
NMT,normal/train/0002377.edf,7313632,b261bc5cc71ec0cc07101bd663fe5d41d4b6ad12906dc7d00309807a5362fb14
NMT,normal/train/0002378.edf,8136832,b1f48a22c24b3576bce5daf27adc480feeb6bf8253680d8c09f63a5da144d171
NMT,normal/train/0002379.edf,8019232,b9ac5781e5baf752771fda5cfe3b3ebaa9f9727e2b53c8862361151ec346645b
NMT,normal/train/0002381.edf,7464832,cb40a4a7fa20ce4e3f54169a8834a89da689577978512731e0619e15d241fdc2
NMT,normal/train/0002383.edf,11060032,fe8e404a08b74d7c86bc713f0a98f00a495541b6e5c6b288c743233b2a8bc4b6
NMT,normal/train/0002385.edf,13227232,7accf85dc56bc95ff9d6312b016e8d20cd99afb128e5205f313abef27faca85f
NMT,normal/train/0002386.edf,7086832,48eb10a0e53f73e28020c296ecc234bb5884ffc71a85482f94776425510d2169
NMT,normal/train/0002388.edf,7826032,9c078cd3dab3dc913920c708cb3df9725a57c6e8bf53fb2f4cb263e8d4a0f877
NMT,normal/train/0002390.edf,5096032,992373deaa6b1dbeb263d2968014e96bccc0fbd5c2af8249f6f825fe577b521f
NMT,normal/train/0002391.edf,6784432,9b8fa26f768bdfef7ee7bc526aaa2f8dcf69e88b20d805cc50b42cc4e5454911
NMT,normal/train/0002392.edf,7154032,906060dbe1f45ecc87258c2af1881a212f968a99c3c0ba4e95f0e9b4a2fce084
NMT,normal/train/0002393.edf,6582832,5a66d73893a2648a7eb12e04cdb47c1d23901e7c0daea17d63f3aa8e92de7afe
NMT,normal/train/0002395.edf,11387632,9483cca29f0962ec14f488fae36225b72e02fb14afb00b5f9b1236896e9f2c19
NMT,normal/train/0002396.edf,1677232,482976117bd687a190f1443a51dc224ff9d8efaebf4c5d3c69a05e06ab9c7124
NMT,normal/train/0002397.edf,8128432,68e3225720fcbfb8b8ee9fd64e7cccb9b2bc53370922f69469f7a3149981dcc2
NMT,normal/train/0002398.edf,6960832,b11ad0902861050aa7a5168f2ea56e085b6e3d14f5dc9bb10ee82c6419eda9c6
NMT,normal/train/0002399.edf,6557632,9a2fd61c836392a1bd68f9b588da0d1d96dad8e66bf88bacee901b721c134847
NMT,normal/train/0002400.edf,8279632,95d3aad1ad401429a79a0c57185b70625c51a798bf50f75d9e009e0f7bea9b82
NMT,normal/train/0002401.edf,8472832,d8d8cc2390b5acb94b82a15a1ef0c4e9d395a9766ad24fea2d315b59812a84da
NMT,normal/train/0002402.edf,7532032,9e02dfe12e0e878bedf6fab6bad01e151f16e7e8e3e8fa9175cee7bafbf81048
NMT,normal/train/0002403.edf,9203632,fb1f6af734937b9847b7db25f321614f7c013bbc524e460a0d90e0366fe1cf4d
NMT,normal/train/0002404.edf,7078432,70c8b8866ff8b3b49cb8a4471490c19e4d764b8e871465ba10dc19dca993d096
NMT,normal/train/0002405.edf,7868032,30991fc70e360e5faf79ccafd62029190dc21da2ca247ec420e13ea188870ae8
NMT,normal/train/0002408.edf,4734832,cc6fff66b69a3e4389e33a114079eb9d44a167cc50dafb735d73d260501fc4ce
NMT,normal/train/0002409.edf,2643232,672bd8ba32f0697c2ff5cde24c629f01247da48b061544a2a31905bf5e8b93c5
NMT,normal/train/0002410.edf,5608432,2ffd574a411752f8b329511f413c6cea3a85543ea144a2ab5b737c02e45d31c1
NMT,normal/train/0002411.edf,6423232,a08561bc179b7f4370fa0860ace86fe0e8068d80b0f7027861cbe93904ded1f5
NMT,normal/train/0002412.edf,8069632,314b1963d418e8bc5eecd35049b3b7006a54fda2b60a6421b3b48cc0f1b1c0c1
NMT,normal/train/0002413.edf,9455632,b437a33cbd91e9d7432f70a4d5510b24b9b77634db081d41ef557f56db062bb9
NMT,normal/train/0002415.edf,7070032,a546c95c2641437b01d4c16f9acff65788936c37db0a88f09dae13eda9f6f531
stroke,02.eeg,124215840,a0e8a393d2513c88d1843149fd1313ad7a4287248804a964d709f1f92d954042
stroke,02.vhdr,14541,76dc0e7defb867313efe1bb076abe0f506b7c322b08dc9c4fae0e108fb34baea
stroke,02.vmrk,6767,9ae52ca953187fb4a26d65036a57b289acd6e28fb311cca71f2e0e3fad7c5479
stroke,C01.eeg,149037840,201ac1699fd404e31432ca11d9af57c8e674875a005c35e6e6daac8347525dab
stroke,C01.vhdr,14682,4f3f06f3993b9fab667f27b44e8adf7568b1afce6210411ba5d3fed149ee10db
stroke,C01.vmrk,6803,5f3f53426eac875aecef98c0b43a591b032872a5d3a91caeea76c3cb1012800a
stroke,C03.eeg,202179600,6e9b99589e9aa4a125b54885d6db0cfdf914f68473ac6a0f0ee0281c1a1b8be7
stroke,C03.vhdr,15888,a0869efaa01bd61661aef67cee837b9497f14d7d338c4c3cbd6fab98b0555dc9
stroke,C03.vmrk,9530,c7c8aa5a4305c0ab92c3b3b1f210aa36194c3d5e3ebbc57abbf90871c2559b78
stroke,CONTROL04.eeg,218814120,841d244fe8cd146e68dc19645ab2c654b178c313f0e97e66d21ff5a1ec8a9b48
stroke,CONTROL04.vhdr,14694,b95af270d8f31e043f5ba5f88e58d1376c811c81fd2849177c6817c3732471e7
stroke,CONTROL04.vmrk,9552,9d81795ca5042eb74ea9f90b04a3240c6323889746496642e6eb06e0c01b22ae
stroke,CONTROL05.eeg,207408600,718d37da1f2a341f70cff471726904b4dd87b71381da01404d268b7eb9f12b21
stroke,CONTROL05.vhdr,14555,37ecbf5e666deff80d2b434494ba502cf4b0b7bff96d76a41fcb265587a54f58
stroke,CONTROL05.vmrk,9506,11ee5d3b9975065087eaed418238c28cbd6ea3fd53cc3439387097b2bc7ae59b
stroke,CONTROL06.eeg,215868240,6b763b09e424d0aa2079f2dfcc0e6eac127baf144545efb68119a55283c4baf5
stroke,CONTROL06.vhdr,14710,c42997bca195efe3d42dcf75989766c1ce6762ca4df9192c6914f21532569686
stroke,CONTROL06.vmrk,9512,0b6cd24228d306713f326e515a53a1123992684ab6b29950b8b29536e6bc7915
stroke,CONTROL07.eeg,209328840,51bf3138c214b3ddcccd9c6bcccefe63273ad50c8cc6a76ab621236f37e23fe1
stroke,CONTROL07.vhdr,14555,2f3d3b0a9ba115d63754c1601fb7a4d0572c68125273c70923978574631274f6
stroke,CONTROL07.vmrk,9516,1c18532c59435f4d9f29f0c1bbc55f1c03d89c7e14da75061e7130130f36b289
stroke,CONTROL08.eeg,206161200,28fcf322bbccc3ab75bfecf46dd9f12d53d0696ecbdf932ccfa06ad5d92480f1
stroke,CONTROL08.vhdr,14694,5c2d4f593e554f9392bf02abb1afbbd4b4c75cfd14cdf15967f83fc06e6ce247
stroke,CONTROL08.vmrk,9538,d8900a9e13a7006c7bb970ba3185bb3c2cb21a242e47ce1152caa329acb206d0
stroke,MATLAB.zip,986673341,ecff6bf24158bec50d593dfbcedc8812e01ee302b4d53e36cc3c654d81ea96a7
stroke,PAC01-POST.eeg,234909360,c83d77ad810a4cedef5a2ec22ca1b521f99db52d747aaa792d119de703404fbe
stroke,PAC01-POST.vhdr,14557,fda516a479115b146dbf7f8650e6bcb1e8118b641c760e13fc107afd83431605
stroke,PAC01-POST.vmrk,9777,475b58564500b508427936fb77c6465c7972e26c1f3e7fcfc7958191cb7a3ef4
stroke,PAC01.eeg,177831360,6a38a546b0c80fd5ccf0dd1e5407b643883b334faf37c3d20249f6796841d26c
stroke,PAC01.vhdr,14547,5b0fe20c762cce215e5d4665778108c8ebb26922d28bc60e7362b82d4277d323
stroke,PAC01.vmrk,9419,08d61d9609dff9936674a3f0155ed4dccaf41cf7d367e5361273862c8637e461
stroke,PAC02.eeg,220459680,50f16fb1bf292b9b20d64ed29693cc0d3c29a64ee1bd368d554f33ad65d9f9f4
stroke,PAC02.vhdr,14564,e953739f743d7b8cf9e8a3292420acf710cf9a57dd35be49f29897291035962e
stroke,PAC02.vmrk,9546,8b60bb32cc329006c753c9e2998b65b606c90d84b47f4c5de31cb3b271bf7f57
stroke,PAC03-POST.eeg,216949320,45607a68ddc2db24a77056f9590174e842fd25ef25ce3e025487a265eb95f6bc
stroke,PAC03-POST.fdt,433898640,5bd538bf1969b44bf50fce30b60bce71e754d52c1a3b4e0236e02e468311efd5
stroke,PAC03-POST.set,7195664,a51a6ccc338daa97e9a831417fd94c5c485b6a698bb4d4647dfbc62045bfb91e
stroke,PAC03-POST.vhdr,14696,980401f52e1a64208e63c75fd9b5f0f03a59fb81b1a04deb03b259ccc11e6150
stroke,PAC03-POST.vmrk,9541,dfa74f6e761bbf1b03f1496f3245a23344a417f24b3b559fed13db68ea9f634a
stroke,PAC03.eeg,217775880,0521f063d5f579acebcc197aa53c6808686c4b06e76b0ea66c33a91b7b3c1cf4
stroke,PAC03.vhdr,14759,5eb5de3646cda5fc480d7a31b7e14290040344bb8ead71fe89c95b4404415197
stroke,PAC03.vmrk,9550,405224fadd9e989c6f77fee68e4f436cdb6e4e528afc85122d555d3bf68c2dc2
stroke,PAC04-POST.eeg,213355800,54969b72e3220651a379e648dc1f268c7f100eab2e07563ffd4fd60a7caaa1fe
stroke,PAC04-POST.vhdr,14696,e58d7a77e460258d372891cf4c031e1aeca3e5effce2eb8cb67af01ac9eb3bd9
stroke,PAC04-POST.vmrk,9511,5867a34efecfe08a6285300553c9fa4a5dfb0a852fd427f6ca4fbf1842d417ee
stroke,PAC04.eeg,207771480,a1d155d19cf0a6c317edc5fc8b4929d66a92aaccd502e697bc7361f0a53b958f
stroke,PAC04.vhdr,14547,d36f1326c42c0f30264ebbc59ab888599aa731011c6471caaae112908fe2847a
stroke,PAC04.vmrk,9456,f6f0da83cd69273a7c818418ea6e9a7a80045bd02d1889fec20b57d8d3269907
stroke,PAC05-POST.eeg,222218640,511c97586d2aba4fb1c9481e13ad9b06a6cab9056490ea8b66101c53a31aa1ea
stroke,PAC05-POST.vhdr,14696,620483fb96b1bf9c2982b23ff5289518dba77d2ce6299b4c1b648fd7ab091217
stroke,PAC05-POST.vmrk,9557,ea94253eed74824102fd346f836123b52f958b4edf31b074d57819d88a2c2e14
stroke,PAC05.eeg,206085600,9f2e46b1281ccf3564a4c16aca46990a728e4b22ae4a32745a428b183394ea5c
stroke,PAC05.vhdr,14547,1250941adf4465de6d17b457e40fe480ada9b7f16e982007ff118e122b69db1e
stroke,PAC05.vmrk,8882,2d711b319c33d68f40f5f1e2e7f4ed0fe51d233a4acf717d258254c6b0fd6c14
stroke,PAC06-POST.eeg,264642840,5679d8db878678b5971f78cb231352ee6fcda32b20cc2f31433ac8235d987f98
stroke,PAC06-POST.vhdr,14557,ef87bd50ce0eeaf9ecee2dde78db29c25d57cbe72b780d8a2376898878fc3291
stroke,PAC06-POST.vmrk,9553,95cfaf6b6cbfc2e2acd93ba74dd513a49af0fd90546cef20db4b88b369eb604a
stroke,PAC06.eeg,211211280,49a0c499c65432ce85661bd2843d52ce275471c4ee0a7b8ca2425128457054cc
stroke,PAC06.vhdr,14555,b394bc64adaa8369ba25e35d8ca18f32a8f8922693b26cd4c442e5b2b16929e4
stroke,PAC06.vmrk,9536,06a78380815af84eb4669dfc3a624304535bce9019e2f858af78696fbc877bdc
stroke,PAC07-POST.eeg,239059800,c1d5a3695e375a66ed2e0df5f1af6a4173cefbfc0c95ec8379c0edcf1054e563
stroke,PAC07-POST.vhdr,15911,96750321170465626aeee6e91e4b05d9b69320b3fa03d2b169b088179e28695a
stroke,PAC07-POST.vmrk,9667,53e0fc86f7596228d36563c9711ddd5fc213658580b43529de6d33373c46f652
stroke,PAC07.eeg,232706880,6a7d1d8ede4d58a84703e27e05f5d21ea8056785b88bd33ba9fc1190873e2ff4
stroke,PAC07.vhdr,14686,b02abde0689e2dffc90c580cc8697a7093914a137fdc9ef524ff8762486a74c0
stroke,PAC07.vmrk,9552,c6c656371b4f8f45d0881b5268566e95fa0a214a0e8defb2f19ab6e821a356fb
stroke,PAC08-POST.eeg,230222160,b6656ecba890924334a146a28e260e11a87ee91218252dda876b6ad3d0baceb5
stroke,PAC08-POST.vhdr,14696,4e0c988bd5bbaaea1d95bf1f442d33cc6259cca53df61a72f928dce195d7a1af
stroke,PAC08-POST.vmrk,9531,0226307811deb45d8749305a12eeaa075e330d27cdd415b689a1817fa8aaf3ff
stroke,PAC08.eeg,249046560,0ab799764f400c34807a56cf80ac2010439118e16e34592862d847919f183428
stroke,PAC08.vhdr,14686,f9d90272742fbe2e7f149916a51a0aecb70cf1f6ad52d5bdb63c44cc9525f48f
stroke,PAC08.vmrk,9540,bc69d8b7fb17396b4c1d8e800051078a1820bdd25ebf386f86b9f008b93c2d76
stroke,PAC09-POST.eeg,200372760,0fc72f605841c37f666894bc6c74d197d449ad2f069149a2c363d799112a90a2
stroke,PAC09-POST.vhdr,14696,7bbd7e74340cb1bad39c2d8aed0e515a676d51403304bc1bfee4d3f3ca73ad4c
stroke,PAC09-POST.vmrk,9503,e4931750683066999111fa8b1c8a1695d7255e9f20915a6f2310f0c10b4734e3
stroke,PAC09.eeg,204727320,a979c4de710db734ecdbf1d5a99a94bece9665f6eee3edc11712bf450d2194cb
stroke,PAC09.vhdr,14686,9e0c5d556f6cab803d5c107f4242237ce4e79689889324b6f01f7821f515a118
stroke,PAC09.vmrk,9504,2d72bb713c23e39ac271c13fe4151d07bcd5ce44d40c4325632dfa2313b78087
stroke,PAC10-POST.eeg,241136280,8d83c80ce58cab6d7e1845b829d1cbcbe8454cd75efa0aee63972831e26033eb
stroke,PAC10-POST.vhdr,14566,d95b890af0a117fc4595a546c1fbcb9b0a810a7fcbc7a0466fccaa97d26faf0b
stroke,PAC10-POST.vmrk,9569,d7410e6dbb2befc684aa7941fcbb92143647d5fd513b02dc7b4f3261155ae2ac
stroke,PAC10.eeg,268594200,b614f0eca90f5e287a9c8b252604b30ff8474cb829caff4fe2df096c6a3559d3
stroke,PAC10.vhdr,14686,f9f6a561a3be8acbf7d85d26483af15788dc1d50098a240c54edb862a2202eab
stroke,PAC10.vmrk,9636,3da94c7a26891e1d393a57524b9d15cb8014956f5ebc35d8db1dbd39157dd9b5
stroke,bdf_IMAGEN.txt,75,595df84b1bdbe3350be78951dd17aca93e55873117caaea319a6a7126fc9a855
stroke,download.log,3659,74b2fefccd77eab7df2d1ce9eb9a6aa9e46f38565864dbc598cc1d8c4a8c9198
stroke,download.sh,967,b5822f22a867a95bafe65d94d47d4996f2967acdfc19e40d8a4a925885c18b1f
stroke,manifest.tsv,10489,02306a2026d4acad24544320cfe76564eff7b592d38635d2118030204a25c5d6
stroke,manual EEGLAB_ampliado.docx,2091994,2294dc46b25bd8ed11816d159f4d189c9569cea87d1d3ba8d95382127665a13d
stroke,nota post 02 y post 03.txt,138,cfa79331d4c84095098c6a6522a7586ce18dd293c29a7ec53b1d336f89e77677
