subset,label,file,subject
s0,normal,aaaaabcl_s002_t000.npy,aaaaabcl
s0,normal,aaaaabhm_s009_t000.npy,aaaaabhm
s0,normal,aaaaabnq_s002_t001.npy,aaaaabnq
s0,normal,aaaaactm_s002_t000.npy,aaaaactm
s0,normal,aaaaacuk_s003_t000.npy,aaaaacuk
s0,normal,aaaaaddw_s002_t000.npy,aaaaaddw
s0,normal,aaaaaect_s006_t000.npy,aaaaaect
s0,normal,aaaaaedn_s004_t000.npy,aaaaaedn
s0,normal,aaaaaenq_s006_t002.npy,aaaaaenq
s0,normal,aaaaaeuq_s002_t001.npy,aaaaaeuq
s0,normal,aaaaagfx_s002_t001.npy,aaaaagfx
s0,normal,aaaaagwa_s002_t000.npy,aaaaagwa
s0,normal,aaaaahms_s002_t001.npy,aaaaahms
s0,normal,aaaaaicb_s002_t000.npy,aaaaaicb
s0,normal,aaaaaicc_s014_t000.npy,aaaaaicc
s0,normal,aaaaairk_s002_t000.npy,aaaaairk
s0,normal,aaaaaizx_s002_t000.npy,aaaaaizx
s0,normal,aaaaajbm_s002_t001.npy,aaaaajbm
s0,normal,aaaaajcb_s002_t000.npy,aaaaajcb
s0,normal,aaaaajdk_s002_t000.npy,aaaaajdk
s0,normal,aaaaajns_s006_t000.npy,aaaaajns
s0,normal,aaaaajof_s001_t000.npy,aaaaajof
s0,normal,aaaaajpl_s001_t000.npy,aaaaajpl
s0,normal,aaaaajpq_s001_t000.npy,aaaaajpq
s0,normal,aaaaajpz_s002_t000.npy,aaaaajpz
s0,normal,aaaaajql_s001_t000.npy,aaaaajql
s0,normal,aaaaajqx_s001_t000.npy,aaaaajqx
s0,normal,aaaaajrj_s001_t000.npy,aaaaajrj
s0,normal,aaaaajrq_s001_t001.npy,aaaaajrq
s0,normal,aaaaajsj_s002_t000.npy,aaaaajsj
s0,normal,aaaaajti_s001_t000.npy,aaaaajti
s0,normal,aaaaajtv_s001_t001.npy,aaaaajtv
s0,normal,aaaaajud_s007_t000.npy,aaaaajud
s0,normal,aaaaajus_s002_t000.npy,aaaaajus
s0,normal,aaaaajux_s001_t000.npy,aaaaajux
s0,normal,aaaaajwb_s001_t000.npy,aaaaajwb
s0,normal,aaaaajxk_s001_t000.npy,aaaaajxk
s0,normal,aaaaajxz_s001_t002.npy,aaaaajxz
s0,normal,aaaaajyg_s002_t000.npy,aaaaajyg
s0,normal,aaaaajyu_s001_t001.npy,aaaaajyu
s0,normal,aaaaajyw_s001_t001.npy,aaaaajyw
s0,normal,aaaaajyy_s001_t001.npy,aaaaajyy
s0,normal,aaaaajze_s001_t000.npy,aaaaajze
s0,normal,aaaaajzf_s001_t000.npy,aaaaajzf
s0,normal,aaaaajzh_s001_t001.npy,aaaaajzh
s0,normal,aaaaajzm_s001_t000.npy,aaaaajzm
s0,normal,aaaaajzw_s001_t000.npy,aaaaajzw
s0,normal,aaaaakbo_s001_t000.npy,aaaaakbo
s0,normal,aaaaakcg_s001_t001.npy,aaaaakcg
s0,normal,aaaaakcs_s001_t001.npy,aaaaakcs
s0,normal,aaaaakdu_s001_t000.npy,aaaaakdu
s0,normal,aaaaakek_s002_t000.npy,aaaaakek
s0,normal,aaaaakgg_s002_t001.npy,aaaaakgg
s0,normal,aaaaakgk_s001_t000.npy,aaaaakgk
s0,normal,aaaaakhl_s001_t001.npy,aaaaakhl
s0,normal,aaaaakid_s002_t000.npy,aaaaakid
s0,normal,aaaaakjq_s001_t000.npy,aaaaakjq
s0,normal,aaaaakkv_s001_t001.npy,aaaaakkv
s0,normal,aaaaakkx_s001_t000.npy,aaaaakkx
s0,normal,aaaaakkz_s001_t000.npy,aaaaakkz
s0,normal,aaaaakle_s001_t001.npy,aaaaakle
s0,normal,aaaaaklh_s003_t000.npy,aaaaaklh
s0,normal,aaaaakli_s001_t001.npy,aaaaakli
s0,normal,aaaaakmy_s001_t001.npy,aaaaakmy
s0,normal,aaaaaknc_s002_t000.npy,aaaaaknc
s0,normal,aaaaaknp_s001_t001.npy,aaaaaknp
s0,normal,aaaaaknv_s001_t000.npy,aaaaaknv
s0,normal,aaaaakps_s001_t000.npy,aaaaakps
s0,normal,aaaaakqy_s001_t000.npy,aaaaakqy
s0,normal,aaaaakrf_s001_t000.npy,aaaaakrf
s0,normal,aaaaakue_s001_t000.npy,aaaaakue
s0,normal,aaaaakun_s001_t000.npy,aaaaakun
s0,normal,aaaaakup_s001_t000.npy,aaaaakup
s0,normal,aaaaakuz_s003_t001.npy,aaaaakuz
s0,normal,aaaaakws_s002_t000.npy,aaaaakws
s0,normal,aaaaakwy_s001_t000.npy,aaaaakwy
s0,normal,aaaaakxi_s001_t001.npy,aaaaakxi
s0,normal,aaaaakyl_s001_t001.npy,aaaaakyl
s0,normal,aaaaakzu_s001_t001.npy,aaaaakzu
s0,normal,aaaaalaz_s001_t000.npy,aaaaalaz
s0,normal,aaaaalbm_s001_t000.npy,aaaaalbm
s0,normal,aaaaalbq_s001_t000.npy,aaaaalbq
s0,normal,aaaaalcw_s001_t000.npy,aaaaalcw
s0,normal,aaaaalcy_s001_t000.npy,aaaaalcy
s0,normal,aaaaalgd_s001_t000.npy,aaaaalgd
s0,normal,aaaaalge_s001_t000.npy,aaaaalge
s0,normal,aaaaalgn_s001_t000.npy,aaaaalgn
s0,normal,aaaaalhd_s001_t000.npy,aaaaalhd
s0,normal,aaaaalhi_s001_t000.npy,aaaaalhi
s0,normal,aaaaalip_s001_t000.npy,aaaaalip
s0,normal,aaaaaljt_s001_t000.npy,aaaaaljt
s0,normal,aaaaalkm_s001_t000.npy,aaaaalkm
s0,normal,aaaaallr_s001_t000.npy,aaaaallr
s0,normal,aaaaalmi_s001_t001.npy,aaaaalmi
s0,normal,aaaaalmj_s001_t000.npy,aaaaalmj
s0,normal,aaaaaloe_s001_t000.npy,aaaaaloe
s0,normal,aaaaaluf_s001_t000.npy,aaaaaluf
s0,normal,aaaaalun_s001_t001.npy,aaaaalun
s0,normal,aaaaalup_s001_t001.npy,aaaaalup
s0,normal,aaaaalvg_s002_t000.npy,aaaaalvg
s0,normal,aaaaalvh_s001_t000.npy,aaaaalvh
s0,normal,aaaaalyb_s001_t000.npy,aaaaalyb
s0,normal,aaaaalyq_s001_t000.npy,aaaaalyq
s0,normal,aaaaalyz_s001_t000.npy,aaaaalyz
s0,normal,aaaaalzz_s002_t000.npy,aaaaalzz
s0,normal,aaaaamac_s001_t000.npy,aaaaamac
s0,normal,aaaaamae_s003_t000.npy,aaaaamae
s0,normal,aaaaamcl_s001_t000.npy,aaaaamcl
s0,normal,aaaaamcu_s003_t001.npy,aaaaamcu
s0,normal,aaaaamcx_s001_t000.npy,aaaaamcx
s0,normal,aaaaamdh_s003_t001.npy,aaaaamdh
s0,normal,aaaaamdw_s001_t001.npy,aaaaamdw
s0,normal,aaaaamee_s001_t000.npy,aaaaamee
s0,normal,aaaaameg_s001_t000.npy,aaaaameg
s0,normal,aaaaamgh_s001_t000.npy,aaaaamgh
s0,normal,aaaaamgm_s001_t000.npy,aaaaamgm
s0,normal,aaaaamgs_s001_t000.npy,aaaaamgs
s0,normal,aaaaamgx_s001_t000.npy,aaaaamgx
s0,normal,aaaaamhc_s001_t000.npy,aaaaamhc
s0,normal,aaaaamhf_s001_t000.npy,aaaaamhf
s0,normal,aaaaamib_s002_t002.npy,aaaaamib
s0,normal,aaaaamin_s002_t000.npy,aaaaamin
s0,normal,aaaaamjk_s002_t000.npy,aaaaamjk
s0,normal,aaaaamjs_s001_t000.npy,aaaaamjs
s0,normal,aaaaamkq_s001_t000.npy,aaaaamkq
s0,normal,aaaaamly_s001_t001.npy,aaaaamly
s0,normal,aaaaammg_s001_t000.npy,aaaaammg
s0,normal,aaaaammk_s001_t000.npy,aaaaammk
s0,normal,aaaaamnn_s001_t000.npy,aaaaamnn
s0,normal,aaaaamob_s003_t001.npy,aaaaamob
s0,normal,aaaaamog_s001_t000.npy,aaaaamog
s0,normal,aaaaamoz_s001_t000.npy,aaaaamoz
s0,normal,aaaaampm_s001_t000.npy,aaaaampm
s0,normal,aaaaampv_s001_t000.npy,aaaaampv
s0,normal,aaaaamrv_s001_t000.npy,aaaaamrv
s0,normal,aaaaamsl_s001_t000.npy,aaaaamsl
s0,normal,aaaaamth_s001_t000.npy,aaaaamth
s0,normal,aaaaamtx_s001_t000.npy,aaaaamtx
s0,normal,aaaaamvc_s002_t000.npy,aaaaamvc
s0,normal,aaaaamvj_s001_t000.npy,aaaaamvj
s0,normal,aaaaamvo_s001_t000.npy,aaaaamvo
s0,normal,aaaaamvs_s001_t002.npy,aaaaamvs
s0,normal,aaaaamwq_s002_t000.npy,aaaaamwq
s0,normal,aaaaamwx_s001_t000.npy,aaaaamwx
s0,normal,aaaaamxa_s001_t000.npy,aaaaamxa
s0,normal,aaaaamxu_s001_t000.npy,aaaaamxu
s0,normal,aaaaamyh_s001_t002.npy,aaaaamyh
s0,normal,aaaaamyp_s001_t000.npy,aaaaamyp
s0,normal,aaaaamyw_s001_t000.npy,aaaaamyw
s0,normal,aaaaamzc_s002_t000.npy,aaaaamzc
s0,normal,aaaaamzf_s001_t001.npy,aaaaamzf
s0,normal,aaaaamzq_s001_t000.npy,aaaaamzq
s0,normal,aaaaamzv_s001_t000.npy,aaaaamzv
s0,normal,aaaaanaf_s001_t000.npy,aaaaanaf
s0,normal,aaaaanay_s001_t000.npy,aaaaanay
s0,normal,aaaaanbh_s001_t000.npy,aaaaanbh
s0,normal,aaaaanbv_s001_t000.npy,aaaaanbv
s0,normal,aaaaanbx_s001_t000.npy,aaaaanbx
s0,normal,aaaaancn_s001_t000.npy,aaaaancn
s0,normal,aaaaancu_s001_t000.npy,aaaaancu
s0,normal,aaaaancz_s001_t000.npy,aaaaancz
s0,normal,aaaaandl_s001_t001.npy,aaaaandl
s0,normal,aaaaaner_s001_t000.npy,aaaaaner
s0,normal,aaaaanew_s001_t000.npy,aaaaanew
s0,normal,aaaaanez_s001_t000.npy,aaaaanez
s0,normal,aaaaangb_s001_t000.npy,aaaaangb
s0,normal,aaaaangh_s001_t000.npy,aaaaangh
s0,normal,aaaaangn_s001_t000.npy,aaaaangn
s0,normal,aaaaango_s001_t000.npy,aaaaango
s0,normal,aaaaanho_s001_t000.npy,aaaaanho
s0,normal,aaaaanif_s001_t000.npy,aaaaanif
s0,normal,aaaaanjy_s001_t000.npy,aaaaanjy
s0,normal,aaaaanki_s001_t000.npy,aaaaanki
s0,normal,aaaaanlk_s001_t000.npy,aaaaanlk
s0,normal,aaaaanln_s001_t000.npy,aaaaanln
s0,normal,aaaaanlo_s001_t000.npy,aaaaanlo
s0,normal,aaaaanlz_s002_t000.npy,aaaaanlz
s0,normal,aaaaanmp_s001_t000.npy,aaaaanmp
s0,normal,aaaaanmv_s001_t000.npy,aaaaanmv
s0,normal,aaaaannf_s001_t001.npy,aaaaannf
s0,normal,aaaaannz_s001_t000.npy,aaaaannz
s0,normal,aaaaanov_s001_t000.npy,aaaaanov
s0,normal,aaaaanpc_s001_t001.npy,aaaaanpc
s0,normal,aaaaanpe_s001_t001.npy,aaaaanpe
s0,normal,aaaaansk_s001_t000.npy,aaaaansk
s0,normal,aaaaantk_s001_t000.npy,aaaaantk
s0,normal,aaaaantr_s001_t000.npy,aaaaantr
s0,normal,aaaaantx_s001_t000.npy,aaaaantx
s0,normal,aaaaanuu_s002_t009.npy,aaaaanuu
s0,normal,aaaaanuy_s001_t000.npy,aaaaanuy
s0,normal,aaaaanvd_s001_t000.npy,aaaaanvd
s0,normal,aaaaanyj_s001_t000.npy,aaaaanyj
s0,normal,aaaaanyx_s001_t002.npy,aaaaanyx
s0,normal,aaaaanzi_s001_t000.npy,aaaaanzi
s0,normal,aaaaanzs_s002_t000.npy,aaaaanzs
s0,normal,aaaaaoag_s001_t001.npy,aaaaaoag
s0,normal,aaaaaobp_s001_t000.npy,aaaaaobp
s0,normal,aaaaaobs_s001_t000.npy,aaaaaobs
s0,normal,aaaaaocl_s001_t000.npy,aaaaaocl
s0,normal,aaaaaocv_s001_t000.npy,aaaaaocv
s0,normal,aaaaaodb_s002_t000.npy,aaaaaodb
s0,normal,aaaaaodm_s001_t000.npy,aaaaaodm
s0,normal,aaaaaodz_s001_t000.npy,aaaaaodz
s0,normal,aaaaaoeq_s002_t000.npy,aaaaaoeq
s0,normal,aaaaaoev_s003_t000.npy,aaaaaoev
s0,normal,aaaaaofq_s001_t000.npy,aaaaaofq
s0,normal,aaaaaogq_s001_t000.npy,aaaaaogq
s0,normal,aaaaaohq_s001_t001.npy,aaaaaohq
s0,normal,aaaaaohv_s001_t000.npy,aaaaaohv
s0,normal,aaaaaoib_s001_t000.npy,aaaaaoib
s0,normal,aaaaaoic_s001_t000.npy,aaaaaoic
s0,normal,aaaaaoid_s002_t000.npy,aaaaaoid
s0,normal,aaaaaoie_s002_t015.npy,aaaaaoie
s0,normal,aaaaaojl_s003_t008.npy,aaaaaojl
s0,normal,aaaaaojs_s001_t000.npy,aaaaaojs
s0,normal,aaaaaolx_s001_t000.npy,aaaaaolx
s0,normal,aaaaaomb_s001_t000.npy,aaaaaomb
s0,normal,aaaaaomi_s001_t000.npy,aaaaaomi
s0,normal,aaaaaomo_s001_t000.npy,aaaaaomo
s0,normal,aaaaaomr_s001_t000.npy,aaaaaomr
s0,normal,aaaaaonk_s001_t000.npy,aaaaaonk
s0,normal,aaaaaood_s001_t002.npy,aaaaaood
s0,normal,aaaaaoph_s001_t000.npy,aaaaaoph
s0,normal,aaaaaoqe_s001_t000.npy,aaaaaoqe
s0,normal,aaaaaoqm_s001_t000.npy,aaaaaoqm
s0,normal,aaaaaoqp_s001_t000.npy,aaaaaoqp
s0,normal,aaaaaoqv_s002_t000.npy,aaaaaoqv
s0,normal,aaaaaorv_s001_t000.npy,aaaaaorv
s0,normal,aaaaaost_s001_t001.npy,aaaaaost
s0,normal,aaaaaotd_s001_t000.npy,aaaaaotd
s0,normal,aaaaaotl_s001_t000.npy,aaaaaotl
s0,normal,aaaaaowf_s001_t000.npy,aaaaaowf
s0,normal,aaaaaowp_s001_t001.npy,aaaaaowp
s0,normal,aaaaaoxi_s001_t000.npy,aaaaaoxi
s0,normal,aaaaaoyd_s001_t000.npy,aaaaaoyd
s0,normal,aaaaaoyo_s001_t000.npy,aaaaaoyo
s0,normal,aaaaaoyu_s001_t000.npy,aaaaaoyu
s0,normal,aaaaaoyy_s001_t000.npy,aaaaaoyy
s0,normal,aaaaaozi_s001_t000.npy,aaaaaozi
s0,normal,aaaaapay_s001_t000.npy,aaaaapay
s0,normal,aaaaapbb_s001_t000.npy,aaaaapbb
s0,normal,aaaaapbj_s001_t001.npy,aaaaapbj
s0,normal,aaaaapbq_s001_t000.npy,aaaaapbq
s0,normal,aaaaapbr_s001_t000.npy,aaaaapbr
s0,normal,aaaaapcv_s001_t001.npy,aaaaapcv
s0,normal,aaaaapez_s001_t000.npy,aaaaapez
s0,normal,aaaaapfe_s001_t000.npy,aaaaapfe
s0,normal,aaaaapfq_s001_t000.npy,aaaaapfq
s0,normal,aaaaapft_s001_t000.npy,aaaaapft
s0,normal,aaaaapfz_s001_t000.npy,aaaaapfz
s0,normal,aaaaapgp_s001_t000.npy,aaaaapgp
s0,normal,aaaaaphv_s001_t000.npy,aaaaaphv
s0,normal,aaaaaphz_s001_t000.npy,aaaaaphz
s0,normal,aaaaapjm_s001_t000.npy,aaaaapjm
s0,normal,aaaaapjo_s001_t000.npy,aaaaapjo
s0,normal,aaaaaplv_s001_t000.npy,aaaaaplv
s0,normal,aaaaaplw_s001_t000.npy,aaaaaplw
s0,normal,aaaaapnb_s001_t001.npy,aaaaapnb
s0,normal,aaaaapnq_s001_t001.npy,aaaaapnq
s0,normal,aaaaapog_s001_t000.npy,aaaaapog
s0,normal,aaaaapom_s001_t000.npy,aaaaapom
s0,normal,aaaaappg_s001_t002.npy,aaaaappg
s0,normal,aaaaappt_s002_t000.npy,aaaaappt
s0,normal,aaaaapql_s001_t000.npy,aaaaapql
s0,normal,aaaaaprh_s001_t001.npy,aaaaaprh
s0,normal,aaaaapri_s002_t001.npy,aaaaapri
s0,normal,aaaaapsa_s001_t000.npy,aaaaapsa
s0,normal,aaaaapsd_s001_t001.npy,aaaaapsd
s0,normal,aaaaaptb_s001_t001.npy,aaaaaptb
s0,normal,aaaaaptk_s001_t000.npy,aaaaaptk
s0,normal,aaaaapum_s001_t000.npy,aaaaapum
s0,normal,aaaaapva_s001_t000.npy,aaaaapva
s0,normal,aaaaapvh_s001_t001.npy,aaaaapvh
s0,normal,aaaaapvj_s001_t001.npy,aaaaapvj
s0,normal,aaaaapws_s001_t000.npy,aaaaapws
s0,normal,aaaaapwx_s001_t000.npy,aaaaapwx
s0,abnormal,aaaaaacq_s010_t000.npy,aaaaaacq
s0,abnormal,aaaaaamc_s006_t001.npy,aaaaaamc
s0,abnormal,aaaaaanr_s004_t000.npy,aaaaaanr
s0,abnormal,aaaaaaru_s004_t001.npy,aaaaaaru
s0,abnormal,aaaaaasn_s002_t000.npy,aaaaaasn
s0,abnormal,aaaaaauj_s004_t000.npy,aaaaaauj
s0,abnormal,aaaaaazq_s006_t002.npy,aaaaaazq
s0,abnormal,aaaaabdn_s004_t000.npy,aaaaabdn
s0,abnormal,aaaaabhz_s017_t000.npy,aaaaabhz
s0,abnormal,aaaaabrc_s006_t000.npy,aaaaabrc
s0,abnormal,aaaaabvu_s005_t000.npy,aaaaabvu
s0,abnormal,aaaaabzu_s003_t000.npy,aaaaabzu
s0,abnormal,aaaaaceh_s004_t000.npy,aaaaaceh
s0,abnormal,aaaaaces_s006_t001.npy,aaaaaces
s0,abnormal,aaaaacfa_s003_t000.npy,aaaaacfa
s0,abnormal,aaaaacjh_s003_t002.npy,aaaaacjh
s0,abnormal,aaaaacns_s003_t000.npy,aaaaacns
s0,abnormal,aaaaacrt_s004_t000.npy,aaaaacrt
s0,abnormal,aaaaacrz_s003_t004.npy,aaaaacrz
s0,abnormal,aaaaactf_s005_t000.npy,aaaaactf
s0,abnormal,aaaaadir_s005_t002.npy,aaaaadir
s0,abnormal,aaaaadnb_s006_t000.npy,aaaaadnb
s0,abnormal,aaaaadom_s005_t000.npy,aaaaadom
s0,abnormal,aaaaadpj_s008_t000.npy,aaaaadpj
s0,abnormal,aaaaadsy_s004_t004.npy,aaaaadsy
s0,abnormal,aaaaaebk_s007_t000.npy,aaaaaebk
s0,abnormal,aaaaaebv_s002_t000.npy,aaaaaebv
s0,abnormal,aaaaaebx_s004_t000.npy,aaaaaebx
s0,abnormal,aaaaaehn_s002_t000.npy,aaaaaehn
s0,abnormal,aaaaaelp_s002_t000.npy,aaaaaelp
s0,abnormal,aaaaafiy_s002_t001.npy,aaaaafiy
s0,abnormal,aaaaafpj_s005_t000.npy,aaaaafpj
s0,abnormal,aaaaafra_s002_t000.npy,aaaaafra
s0,abnormal,aaaaagit_s003_t001.npy,aaaaagit
s0,abnormal,aaaaagjc_s005_t001.npy,aaaaagjc
s0,abnormal,aaaaagpk_s006_t001.npy,aaaaagpk
s0,abnormal,aaaaaguy_s002_t000.npy,aaaaaguy
s0,abnormal,aaaaagvm_s003_t000.npy,aaaaagvm
s0,abnormal,aaaaagzh_s003_t000.npy,aaaaagzh
s0,abnormal,aaaaahbm_s003_t000.npy,aaaaahbm
s0,abnormal,aaaaahce_s002_t000.npy,aaaaahce
s0,abnormal,aaaaahlk_s002_t000.npy,aaaaahlk
s0,abnormal,aaaaahuc_s006_t001.npy,aaaaahuc
s0,abnormal,aaaaahul_s003_t000.npy,aaaaahul
s0,abnormal,aaaaahvc_s002_t000.npy,aaaaahvc
s0,abnormal,aaaaahyq_s001_t001.npy,aaaaahyq
s0,abnormal,aaaaaiat_s006_t005.npy,aaaaaiat
s0,abnormal,aaaaaict_s003_t000.npy,aaaaaict
s0,abnormal,aaaaaieb_s004_t003.npy,aaaaaieb
s0,abnormal,aaaaaiev_s003_t000.npy,aaaaaiev
s0,abnormal,aaaaaifo_s002_t000.npy,aaaaaifo
s0,abnormal,aaaaaiia_s004_t000.npy,aaaaaiia
s0,abnormal,aaaaaijg_s002_t000.npy,aaaaaijg
s0,abnormal,aaaaaiua_s001_t000.npy,aaaaaiua
s0,abnormal,aaaaaiud_s002_t001.npy,aaaaaiud
s0,abnormal,aaaaaiwo_s003_t001.npy,aaaaaiwo
s0,abnormal,aaaaaiwr_s004_t000.npy,aaaaaiwr
s0,abnormal,aaaaaiym_s002_t000.npy,aaaaaiym
s0,abnormal,aaaaaizb_s007_t000.npy,aaaaaizb
s0,abnormal,aaaaaizz_s011_t000.npy,aaaaaizz
s0,abnormal,aaaaajap_s002_t002.npy,aaaaajap
s0,abnormal,aaaaajat_s017_t000.npy,aaaaajat
s0,abnormal,aaaaajdn_s002_t000.npy,aaaaajdn
s0,abnormal,aaaaajez_s003_t000.npy,aaaaajez
s0,abnormal,aaaaajfq_s003_t000.npy,aaaaajfq
s0,abnormal,aaaaajfw_s001_t000.npy,aaaaajfw
s0,abnormal,aaaaajhh_s003_t001.npy,aaaaajhh
s0,abnormal,aaaaajik_s003_t000.npy,aaaaajik
s0,abnormal,aaaaajil_s002_t001.npy,aaaaajil
s0,abnormal,aaaaajlr_s003_t000.npy,aaaaajlr
s0,abnormal,aaaaajmr_s010_t002.npy,aaaaajmr
s0,abnormal,aaaaajqf_s006_t000.npy,aaaaajqf
s0,abnormal,aaaaajqo_s026_t000.npy,aaaaajqo
s0,abnormal,aaaaajqu_s001_t001.npy,aaaaajqu
s0,abnormal,aaaaajra_s003_t000.npy,aaaaajra
s0,abnormal,aaaaajrt_s001_t000.npy,aaaaajrt
s0,abnormal,aaaaajru_s018_t000.npy,aaaaajru
s0,abnormal,aaaaajrz_s001_t001.npy,aaaaajrz
s0,abnormal,aaaaajsl_s010_t000.npy,aaaaajsl
s0,abnormal,aaaaajtx_s001_t001.npy,aaaaajtx
s0,abnormal,aaaaajuc_s002_t000.npy,aaaaajuc
s0,abnormal,aaaaajuo_s001_t000.npy,aaaaajuo
s0,abnormal,aaaaajvs_s001_t000.npy,aaaaajvs
s0,abnormal,aaaaajvt_s001_t000.npy,aaaaajvt
s0,abnormal,aaaaajwa_s001_t000.npy,aaaaajwa
s0,abnormal,aaaaajxh_s001_t000.npy,aaaaajxh
s0,abnormal,aaaaajxi_s001_t000.npy,aaaaajxi
s0,abnormal,aaaaajyp_s007_t001.npy,aaaaajyp
s0,abnormal,aaaaakan_s009_t000.npy,aaaaakan
s0,abnormal,aaaaakaz_s002_t000.npy,aaaaakaz
s0,abnormal,aaaaakbm_s002_t000.npy,aaaaakbm
s0,abnormal,aaaaakbz_s002_t000.npy,aaaaakbz
s0,abnormal,aaaaakem_s001_t000.npy,aaaaakem
s0,abnormal,aaaaakfe_s003_t000.npy,aaaaakfe
s0,abnormal,aaaaakfp_s002_t000.npy,aaaaakfp
s0,abnormal,aaaaakho_s002_t001.npy,aaaaakho
s0,abnormal,aaaaakjn_s002_t000.npy,aaaaakjn
s0,abnormal,aaaaakjo_s001_t000.npy,aaaaakjo
s0,abnormal,aaaaakjw_s002_t000.npy,aaaaakjw
s0,abnormal,aaaaakkb_s001_t000.npy,aaaaakkb
s0,abnormal,aaaaakkm_s008_t000.npy,aaaaakkm
s0,abnormal,aaaaakks_s002_t001.npy,aaaaakks
s0,abnormal,aaaaaknz_s001_t000.npy,aaaaaknz
s0,abnormal,aaaaakpu_s004_t000.npy,aaaaakpu
s0,abnormal,aaaaakqo_s004_t000.npy,aaaaakqo
s0,abnormal,aaaaakqw_s002_t000.npy,aaaaakqw
s0,abnormal,aaaaakro_s008_t000.npy,aaaaakro
s0,abnormal,aaaaakru_s003_t001.npy,aaaaakru
s0,abnormal,aaaaakrx_s001_t000.npy,aaaaakrx
s0,abnormal,aaaaaksw_s003_t000.npy,aaaaaksw
s0,abnormal,aaaaaktk_s006_t000.npy,aaaaaktk
s0,abnormal,aaaaakux_s001_t000.npy,aaaaakux
s0,abnormal,aaaaakvp_s003_t000.npy,aaaaakvp
s0,abnormal,aaaaakvy_s003_t000.npy,aaaaakvy
s0,abnormal,aaaaakxq_s004_t000.npy,aaaaakxq
s0,abnormal,aaaaakym_s001_t000.npy,aaaaakym
s0,abnormal,aaaaalal_s001_t000.npy,aaaaalal
s0,abnormal,aaaaaler_s002_t001.npy,aaaaaler
s0,abnormal,aaaaalfg_s007_t000.npy,aaaaalfg
s0,abnormal,aaaaalfi_s002_t001.npy,aaaaalfi
s0,abnormal,aaaaalfp_s003_t000.npy,aaaaalfp
s0,abnormal,aaaaalfs_s011_t000.npy,aaaaalfs
s0,abnormal,aaaaalgj_s002_t001.npy,aaaaalgj
s0,abnormal,aaaaalhr_s001_t000.npy,aaaaalhr
s0,abnormal,aaaaalhy_s001_t001.npy,aaaaalhy
s0,abnormal,aaaaaljg_s002_t000.npy,aaaaaljg
s0,abnormal,aaaaalkw_s001_t000.npy,aaaaalkw
s0,abnormal,aaaaallt_s003_t000.npy,aaaaallt
s0,abnormal,aaaaallw_s005_t000.npy,aaaaallw
s0,abnormal,aaaaalmh_s001_t000.npy,aaaaalmh
s0,abnormal,aaaaalmz_s001_t001.npy,aaaaalmz
s0,abnormal,aaaaalno_s001_t001.npy,aaaaalno
s0,abnormal,aaaaalof_s001_t000.npy,aaaaalof
s0,abnormal,aaaaaloy_s002_t000.npy,aaaaaloy
s0,abnormal,aaaaalsp_s001_t001.npy,aaaaalsp
s0,abnormal,aaaaalto_s004_t000.npy,aaaaalto
s0,abnormal,aaaaaluy_s001_t001.npy,aaaaaluy
s0,abnormal,aaaaalvf_s001_t001.npy,aaaaalvf
s0,abnormal,aaaaalvm_s001_t000.npy,aaaaalvm
s0,abnormal,aaaaalye_s001_t000.npy,aaaaalye
s0,abnormal,aaaaalym_s001_t001.npy,aaaaalym
s0,abnormal,aaaaalzg_s005_t000.npy,aaaaalzg
s0,abnormal,aaaaalzi_s001_t000.npy,aaaaalzi
s0,abnormal,aaaaalzw_s003_t000.npy,aaaaalzw
s0,abnormal,aaaaambf_s006_t000.npy,aaaaambf
s0,abnormal,aaaaamca_s001_t000.npy,aaaaamca
s0,abnormal,aaaaamct_s003_t000.npy,aaaaamct
s0,abnormal,aaaaamcy_s001_t000.npy,aaaaamcy
s0,abnormal,aaaaamdc_s002_t000.npy,aaaaamdc
s0,abnormal,aaaaamde_s005_t001.npy,aaaaamde
s0,abnormal,aaaaamdu_s002_t001.npy,aaaaamdu
s0,abnormal,aaaaamfd_s001_t001.npy,aaaaamfd
s0,abnormal,aaaaamfg_s002_t000.npy,aaaaamfg
s0,abnormal,aaaaamgc_s001_t001.npy,aaaaamgc
s0,abnormal,aaaaamgf_s001_t000.npy,aaaaamgf
s0,abnormal,aaaaamgi_s001_t000.npy,aaaaamgi
s0,abnormal,aaaaamhd_s001_t000.npy,aaaaamhd
s0,abnormal,aaaaamhm_s001_t000.npy,aaaaamhm
s0,abnormal,aaaaamic_s001_t001.npy,aaaaamic
s0,abnormal,aaaaamki_s003_t000.npy,aaaaamki
s0,abnormal,aaaaamkt_s001_t000.npy,aaaaamkt
s0,abnormal,aaaaammv_s001_t001.npy,aaaaammv
s0,abnormal,aaaaamoa_s001_t000.npy,aaaaamoa
s0,abnormal,aaaaampk_s008_t000.npy,aaaaampk
s0,abnormal,aaaaampo_s001_t000.npy,aaaaampo
s0,abnormal,aaaaamqo_s001_t000.npy,aaaaamqo
s0,abnormal,aaaaamrb_s001_t000.npy,aaaaamrb
s0,abnormal,aaaaamri_s001_t000.npy,aaaaamri
s0,abnormal,aaaaamrl_s002_t000.npy,aaaaamrl
s0,abnormal,aaaaamrs_s001_t000.npy,aaaaamrs
s0,abnormal,aaaaamsh_s002_t015.npy,aaaaamsh
s0,abnormal,aaaaamsw_s001_t001.npy,aaaaamsw
s0,abnormal,aaaaamtk_s001_t000.npy,aaaaamtk
s0,abnormal,aaaaamto_s011_t000.npy,aaaaamto
s0,abnormal,aaaaamtz_s001_t000.npy,aaaaamtz
s0,abnormal,aaaaamul_s001_t000.npy,aaaaamul
s0,abnormal,aaaaamur_s001_t000.npy,aaaaamur
s0,abnormal,aaaaamuu_s001_t000.npy,aaaaamuu
s0,abnormal,aaaaamuy_s008_t000.npy,aaaaamuy
s0,abnormal,aaaaamwm_s001_t000.npy,aaaaamwm
s0,abnormal,aaaaamxj_s003_t000.npy,aaaaamxj
s0,abnormal,aaaaanag_s002_t000.npy,aaaaanag
s0,abnormal,aaaaanbd_s001_t001.npy,aaaaanbd
s0,abnormal,aaaaanbp_s001_t002.npy,aaaaanbp
s0,abnormal,aaaaandy_s001_t000.npy,aaaaandy
s0,abnormal,aaaaanhg_s001_t000.npy,aaaaanhg
s0,abnormal,aaaaanie_s004_t001.npy,aaaaanie
s0,abnormal,aaaaanig_s002_t001.npy,aaaaanig
s0,abnormal,aaaaanjh_s003_t000.npy,aaaaanjh
s0,abnormal,aaaaanji_s007_t000.npy,aaaaanji
s0,abnormal,aaaaanjj_s002_t000.npy,aaaaanjj
s0,abnormal,aaaaanky_s001_t003.npy,aaaaanky
s0,abnormal,aaaaankz_s002_t000.npy,aaaaankz
s0,abnormal,aaaaanls_s001_t000.npy,aaaaanls
s0,abnormal,aaaaanmi_s004_t004.npy,aaaaanmi
s0,abnormal,aaaaanmw_s002_t000.npy,aaaaanmw
s0,abnormal,aaaaannp_s001_t000.npy,aaaaannp
s0,abnormal,aaaaanny_s002_t000.npy,aaaaanny
s0,abnormal,aaaaanog_s008_t000.npy,aaaaanog
s0,abnormal,aaaaanpl_s001_t000.npy,aaaaanpl
s0,abnormal,aaaaanps_s001_t000.npy,aaaaanps
s0,abnormal,aaaaanpx_s002_t000.npy,aaaaanpx
s0,abnormal,aaaaanqc_s003_t000.npy,aaaaanqc
s0,abnormal,aaaaanqx_s001_t000.npy,aaaaanqx
s0,abnormal,aaaaanrd_s002_t000.npy,aaaaanrd
s0,abnormal,aaaaansr_s001_t000.npy,aaaaansr
s0,abnormal,aaaaantt_s001_t000.npy,aaaaantt
s0,abnormal,aaaaanud_s001_t000.npy,aaaaanud
s0,abnormal,aaaaanyi_s003_t000.npy,aaaaanyi
s0,abnormal,aaaaanys_s001_t000.npy,aaaaanys
s0,abnormal,aaaaanzx_s001_t000.npy,aaaaanzx
s0,abnormal,aaaaaoas_s003_t000.npy,aaaaaoas
s0,abnormal,aaaaaobe_s002_t000.npy,aaaaaobe
s0,abnormal,aaaaaocr_s001_t000.npy,aaaaaocr
s0,abnormal,aaaaaoek_s003_t003.npy,aaaaaoek
s0,abnormal,aaaaaofd_s002_t000.npy,aaaaaofd
s0,abnormal,aaaaaogd_s001_t000.npy,aaaaaogd
s0,abnormal,aaaaaogj_s001_t004.npy,aaaaaogj
s0,abnormal,aaaaaogp_s001_t000.npy,aaaaaogp
s0,abnormal,aaaaaoiw_s002_t000.npy,aaaaaoiw
s0,abnormal,aaaaaoiz_s003_t009.npy,aaaaaoiz
s0,abnormal,aaaaaokb_s001_t001.npy,aaaaaokb
s0,abnormal,aaaaaokr_s001_t000.npy,aaaaaokr
s0,abnormal,aaaaaonl_s001_t000.npy,aaaaaonl
s0,abnormal,aaaaaool_s004_t001.npy,aaaaaool
s0,abnormal,aaaaaooo_s001_t000.npy,aaaaaooo
s0,abnormal,aaaaaopa_s002_t000.npy,aaaaaopa
s0,abnormal,aaaaaopb_s001_t003.npy,aaaaaopb
s0,abnormal,aaaaaopt_s001_t000.npy,aaaaaopt
s0,abnormal,aaaaaoqw_s001_t000.npy,aaaaaoqw
s0,abnormal,aaaaaoru_s002_t000.npy,aaaaaoru
s0,abnormal,aaaaaorz_s002_t000.npy,aaaaaorz
s0,abnormal,aaaaaosd_s001_t001.npy,aaaaaosd
s0,abnormal,aaaaaots_s001_t001.npy,aaaaaots
s0,abnormal,aaaaaouk_s007_t001.npy,aaaaaouk
s0,abnormal,aaaaaovx_s002_t001.npy,aaaaaovx
s0,abnormal,aaaaaovz_s001_t000.npy,aaaaaovz
s0,abnormal,aaaaaowo_s002_t000.npy,aaaaaowo
s0,abnormal,aaaaaows_s001_t000.npy,aaaaaows
s0,abnormal,aaaaaoxa_s006_t003.npy,aaaaaoxa
s0,abnormal,aaaaaoyp_s001_t001.npy,aaaaaoyp
s0,abnormal,aaaaaozz_s002_t000.npy,aaaaaozz
s0,abnormal,aaaaapaa_s001_t000.npy,aaaaapaa
s0,abnormal,aaaaapap_s001_t000.npy,aaaaapap
s0,abnormal,aaaaapax_s001_t001.npy,aaaaapax
s0,abnormal,aaaaapdb_s001_t000.npy,aaaaapdb
s0,abnormal,aaaaapdi_s001_t000.npy,aaaaapdi
s0,abnormal,aaaaaphp_s001_t000.npy,aaaaaphp
s0,abnormal,aaaaapib_s001_t001.npy,aaaaapib
s0,abnormal,aaaaapiz_s001_t001.npy,aaaaapiz
s0,abnormal,aaaaapjf_s001_t000.npy,aaaaapjf
s0,abnormal,aaaaapjp_s001_t000.npy,aaaaapjp
s0,abnormal,aaaaapks_s001_t000.npy,aaaaapks
s0,abnormal,aaaaaplh_s001_t000.npy,aaaaaplh
s0,abnormal,aaaaaplq_s001_t000.npy,aaaaaplq
s0,abnormal,aaaaapnc_s019_t001.npy,aaaaapnc
s0,abnormal,aaaaapnh_s001_t000.npy,aaaaapnh
s0,abnormal,aaaaapnl_s003_t000.npy,aaaaapnl
s0,abnormal,aaaaapno_s001_t002.npy,aaaaapno
s0,abnormal,aaaaapoy_s001_t001.npy,aaaaapoy
s0,abnormal,aaaaappr_s001_t001.npy,aaaaappr
s0,abnormal,aaaaapre_s001_t002.npy,aaaaapre
s0,abnormal,aaaaaprf_s001_t000.npy,aaaaaprf
s0,abnormal,aaaaaptf_s003_t001.npy,aaaaaptf
s0,abnormal,aaaaapuo_s001_t000.npy,aaaaapuo
s0,abnormal,aaaaapuw_s001_t000.npy,aaaaapuw
s0,abnormal,aaaaapve_s001_t000.npy,aaaaapve
s0,abnormal,aaaaapxf_s002_t000.npy,aaaaapxf
s0,abnormal,aaaaapxx_s002_t004.npy,aaaaapxx
s0,abnormal,aaaaapyl_s001_t000.npy,aaaaapyl
s1,normal,aaaaaaav_s004_t000.npy,aaaaaaav
s1,normal,aaaaaaff_s002_t000.npy,aaaaaaff
s1,normal,aaaaaama_s002_t000.npy,aaaaaama
s1,normal,aaaaaanr_s003_t000.npy,aaaaaanr
s1,normal,aaaaaapr_s002_t001.npy,aaaaaapr
s1,normal,aaaaaavs_s002_t001.npy,aaaaaavs
s1,normal,aaaaabhm_s010_t001.npy,aaaaabhm
s1,normal,aaaaabik_s004_t001.npy,aaaaabik
s1,normal,aaaaabwi_s003_t000.npy,aaaaabwi
s1,normal,aaaaabzx_s004_t000.npy,aaaaabzx
s1,normal,aaaaacle_s009_t001.npy,aaaaacle
s1,normal,aaaaacuy_s007_t001.npy,aaaaacuy
s1,normal,aaaaadfx_s004_t000.npy,aaaaadfx
s1,normal,aaaaadfz_s002_t000.npy,aaaaadfz
s1,normal,aaaaadqg_s002_t000.npy,aaaaadqg
s1,normal,aaaaadxd_s002_t000.npy,aaaaadxd
s1,normal,aaaaaedn_s004_t000.npy,aaaaaedn
s1,normal,aaaaaenj_s002_t002.npy,aaaaaenj
s1,normal,aaaaaeuq_s002_t001.npy,aaaaaeuq
s1,normal,aaaaafyi_s005_t000.npy,aaaaafyi
s1,normal,aaaaafyz_s002_t001.npy,aaaaafyz
s1,normal,aaaaagzp_s002_t000.npy,aaaaagzp
s1,normal,aaaaahnl_s002_t000.npy,aaaaahnl
s1,normal,aaaaaicc_s004_t000.npy,aaaaaicc
s1,normal,aaaaairk_s002_t000.npy,aaaaairk
s1,normal,aaaaaith_s002_t000.npy,aaaaaith
s1,normal,aaaaaiyg_s004_t001.npy,aaaaaiyg
s1,normal,aaaaaiyp_s002_t000.npy,aaaaaiyp
s1,normal,aaaaaizx_s002_t000.npy,aaaaaizx
s1,normal,aaaaajcv_s002_t001.npy,aaaaajcv
s1,normal,aaaaajei_s004_t001.npy,aaaaajei
s1,normal,aaaaajod_s001_t001.npy,aaaaajod
s1,normal,aaaaajou_s002_t000.npy,aaaaajou
s1,normal,aaaaajpl_s001_t000.npy,aaaaajpl
s1,normal,aaaaajpz_s002_t000.npy,aaaaajpz
s1,normal,aaaaajsg_s001_t000.npy,aaaaajsg
s1,normal,aaaaajsj_s002_t000.npy,aaaaajsj
s1,normal,aaaaajup_s001_t000.npy,aaaaajup
s1,normal,aaaaajwi_s001_t000.npy,aaaaajwi
s1,normal,aaaaajyy_s001_t001.npy,aaaaajyy
s1,normal,aaaaajze_s001_t000.npy,aaaaajze
s1,normal,aaaaajzf_s001_t000.npy,aaaaajzf
s1,normal,aaaaajzm_s001_t000.npy,aaaaajzm
s1,normal,aaaaajzw_s001_t000.npy,aaaaajzw
s1,normal,aaaaakag_s001_t000.npy,aaaaakag
s1,normal,aaaaakan_s006_t000.npy,aaaaakan
s1,normal,aaaaakba_s001_t000.npy,aaaaakba
s1,normal,aaaaakbo_s001_t000.npy,aaaaakbo
s1,normal,aaaaakcj_s001_t001.npy,aaaaakcj
s1,normal,aaaaakda_s001_t001.npy,aaaaakda
s1,normal,aaaaakhy_s002_t000.npy,aaaaakhy
s1,normal,aaaaakif_s001_t000.npy,aaaaakif
s1,normal,aaaaakji_s001_t002.npy,aaaaakji
s1,normal,aaaaakku_s001_t000.npy,aaaaakku
s1,normal,aaaaaklg_s001_t000.npy,aaaaaklg
s1,normal,aaaaakne_s001_t000.npy,aaaaakne
s1,normal,aaaaaknh_s001_t001.npy,aaaaaknh
s1,normal,aaaaaknv_s001_t000.npy,aaaaaknv
s1,normal,aaaaakok_s001_t001.npy,aaaaakok
s1,normal,aaaaakpb_s001_t000.npy,aaaaakpb
s1,normal,aaaaakpl_s001_t001.npy,aaaaakpl
s1,normal,aaaaakpp_s001_t000.npy,aaaaakpp
s1,normal,aaaaakps_s001_t000.npy,aaaaakps
s1,normal,aaaaakqs_s001_t000.npy,aaaaakqs
s1,normal,aaaaakqy_s001_t000.npy,aaaaakqy
s1,normal,aaaaakth_s002_t002.npy,aaaaakth
s1,normal,aaaaakus_s001_t000.npy,aaaaakus
s1,normal,aaaaakuz_s001_t001.npy,aaaaakuz
s1,normal,aaaaakvl_s001_t000.npy,aaaaakvl
s1,normal,aaaaakvw_s001_t001.npy,aaaaakvw
s1,normal,aaaaakwk_s001_t000.npy,aaaaakwk
s1,normal,aaaaakxf_s002_t000.npy,aaaaakxf
s1,normal,aaaaakyl_s001_t001.npy,aaaaakyl
s1,normal,aaaaakyz_s007_t000.npy,aaaaakyz
s1,normal,aaaaakzu_s003_t000.npy,aaaaakzu
s1,normal,aaaaakzx_s003_t001.npy,aaaaakzx
s1,normal,aaaaalaq_s001_t001.npy,aaaaalaq
s1,normal,aaaaalay_s001_t000.npy,aaaaalay
s1,normal,aaaaalbe_s001_t000.npy,aaaaalbe
s1,normal,aaaaalby_s001_t001.npy,aaaaalby
s1,normal,aaaaalco_s001_t000.npy,aaaaalco
s1,normal,aaaaalcr_s001_t001.npy,aaaaalcr
s1,normal,aaaaalcy_s002_t000.npy,aaaaalcy
s1,normal,aaaaalds_s001_t000.npy,aaaaalds
s1,normal,aaaaaleu_s002_t001.npy,aaaaaleu
s1,normal,aaaaalgg_s001_t000.npy,aaaaalgg
s1,normal,aaaaalhz_s001_t000.npy,aaaaalhz
s1,normal,aaaaalkm_s001_t000.npy,aaaaalkm
s1,normal,aaaaalkt_s001_t000.npy,aaaaalkt
s1,normal,aaaaallr_s001_t000.npy,aaaaallr
s1,normal,aaaaalmb_s001_t001.npy,aaaaalmb
s1,normal,aaaaalmj_s002_t002.npy,aaaaalmj
s1,normal,aaaaalnc_s001_t001.npy,aaaaalnc
s1,normal,aaaaalnu_s001_t000.npy,aaaaalnu
s1,normal,aaaaaloe_s001_t000.npy,aaaaaloe
s1,normal,aaaaalou_s001_t001.npy,aaaaalou
s1,normal,aaaaalov_s001_t001.npy,aaaaalov
s1,normal,aaaaalpq_s001_t000.npy,aaaaalpq
s1,normal,aaaaalqt_s001_t001.npy,aaaaalqt
s1,normal,aaaaalrt_s001_t000.npy,aaaaalrt
s1,normal,aaaaalup_s001_t001.npy,aaaaalup
s1,normal,aaaaalvl_s002_t000.npy,aaaaalvl
s1,normal,aaaaalyk_s001_t001.npy,aaaaalyk
s1,normal,aaaaalzg_s002_t000.npy,aaaaalzg
s1,normal,aaaaamai_s001_t001.npy,aaaaamai
s1,normal,aaaaambh_s001_t001.npy,aaaaambh
s1,normal,aaaaamco_s001_t000.npy,aaaaamco
s1,normal,aaaaamdw_s001_t001.npy,aaaaamdw
s1,normal,aaaaamei_s001_t000.npy,aaaaamei
s1,normal,aaaaamez_s001_t001.npy,aaaaamez
s1,normal,aaaaamfa_s001_t001.npy,aaaaamfa
s1,normal,aaaaamgb_s002_t000.npy,aaaaamgb
s1,normal,aaaaamgg_s001_t000.npy,aaaaamgg
s1,normal,aaaaamgh_s001_t000.npy,aaaaamgh
s1,normal,aaaaamju_s002_t019.npy,aaaaamju
s1,normal,aaaaamko_s001_t000.npy,aaaaamko
s1,normal,aaaaamky_s001_t000.npy,aaaaamky
s1,normal,aaaaamlf_s002_t001.npy,aaaaamlf
s1,normal,aaaaammk_s001_t000.npy,aaaaammk
s1,normal,aaaaammm_s001_t001.npy,aaaaammm
s1,normal,aaaaamnj_s003_t000.npy,aaaaamnj
s1,normal,aaaaamoc_s003_t000.npy,aaaaamoc
s1,normal,aaaaamog_s002_t000.npy,aaaaamog
s1,normal,aaaaamoq_s002_t000.npy,aaaaamoq
s1,normal,aaaaampa_s001_t000.npy,aaaaampa
s1,normal,aaaaampv_s001_t000.npy,aaaaampv
s1,normal,aaaaampw_s001_t000.npy,aaaaampw
s1,normal,aaaaamrx_s001_t001.npy,aaaaamrx
s1,normal,aaaaamsh_s001_t000.npy,aaaaamsh
s1,normal,aaaaamsw_s003_t000.npy,aaaaamsw
s1,normal,aaaaamsx_s001_t000.npy,aaaaamsx
s1,normal,aaaaamtu_s001_t000.npy,aaaaamtu
s1,normal,aaaaamum_s001_t000.npy,aaaaamum
s1,normal,aaaaamvc_s003_t001.npy,aaaaamvc
s1,normal,aaaaamvd_s001_t000.npy,aaaaamvd
s1,normal,aaaaamvf_s001_t000.npy,aaaaamvf
s1,normal,aaaaamvg_s002_t000.npy,aaaaamvg
s1,normal,aaaaamvj_s001_t000.npy,aaaaamvj
s1,normal,aaaaamvl_s001_t000.npy,aaaaamvl
s1,normal,aaaaamvo_s001_t000.npy,aaaaamvo
s1,normal,aaaaamwp_s002_t000.npy,aaaaamwp
s1,normal,aaaaamxg_s001_t000.npy,aaaaamxg
s1,normal,aaaaamyg_s001_t000.npy,aaaaamyg
s1,normal,aaaaamyj_s001_t000.npy,aaaaamyj
s1,normal,aaaaamyl_s001_t000.npy,aaaaamyl
s1,normal,aaaaamyw_s001_t000.npy,aaaaamyw
s1,normal,aaaaamzo_s001_t001.npy,aaaaamzo
s1,normal,aaaaamzs_s001_t000.npy,aaaaamzs
s1,normal,aaaaanbi_s001_t000.npy,aaaaanbi
s1,normal,aaaaancd_s001_t001.npy,aaaaancd
s1,normal,aaaaandp_s001_t000.npy,aaaaandp
s1,normal,aaaaaned_s001_t001.npy,aaaaaned
s1,normal,aaaaanep_s004_t000.npy,aaaaanep
s1,normal,aaaaaner_s001_t000.npy,aaaaaner
s1,normal,aaaaanfk_s002_t000.npy,aaaaanfk
s1,normal,aaaaanil_s001_t000.npy,aaaaanil
s1,normal,aaaaanjy_s001_t000.npy,aaaaanjy
s1,normal,aaaaanka_s001_t000.npy,aaaaanka
s1,normal,aaaaankh_s002_t000.npy,aaaaankh
s1,normal,aaaaanle_s001_t000.npy,aaaaanle
s1,normal,aaaaanln_s001_t000.npy,aaaaanln
s1,normal,aaaaanmv_s001_t000.npy,aaaaanmv
s1,normal,aaaaanmw_s007_t000.npy,aaaaanmw
s1,normal,aaaaanoi_s001_t000.npy,aaaaanoi
s1,normal,aaaaanov_s001_t000.npy,aaaaanov
s1,normal,aaaaanpc_s001_t001.npy,aaaaanpc
s1,normal,aaaaanpe_s001_t001.npy,aaaaanpe
s1,normal,aaaaanpf_s001_t000.npy,aaaaanpf
s1,normal,aaaaanqk_s001_t000.npy,aaaaanqk
s1,normal,aaaaanqu_s001_t000.npy,aaaaanqu
s1,normal,aaaaanrg_s001_t000.npy,aaaaanrg
s1,normal,aaaaanrx_s002_t000.npy,aaaaanrx
s1,normal,aaaaanrz_s001_t001.npy,aaaaanrz
s1,normal,aaaaansh_s001_t000.npy,aaaaansh
s1,normal,aaaaantb_s001_t000.npy,aaaaantb
s1,normal,aaaaantj_s001_t001.npy,aaaaantj
s1,normal,aaaaantk_s001_t000.npy,aaaaantk
s1,normal,aaaaantx_s001_t000.npy,aaaaantx
s1,normal,aaaaanuq_s001_t000.npy,aaaaanuq
s1,normal,aaaaanut_s001_t000.npy,aaaaanut
s1,normal,aaaaanvd_s006_t002.npy,aaaaanvd
s1,normal,aaaaanvi_s001_t000.npy,aaaaanvi
s1,normal,aaaaanvq_s001_t000.npy,aaaaanvq
s1,normal,aaaaanvs_s001_t000.npy,aaaaanvs
s1,normal,aaaaanvz_s001_t000.npy,aaaaanvz
s1,normal,aaaaanwt_s001_t000.npy,aaaaanwt
s1,normal,aaaaanye_s001_t000.npy,aaaaanye
s1,normal,aaaaanyz_s001_t000.npy,aaaaanyz
s1,normal,aaaaanzp_s001_t000.npy,aaaaanzp
s1,normal,aaaaaoah_s001_t000.npy,aaaaaoah
s1,normal,aaaaaoai_s001_t000.npy,aaaaaoai
s1,normal,aaaaaobw_s001_t000.npy,aaaaaobw
s1,normal,aaaaaobz_s001_t000.npy,aaaaaobz
s1,normal,aaaaaoci_s001_t000.npy,aaaaaoci
s1,normal,aaaaaocl_s001_t000.npy,aaaaaocl
s1,normal,aaaaaodf_s001_t000.npy,aaaaaodf
s1,normal,aaaaaodm_s002_t000.npy,aaaaaodm
s1,normal,aaaaaoef_s001_t000.npy,aaaaaoef
s1,normal,aaaaaoeo_s001_t000.npy,aaaaaoeo
s1,normal,aaaaaofq_s001_t000.npy,aaaaaofq
s1,normal,aaaaaofx_s001_t000.npy,aaaaaofx
s1,normal,aaaaaohv_s001_t000.npy,aaaaaohv
s1,normal,aaaaaoil_s001_t000.npy,aaaaaoil
s1,normal,aaaaaoiz_s001_t000.npy,aaaaaoiz
s1,normal,aaaaaojl_s003_t008.npy,aaaaaojl
s1,normal,aaaaaokx_s001_t000.npy,aaaaaokx
s1,normal,aaaaaolv_s001_t000.npy,aaaaaolv
s1,normal,aaaaaolx_s001_t000.npy,aaaaaolx
s1,normal,aaaaaoma_s001_t000.npy,aaaaaoma
s1,normal,aaaaaomc_s001_t001.npy,aaaaaomc
s1,normal,aaaaaomr_s001_t000.npy,aaaaaomr
s1,normal,aaaaaonk_s001_t000.npy,aaaaaonk
s1,normal,aaaaaopf_s001_t000.npy,aaaaaopf
s1,normal,aaaaaoql_s001_t001.npy,aaaaaoql
s1,normal,aaaaaoqu_s001_t000.npy,aaaaaoqu
s1,normal,aaaaaorb_s001_t000.npy,aaaaaorb
s1,normal,aaaaaors_s001_t001.npy,aaaaaors
s1,normal,aaaaaotd_s001_t000.npy,aaaaaotd
s1,normal,aaaaaotg_s001_t000.npy,aaaaaotg
s1,normal,aaaaaouh_s001_t000.npy,aaaaaouh
s1,normal,aaaaaouv_s001_t000.npy,aaaaaouv
s1,normal,aaaaaovw_s001_t000.npy,aaaaaovw
s1,normal,aaaaaowe_s001_t001.npy,aaaaaowe
s1,normal,aaaaaowf_s001_t000.npy,aaaaaowf
s1,normal,aaaaaowg_s001_t000.npy,aaaaaowg
s1,normal,aaaaaowu_s001_t000.npy,aaaaaowu
s1,normal,aaaaaoxb_s001_t000.npy,aaaaaoxb
s1,normal,aaaaaoxx_s001_t001.npy,aaaaaoxx
s1,normal,aaaaaoyh_s001_t000.npy,aaaaaoyh
s1,normal,aaaaaozm_s001_t000.npy,aaaaaozm
s1,normal,aaaaapab_s001_t000.npy,aaaaapab
s1,normal,aaaaapbi_s001_t000.npy,aaaaapbi
s1,normal,aaaaapbr_s001_t000.npy,aaaaapbr
s1,normal,aaaaapbs_s001_t000.npy,aaaaapbs
s1,normal,aaaaapbu_s001_t000.npy,aaaaapbu
s1,normal,aaaaapcn_s001_t000.npy,aaaaapcn
s1,normal,aaaaapem_s001_t000.npy,aaaaapem
s1,normal,aaaaapia_s001_t000.npy,aaaaapia
s1,normal,aaaaapie_s001_t000.npy,aaaaapie
s1,normal,aaaaapig_s001_t000.npy,aaaaapig
s1,normal,aaaaapix_s001_t000.npy,aaaaapix
s1,normal,aaaaapiy_s001_t001.npy,aaaaapiy
s1,normal,aaaaapld_s001_t000.npy,aaaaapld
s1,normal,aaaaaplv_s001_t000.npy,aaaaaplv
s1,normal,aaaaapme_s001_t001.npy,aaaaapme
s1,normal,aaaaapmh_s001_t001.npy,aaaaapmh
s1,normal,aaaaapms_s001_t001.npy,aaaaapms
s1,normal,aaaaapmu_s001_t000.npy,aaaaapmu
s1,normal,aaaaapna_s001_t000.npy,aaaaapna
s1,normal,aaaaapnb_s001_t001.npy,aaaaapnb
s1,normal,aaaaapnd_s001_t001.npy,aaaaapnd
s1,normal,aaaaapnq_s001_t001.npy,aaaaapnq
s1,normal,aaaaapoe_s001_t000.npy,aaaaapoe
s1,normal,aaaaapog_s001_t000.npy,aaaaapog
s1,normal,aaaaapoi_s001_t000.npy,aaaaapoi
s1,normal,aaaaapok_s001_t001.npy,aaaaapok
s1,normal,aaaaapos_s001_t000.npy,aaaaapos
s1,normal,aaaaapoz_s001_t002.npy,aaaaapoz
s1,normal,aaaaapql_s001_t000.npy,aaaaapql
s1,normal,aaaaapri_s001_t000.npy,aaaaapri
s1,normal,aaaaaprw_s001_t000.npy,aaaaaprw
s1,normal,aaaaapsa_s001_t000.npy,aaaaapsa
s1,normal,aaaaapsf_s001_t001.npy,aaaaapsf
s1,normal,aaaaapsx_s001_t000.npy,aaaaapsx
s1,normal,aaaaapuf_s001_t001.npy,aaaaapuf
s1,normal,aaaaapuk_s001_t000.npy,aaaaapuk
s1,normal,aaaaapum_s001_t000.npy,aaaaapum
s1,normal,aaaaapva_s001_t000.npy,aaaaapva
s1,normal,aaaaapvg_s001_t001.npy,aaaaapvg
s1,normal,aaaaapvq_s001_t000.npy,aaaaapvq
s1,normal,aaaaapwv_s001_t000.npy,aaaaapwv
s1,normal,aaaaapxy_s001_t001.npy,aaaaapxy
s1,normal,aaaaapye_s001_t000.npy,aaaaapye
s1,normal,aaaaapyi_s001_t000.npy,aaaaapyi
s1,normal,aaaaapzu_s001_t000.npy,aaaaapzu
s1,normal,aaaaaqax_s001_t000.npy,aaaaaqax
s1,abnormal,aaaaaaat_s002_t001.npy,aaaaaaat
s1,abnormal,aaaaaacz_s003_t000.npy,aaaaaacz
s1,abnormal,aaaaaahf_s002_t000.npy,aaaaaahf
s1,abnormal,aaaaaaju_s006_t001.npy,aaaaaaju
s1,abnormal,aaaaaaly_s003_t001.npy,aaaaaaly
s1,abnormal,aaaaaath_s005_t000.npy,aaaaaath
s1,abnormal,aaaaaavx_s006_t000.npy,aaaaaavx
s1,abnormal,aaaaaavz_s005_t001.npy,aaaaaavz
s1,abnormal,aaaaabiw_s015_t000.npy,aaaaabiw
s1,abnormal,aaaaabue_s003_t000.npy,aaaaabue
s1,abnormal,aaaaaceh_s004_t000.npy,aaaaaceh
s1,abnormal,aaaaaces_s006_t001.npy,aaaaaces
s1,abnormal,aaaaacjh_s003_t002.npy,aaaaacjh
s1,abnormal,aaaaacns_s002_t002.npy,aaaaacns
s1,abnormal,aaaaactf_s005_t000.npy,aaaaactf
s1,abnormal,aaaaadbw_s002_t000.npy,aaaaadbw
s1,abnormal,aaaaades_s002_t000.npy,aaaaades
s1,abnormal,aaaaadrn_s004_t003.npy,aaaaadrn
s1,abnormal,aaaaadsy_s004_t004.npy,aaaaadsy
s1,abnormal,aaaaaebk_s006_t000.npy,aaaaaebk
s1,abnormal,aaaaaeog_s003_t000.npy,aaaaaeog
s1,abnormal,aaaaaezj_s003_t000.npy,aaaaaezj
s1,abnormal,aaaaaflq_s004_t000.npy,aaaaaflq
s1,abnormal,aaaaafpj_s004_t000.npy,aaaaafpj
s1,abnormal,aaaaafra_s002_t000.npy,aaaaafra
s1,abnormal,aaaaafxx_s005_t000.npy,aaaaafxx
s1,abnormal,aaaaagbi_s002_t000.npy,aaaaagbi
s1,abnormal,aaaaagdc_s003_t000.npy,aaaaagdc
s1,abnormal,aaaaagit_s003_t001.npy,aaaaagit
s1,abnormal,aaaaagnh_s002_t000.npy,aaaaagnh
s1,abnormal,aaaaagvm_s003_t000.npy,aaaaagvm
s1,abnormal,aaaaagxr_s007_t000.npy,aaaaagxr
s1,abnormal,aaaaahce_s002_t000.npy,aaaaahce
s1,abnormal,aaaaahcw_s002_t000.npy,aaaaahcw
s1,abnormal,aaaaahlk_s002_t000.npy,aaaaahlk
s1,abnormal,aaaaahnb_s003_t001.npy,aaaaahnb
s1,abnormal,aaaaahrs_s002_t001.npy,aaaaahrs
s1,abnormal,aaaaahuc_s006_t001.npy,aaaaahuc
s1,abnormal,aaaaahul_s003_t000.npy,aaaaahul
s1,abnormal,aaaaahun_s016_t000.npy,aaaaahun
s1,abnormal,aaaaahvc_s002_t000.npy,aaaaahvc
s1,abnormal,aaaaahyq_s001_t001.npy,aaaaahyq
s1,abnormal,aaaaahzo_s002_t001.npy,aaaaahzo
s1,abnormal,aaaaaiat_s005_t003.npy,aaaaaiat
s1,abnormal,aaaaaicl_s003_t000.npy,aaaaaicl
s1,abnormal,aaaaaict_s003_t000.npy,aaaaaict
s1,abnormal,aaaaaiev_s007_t000.npy,aaaaaiev
s1,abnormal,aaaaaifo_s004_t001.npy,aaaaaifo
s1,abnormal,aaaaaijg_s002_t000.npy,aaaaaijg
s1,abnormal,aaaaainj_s002_t000.npy,aaaaainj
s1,abnormal,aaaaairs_s002_t000.npy,aaaaairs
s1,abnormal,aaaaaisv_s002_t001.npy,aaaaaisv
s1,abnormal,aaaaaiua_s002_t000.npy,aaaaaiua
s1,abnormal,aaaaaizb_s006_t000.npy,aaaaaizb
s1,abnormal,aaaaajat_s008_t000.npy,aaaaajat
s1,abnormal,aaaaajdn_s013_t000.npy,aaaaajdn
s1,abnormal,aaaaajez_s004_t000.npy,aaaaajez
s1,abnormal,aaaaajfq_s015_t001.npy,aaaaajfq
s1,abnormal,aaaaajgb_s003_t000.npy,aaaaajgb
s1,abnormal,aaaaajhh_s003_t001.npy,aaaaajhh
s1,abnormal,aaaaajil_s002_t001.npy,aaaaajil
s1,abnormal,aaaaajkp_s002_t000.npy,aaaaajkp
s1,abnormal,aaaaajoz_s001_t000.npy,aaaaajoz
s1,abnormal,aaaaajpf_s002_t001.npy,aaaaajpf
s1,abnormal,aaaaajpi_s002_t000.npy,aaaaajpi
s1,abnormal,aaaaajpy_s003_t001.npy,aaaaajpy
s1,abnormal,aaaaajqf_s006_t000.npy,aaaaajqf
s1,abnormal,aaaaajqo_s026_t000.npy,aaaaajqo
s1,abnormal,aaaaajrj_s005_t007.npy,aaaaajrj
s1,abnormal,aaaaajrt_s002_t000.npy,aaaaajrt
s1,abnormal,aaaaajsu_s001_t001.npy,aaaaajsu
s1,abnormal,aaaaajtt_s001_t000.npy,aaaaajtt
s1,abnormal,aaaaajuc_s002_t000.npy,aaaaajuc
s1,abnormal,aaaaajud_s001_t000.npy,aaaaajud
s1,abnormal,aaaaajve_s001_t000.npy,aaaaajve
s1,abnormal,aaaaajvt_s001_t000.npy,aaaaajvt
s1,abnormal,aaaaajwa_s001_t000.npy,aaaaajwa
s1,abnormal,aaaaajxf_s001_t000.npy,aaaaajxf
s1,abnormal,aaaaajxi_s001_t000.npy,aaaaajxi
s1,abnormal,aaaaajyp_s007_t001.npy,aaaaajyp
s1,abnormal,aaaaajzt_s001_t001.npy,aaaaajzt
s1,abnormal,aaaaajzx_s001_t000.npy,aaaaajzx
s1,abnormal,aaaaakbz_s005_t000.npy,aaaaakbz
s1,abnormal,aaaaakcc_s001_t000.npy,aaaaakcc
s1,abnormal,aaaaakcf_s003_t000.npy,aaaaakcf
s1,abnormal,aaaaakcv_s001_t001.npy,aaaaakcv
s1,abnormal,aaaaakdh_s001_t000.npy,aaaaakdh
s1,abnormal,aaaaakdw_s001_t000.npy,aaaaakdw
s1,abnormal,aaaaakep_s001_t000.npy,aaaaakep
s1,abnormal,aaaaaker_s002_t001.npy,aaaaaker
s1,abnormal,aaaaakfe_s003_t000.npy,aaaaakfe
s1,abnormal,aaaaakfj_s001_t000.npy,aaaaakfj
s1,abnormal,aaaaakfk_s001_t001.npy,aaaaakfk
s1,abnormal,aaaaakfo_s005_t000.npy,aaaaakfo
s1,abnormal,aaaaakgj_s001_t003.npy,aaaaakgj
s1,abnormal,aaaaakho_s002_t001.npy,aaaaakho
s1,abnormal,aaaaakic_s001_t000.npy,aaaaakic
s1,abnormal,aaaaakis_s001_t001.npy,aaaaakis
s1,abnormal,aaaaakiu_s001_t001.npy,aaaaakiu
s1,abnormal,aaaaakiy_s001_t000.npy,aaaaakiy
s1,abnormal,aaaaakjw_s002_t000.npy,aaaaakjw
s1,abnormal,aaaaakmn_s002_t001.npy,aaaaakmn
s1,abnormal,aaaaakmp_s001_t001.npy,aaaaakmp
s1,abnormal,aaaaakmw_s008_t002.npy,aaaaakmw
s1,abnormal,aaaaakny_s002_t000.npy,aaaaakny
s1,abnormal,aaaaakpo_s001_t000.npy,aaaaakpo
s1,abnormal,aaaaakqq_s001_t001.npy,aaaaakqq
s1,abnormal,aaaaakqu_s003_t000.npy,aaaaakqu
s1,abnormal,aaaaakqw_s002_t000.npy,aaaaakqw
s1,abnormal,aaaaakro_s007_t000.npy,aaaaakro
s1,abnormal,aaaaaksq_s001_t002.npy,aaaaaksq
s1,abnormal,aaaaaksw_s003_t000.npy,aaaaaksw
s1,abnormal,aaaaakui_s002_t000.npy,aaaaakui
s1,abnormal,aaaaakuy_s002_t002.npy,aaaaakuy
s1,abnormal,aaaaakvy_s002_t000.npy,aaaaakvy
s1,abnormal,aaaaakxq_s006_t000.npy,aaaaakxq
s1,abnormal,aaaaakzv_s004_t003.npy,aaaaakzv
s1,abnormal,aaaaalat_s001_t000.npy,aaaaalat
s1,abnormal,aaaaalax_s001_t000.npy,aaaaalax
s1,abnormal,aaaaalbi_s001_t000.npy,aaaaalbi
s1,abnormal,aaaaalcc_s001_t001.npy,aaaaalcc
s1,abnormal,aaaaalcl_s001_t001.npy,aaaaalcl
s1,abnormal,aaaaaldl_s006_t000.npy,aaaaaldl
s1,abnormal,aaaaaler_s002_t001.npy,aaaaaler
s1,abnormal,aaaaalfp_s004_t000.npy,aaaaalfp
s1,abnormal,aaaaalfs_s004_t000.npy,aaaaalfs
s1,abnormal,aaaaalgj_s001_t001.npy,aaaaalgj
s1,abnormal,aaaaalgz_s003_t000.npy,aaaaalgz
s1,abnormal,aaaaalhp_s003_t009.npy,aaaaalhp
s1,abnormal,aaaaalim_s011_t000.npy,aaaaalim
s1,abnormal,aaaaallk_s001_t000.npy,aaaaallk
s1,abnormal,aaaaallt_s002_t002.npy,aaaaallt
s1,abnormal,aaaaallw_s001_t001.npy,aaaaallw
s1,abnormal,aaaaalno_s002_t000.npy,aaaaalno
s1,abnormal,aaaaalof_s001_t000.npy,aaaaalof
s1,abnormal,aaaaalop_s001_t001.npy,aaaaalop
s1,abnormal,aaaaalqm_s001_t000.npy,aaaaalqm
s1,abnormal,aaaaalvf_s001_t001.npy,aaaaalvf
s1,abnormal,aaaaalvm_s002_t001.npy,aaaaalvm
s1,abnormal,aaaaalxb_s002_t000.npy,aaaaalxb
s1,abnormal,aaaaalzw_s003_t000.npy,aaaaalzw
s1,abnormal,aaaaamad_s008_t000.npy,aaaaamad
s1,abnormal,aaaaambn_s002_t000.npy,aaaaambn
s1,abnormal,aaaaambr_s003_t005.npy,aaaaambr
s1,abnormal,aaaaamcp_s002_t001.npy,aaaaamcp
s1,abnormal,aaaaamcu_s002_t001.npy,aaaaamcu
s1,abnormal,aaaaamcy_s001_t000.npy,aaaaamcy
s1,abnormal,aaaaamde_s003_t000.npy,aaaaamde
s1,abnormal,aaaaamej_s001_t000.npy,aaaaamej
s1,abnormal,aaaaameu_s001_t001.npy,aaaaameu
s1,abnormal,aaaaamgc_s001_t001.npy,aaaaamgc
s1,abnormal,aaaaamgf_s001_t000.npy,aaaaamgf
s1,abnormal,aaaaamgt_s001_t001.npy,aaaaamgt
s1,abnormal,aaaaamhd_s002_t000.npy,aaaaamhd
s1,abnormal,aaaaamjx_s002_t001.npy,aaaaamjx
s1,abnormal,aaaaamka_s001_t000.npy,aaaaamka
s1,abnormal,aaaaamki_s003_t000.npy,aaaaamki
s1,abnormal,aaaaamkt_s001_t000.npy,aaaaamkt
s1,abnormal,aaaaamlt_s001_t001.npy,aaaaamlt
s1,abnormal,aaaaamlu_s001_t002.npy,aaaaamlu
s1,abnormal,aaaaammb_s002_t000.npy,aaaaammb
s1,abnormal,aaaaammr_s001_t000.npy,aaaaammr
s1,abnormal,aaaaammv_s001_t001.npy,aaaaammv
s1,abnormal,aaaaammw_s001_t000.npy,aaaaammw
s1,abnormal,aaaaamnd_s003_t000.npy,aaaaamnd
s1,abnormal,aaaaamni_s002_t000.npy,aaaaamni
s1,abnormal,aaaaamnr_s001_t000.npy,aaaaamnr
s1,abnormal,aaaaamns_s001_t000.npy,aaaaamns
s1,abnormal,aaaaamqi_s001_t000.npy,aaaaamqi
s1,abnormal,aaaaamqq_s002_t005.npy,aaaaamqq
s1,abnormal,aaaaamqy_s005_t001.npy,aaaaamqy
s1,abnormal,aaaaamrb_s001_t000.npy,aaaaamrb
s1,abnormal,aaaaamrd_s003_t001.npy,aaaaamrd
s1,abnormal,aaaaamrl_s002_t000.npy,aaaaamrl
s1,abnormal,aaaaamtt_s001_t000.npy,aaaaamtt
s1,abnormal,aaaaamug_s003_t000.npy,aaaaamug
s1,abnormal,aaaaamuw_s003_t000.npy,aaaaamuw
s1,abnormal,aaaaamuy_s003_t000.npy,aaaaamuy
s1,abnormal,aaaaamwa_s002_t000.npy,aaaaamwa
s1,abnormal,aaaaamwl_s001_t000.npy,aaaaamwl
s1,abnormal,aaaaamxj_s003_t000.npy,aaaaamxj
s1,abnormal,aaaaamyc_s004_t001.npy,aaaaamyc
s1,abnormal,aaaaamyn_s001_t001.npy,aaaaamyn
s1,abnormal,aaaaamzh_s001_t000.npy,aaaaamzh
s1,abnormal,aaaaanac_s003_t000.npy,aaaaanac
s1,abnormal,aaaaanai_s001_t000.npy,aaaaanai
s1,abnormal,aaaaanbe_s001_t001.npy,aaaaanbe
s1,abnormal,aaaaanbm_s001_t000.npy,aaaaanbm
s1,abnormal,aaaaancb_s002_t000.npy,aaaaancb
s1,abnormal,aaaaancc_s001_t000.npy,aaaaancc
s1,abnormal,aaaaandy_s001_t000.npy,aaaaandy
s1,abnormal,aaaaanhd_s001_t000.npy,aaaaanhd
s1,abnormal,aaaaanih_s001_t000.npy,aaaaanih
s1,abnormal,aaaaanjh_s003_t000.npy,aaaaanjh
s1,abnormal,aaaaanjz_s001_t000.npy,aaaaanjz
s1,abnormal,aaaaankj_s001_t000.npy,aaaaankj
s1,abnormal,aaaaanla_s001_t000.npy,aaaaanla
s1,abnormal,aaaaanne_s001_t002.npy,aaaaanne
s1,abnormal,aaaaannp_s002_t000.npy,aaaaannp
s1,abnormal,aaaaanog_s002_t000.npy,aaaaanog
s1,abnormal,aaaaanou_s002_t000.npy,aaaaanou
s1,abnormal,aaaaanps_s001_t000.npy,aaaaanps
s1,abnormal,aaaaanpx_s002_t000.npy,aaaaanpx
s1,abnormal,aaaaanrb_s001_t000.npy,aaaaanrb
s1,abnormal,aaaaanrd_s002_t000.npy,aaaaanrd
s1,abnormal,aaaaanri_s001_t000.npy,aaaaanri
s1,abnormal,aaaaansd_s001_t000.npy,aaaaansd
s1,abnormal,aaaaanso_s001_t000.npy,aaaaanso
s1,abnormal,aaaaantn_s002_t000.npy,aaaaantn
s1,abnormal,aaaaanuc_s001_t001.npy,aaaaanuc
s1,abnormal,aaaaanud_s004_t000.npy,aaaaanud
s1,abnormal,aaaaanwp_s001_t000.npy,aaaaanwp
s1,abnormal,aaaaanzf_s001_t000.npy,aaaaanzf
s1,abnormal,aaaaaoae_s001_t000.npy,aaaaaoae
s1,abnormal,aaaaaobe_s003_t000.npy,aaaaaobe
s1,abnormal,aaaaaoce_s001_t000.npy,aaaaaoce
s1,abnormal,aaaaaocr_s002_t001.npy,aaaaaocr
s1,abnormal,aaaaaocy_s007_t000.npy,aaaaaocy
s1,abnormal,aaaaaodo_s001_t001.npy,aaaaaodo
s1,abnormal,aaaaaods_s001_t000.npy,aaaaaods
s1,abnormal,aaaaaoec_s001_t000.npy,aaaaaoec
s1,abnormal,aaaaaofk_s001_t000.npy,aaaaaofk
s1,abnormal,aaaaaogs_s001_t001.npy,aaaaaogs
s1,abnormal,aaaaaoiw_s001_t000.npy,aaaaaoiw
s1,abnormal,aaaaaojw_s002_t000.npy,aaaaaojw
s1,abnormal,aaaaaokb_s001_t001.npy,aaaaaokb
s1,abnormal,aaaaaoko_s001_t000.npy,aaaaaoko
s1,abnormal,aaaaaole_s001_t001.npy,aaaaaole
s1,abnormal,aaaaaong_s001_t000.npy,aaaaaong
s1,abnormal,aaaaaonz_s001_t000.npy,aaaaaonz
s1,abnormal,aaaaaoom_s002_t006.npy,aaaaaoom
s1,abnormal,aaaaaooz_s001_t000.npy,aaaaaooz
s1,abnormal,aaaaaopa_s002_t000.npy,aaaaaopa
s1,abnormal,aaaaaopb_s001_t003.npy,aaaaaopb
s1,abnormal,aaaaaopm_s005_t001.npy,aaaaaopm
s1,abnormal,aaaaaoqg_s001_t000.npy,aaaaaoqg
s1,abnormal,aaaaaoqw_s002_t000.npy,aaaaaoqw
s1,abnormal,aaaaaoro_s001_t001.npy,aaaaaoro
s1,abnormal,aaaaaosc_s001_t000.npy,aaaaaosc
s1,abnormal,aaaaaosd_s005_t000.npy,aaaaaosd
s1,abnormal,aaaaaoso_s001_t000.npy,aaaaaoso
s1,abnormal,aaaaaots_s001_t001.npy,aaaaaots
s1,abnormal,aaaaaouk_s001_t000.npy,aaaaaouk
s1,abnormal,aaaaaouo_s001_t001.npy,aaaaaouo
s1,abnormal,aaaaaovq_s001_t000.npy,aaaaaovq
s1,abnormal,aaaaaovx_s001_t000.npy,aaaaaovx
s1,abnormal,aaaaaows_s001_t000.npy,aaaaaows
s1,abnormal,aaaaaowt_s001_t002.npy,aaaaaowt
s1,abnormal,aaaaaoxn_s001_t001.npy,aaaaaoxn
s1,abnormal,aaaaapaq_s001_t000.npy,aaaaapaq
s1,abnormal,aaaaapaw_s001_t000.npy,aaaaapaw
s1,abnormal,aaaaapek_s001_t000.npy,aaaaapek
s1,abnormal,aaaaapfv_s001_t000.npy,aaaaapfv
s1,abnormal,aaaaapgt_s007_t001.npy,aaaaapgt
s1,abnormal,aaaaapho_s001_t000.npy,aaaaapho
s1,abnormal,aaaaaphp_s001_t000.npy,aaaaaphp
s1,abnormal,aaaaapjp_s001_t000.npy,aaaaapjp
s1,abnormal,aaaaapks_s001_t000.npy,aaaaapks
s1,abnormal,aaaaapli_s001_t000.npy,aaaaapli
s1,abnormal,aaaaapmt_s001_t001.npy,aaaaapmt
s1,abnormal,aaaaapng_s001_t001.npy,aaaaapng
s1,abnormal,aaaaappo_s001_t002.npy,aaaaappo
s1,abnormal,aaaaappr_s001_t001.npy,aaaaappr
s1,abnormal,aaaaaprb_s001_t001.npy,aaaaaprb
s1,abnormal,aaaaaprf_s004_t000.npy,aaaaaprf
s1,abnormal,aaaaaptm_s002_t001.npy,aaaaaptm
s1,abnormal,aaaaaptx_s001_t001.npy,aaaaaptx
s1,abnormal,aaaaapve_s001_t000.npy,aaaaapve
s1,abnormal,aaaaapvx_s001_t000.npy,aaaaapvx
s1,abnormal,aaaaapwl_s002_t001.npy,aaaaapwl
s2,normal,aaaaaaqb_s004_t000.npy,aaaaaaqb
s2,normal,aaaaaary_s003_t000.npy,aaaaaary
s2,normal,aaaaadbl_s002_t000.npy,aaaaadbl
s2,normal,aaaaadfx_s004_t000.npy,aaaaadfx
s2,normal,aaaaadmp_s002_t001.npy,aaaaadmp
s2,normal,aaaaadms_s002_t000.npy,aaaaadms
s2,normal,aaaaadnb_s003_t000.npy,aaaaadnb
s2,normal,aaaaaect_s005_t000.npy,aaaaaect
s2,normal,aaaaaedn_s004_t000.npy,aaaaaedn
s2,normal,aaaaaenq_s004_t005.npy,aaaaaenq
s2,normal,aaaaaeoe_s002_t000.npy,aaaaaeoe
s2,normal,aaaaaeph_s004_t000.npy,aaaaaeph
s2,normal,aaaaaeqq_s003_t001.npy,aaaaaeqq
s2,normal,aaaaaezv_s003_t000.npy,aaaaaezv
s2,normal,aaaaaflq_s003_t000.npy,aaaaaflq
s2,normal,aaaaafyi_s005_t000.npy,aaaaafyi
s2,normal,aaaaafyz_s002_t001.npy,aaaaafyz
s2,normal,aaaaaibk_s002_t000.npy,aaaaaibk
s2,normal,aaaaaibr_s005_t000.npy,aaaaaibr
s2,normal,aaaaaicc_s002_t002.npy,aaaaaicc
s2,normal,aaaaaiou_s002_t001.npy,aaaaaiou
s2,normal,aaaaairk_s002_t000.npy,aaaaairk
s2,normal,aaaaaisc_s002_t000.npy,aaaaaisc
s2,normal,aaaaaiwp_s004_t001.npy,aaaaaiwp
s2,normal,aaaaajbm_s002_t001.npy,aaaaajbm
s2,normal,aaaaajcv_s002_t001.npy,aaaaajcv
s2,normal,aaaaajef_s002_t001.npy,aaaaajef
s2,normal,aaaaajex_s003_t002.npy,aaaaajex
s2,normal,aaaaajfo_s002_t000.npy,aaaaajfo
s2,normal,aaaaajgj_s003_t000.npy,aaaaajgj
s2,normal,aaaaajik_s002_t000.npy,aaaaajik
s2,normal,aaaaajnz_s001_t000.npy,aaaaajnz
s2,normal,aaaaajpq_s001_t000.npy,aaaaajpq
s2,normal,aaaaajpz_s002_t000.npy,aaaaajpz
s2,normal,aaaaajqn_s001_t001.npy,aaaaajqn
s2,normal,aaaaajsj_s002_t000.npy,aaaaajsj
s2,normal,aaaaajst_s001_t000.npy,aaaaajst
s2,normal,aaaaajus_s001_t000.npy,aaaaajus
s2,normal,aaaaajwg_s001_t001.npy,aaaaajwg
s2,normal,aaaaajyg_s002_t000.npy,aaaaajyg
s2,normal,aaaaajzh_s001_t001.npy,aaaaajzh
s2,normal,aaaaajzm_s002_t000.npy,aaaaajzm
s2,normal,aaaaakbc_s003_t000.npy,aaaaakbc
s2,normal,aaaaakbd_s001_t000.npy,aaaaakbd
s2,normal,aaaaakbj_s001_t001.npy,aaaaakbj
s2,normal,aaaaakgg_s002_t001.npy,aaaaakgg
s2,normal,aaaaakhx_s001_t001.npy,aaaaakhx
s2,normal,aaaaakir_s001_t001.npy,aaaaakir
s2,normal,aaaaaklc_s002_t001.npy,aaaaaklc
s2,normal,aaaaaklh_s002_t000.npy,aaaaaklh
s2,normal,aaaaakme_s001_t000.npy,aaaaakme
s2,normal,aaaaaknc_s002_t000.npy,aaaaaknc
s2,normal,aaaaakne_s001_t000.npy,aaaaakne
s2,normal,aaaaaknv_s001_t000.npy,aaaaaknv
s2,normal,aaaaakoi_s001_t001.npy,aaaaakoi
s2,normal,aaaaakol_s001_t001.npy,aaaaakol
s2,normal,aaaaakow_s001_t000.npy,aaaaakow
s2,normal,aaaaakpk_s001_t001.npy,aaaaakpk
s2,normal,aaaaakqe_s001_t001.npy,aaaaakqe
s2,normal,aaaaakqk_s001_t001.npy,aaaaakqk
s2,normal,aaaaakqn_s001_t000.npy,aaaaakqn
s2,normal,aaaaakqs_s001_t000.npy,aaaaakqs
s2,normal,aaaaakrf_s001_t000.npy,aaaaakrf
s2,normal,aaaaakrl_s001_t000.npy,aaaaakrl
s2,normal,aaaaakrs_s002_t000.npy,aaaaakrs
s2,normal,aaaaakue_s001_t000.npy,aaaaakue
s2,normal,aaaaakus_s001_t000.npy,aaaaakus
s2,normal,aaaaakuz_s003_t001.npy,aaaaakuz
s2,normal,aaaaakvk_s001_t001.npy,aaaaakvk
s2,normal,aaaaakvl_s001_t000.npy,aaaaakvl
s2,normal,aaaaakvo_s001_t001.npy,aaaaakvo
s2,normal,aaaaakwt_s002_t001.npy,aaaaakwt
s2,normal,aaaaakxo_s001_t000.npy,aaaaakxo
s2,normal,aaaaakyz_s007_t000.npy,aaaaakyz
s2,normal,aaaaakzu_s003_t000.npy,aaaaakzu
s2,normal,aaaaalad_s002_t000.npy,aaaaalad
s2,normal,aaaaalco_s002_t000.npy,aaaaalco
s2,normal,aaaaalcr_s001_t001.npy,aaaaalcr
s2,normal,aaaaaler_s003_t000.npy,aaaaaler
s2,normal,aaaaalgd_s001_t000.npy,aaaaalgd
s2,normal,aaaaalhs_s001_t000.npy,aaaaalhs
s2,normal,aaaaalhz_s001_t000.npy,aaaaalhz
s2,normal,aaaaalie_s001_t000.npy,aaaaalie
s2,normal,aaaaalis_s002_t000.npy,aaaaalis
s2,normal,aaaaalkm_s001_t000.npy,aaaaalkm
s2,normal,aaaaalmf_s002_t000.npy,aaaaalmf
s2,normal,aaaaalov_s001_t001.npy,aaaaalov
s2,normal,aaaaalpe_s002_t000.npy,aaaaalpe
s2,normal,aaaaalpl_s001_t001.npy,aaaaalpl
s2,normal,aaaaalqy_s001_t000.npy,aaaaalqy
s2,normal,aaaaalre_s002_t000.npy,aaaaalre
s2,normal,aaaaaluf_s001_t000.npy,aaaaaluf
s2,normal,aaaaalun_s001_t001.npy,aaaaalun
s2,normal,aaaaalvh_s001_t000.npy,aaaaalvh
s2,normal,aaaaalvv_s001_t000.npy,aaaaalvv
s2,normal,aaaaalwh_s001_t001.npy,aaaaalwh
s2,normal,aaaaalwm_s001_t001.npy,aaaaalwm
s2,normal,aaaaalww_s001_t000.npy,aaaaalww
s2,normal,aaaaalxr_s001_t000.npy,aaaaalxr
s2,normal,aaaaalzg_s009_t000.npy,aaaaalzg
s2,normal,aaaaalzp_s001_t001.npy,aaaaalzp
s2,normal,aaaaamae_s003_t000.npy,aaaaamae
s2,normal,aaaaamcg_s001_t000.npy,aaaaamcg
s2,normal,aaaaamcu_s003_t001.npy,aaaaamcu
s2,normal,aaaaamdh_s001_t001.npy,aaaaamdh
s2,normal,aaaaamdn_s001_t001.npy,aaaaamdn
s2,normal,aaaaamdw_s001_t001.npy,aaaaamdw
s2,normal,aaaaameb_s001_t000.npy,aaaaameb
s2,normal,aaaaamfp_s001_t000.npy,aaaaamfp
s2,normal,aaaaamfs_s002_t000.npy,aaaaamfs
s2,normal,aaaaamgg_s001_t000.npy,aaaaamgg
s2,normal,aaaaamgh_s001_t000.npy,aaaaamgh
s2,normal,aaaaamgs_s001_t000.npy,aaaaamgs
s2,normal,aaaaamha_s001_t000.npy,aaaaamha
s2,normal,aaaaamhf_s001_t000.npy,aaaaamhf
s2,normal,aaaaamin_s002_t000.npy,aaaaamin
s2,normal,aaaaamjg_s001_t000.npy,aaaaamjg
s2,normal,aaaaamjm_s001_t000.npy,aaaaamjm
s2,normal,aaaaamju_s002_t019.npy,aaaaamju
s2,normal,aaaaamkq_s001_t000.npy,aaaaamkq
s2,normal,aaaaamlm_s001_t000.npy,aaaaamlm
s2,normal,aaaaammj_s001_t000.npy,aaaaammj
s2,normal,aaaaammm_s001_t001.npy,aaaaammm
s2,normal,aaaaamnl_s001_t001.npy,aaaaamnl
s2,normal,aaaaamnw_s001_t000.npy,aaaaamnw
s2,normal,aaaaamnz_s001_t000.npy,aaaaamnz
s2,normal,aaaaamob_s001_t000.npy,aaaaamob
s2,normal,aaaaamoc_s002_t000.npy,aaaaamoc
s2,normal,aaaaamot_s001_t001.npy,aaaaamot
s2,normal,aaaaampw_s001_t000.npy,aaaaampw
s2,normal,aaaaamrm_s001_t000.npy,aaaaamrm
s2,normal,aaaaamrv_s001_t000.npy,aaaaamrv
s2,normal,aaaaamsp_s001_t001.npy,aaaaamsp
s2,normal,aaaaamsu_s001_t000.npy,aaaaamsu
s2,normal,aaaaamtl_s002_t000.npy,aaaaamtl
s2,normal,aaaaamuo_s001_t000.npy,aaaaamuo
s2,normal,aaaaamwe_s001_t000.npy,aaaaamwe
s2,normal,aaaaamwi_s001_t000.npy,aaaaamwi
s2,normal,aaaaamwr_s001_t000.npy,aaaaamwr
s2,normal,aaaaamww_s001_t000.npy,aaaaamww
s2,normal,aaaaamxb_s001_t000.npy,aaaaamxb
s2,normal,aaaaamxg_s001_t000.npy,aaaaamxg
s2,normal,aaaaamzc_s002_t000.npy,aaaaamzc
s2,normal,aaaaamze_s001_t001.npy,aaaaamze
s2,normal,aaaaanaw_s001_t000.npy,aaaaanaw
s2,normal,aaaaanbe_s002_t003.npy,aaaaanbe
s2,normal,aaaaanbs_s001_t000.npy,aaaaanbs
s2,normal,aaaaancf_s001_t000.npy,aaaaancf
s2,normal,aaaaancn_s001_t000.npy,aaaaancn
s2,normal,aaaaancs_s001_t000.npy,aaaaancs
s2,normal,aaaaancz_s001_t000.npy,aaaaancz
s2,normal,aaaaandc_s001_t000.npy,aaaaandc
s2,normal,aaaaandp_s001_t000.npy,aaaaandp
s2,normal,aaaaandt_s001_t000.npy,aaaaandt
s2,normal,aaaaandw_s001_t001.npy,aaaaandw
s2,normal,aaaaanev_s001_t000.npy,aaaaanev
s2,normal,aaaaanfb_s001_t000.npy,aaaaanfb
s2,normal,aaaaanfk_s002_t000.npy,aaaaanfk
s2,normal,aaaaanfq_s001_t000.npy,aaaaanfq
s2,normal,aaaaangb_s001_t000.npy,aaaaangb
s2,normal,aaaaangi_s001_t000.npy,aaaaangi
s2,normal,aaaaanjg_s001_t000.npy,aaaaanjg
s2,normal,aaaaanka_s001_t000.npy,aaaaanka
s2,normal,aaaaankh_s001_t000.npy,aaaaankh
s2,normal,aaaaankk_s001_t000.npy,aaaaankk
s2,normal,aaaaankw_s001_t001.npy,aaaaankw
s2,normal,aaaaanlk_s001_t000.npy,aaaaanlk
s2,normal,aaaaanlu_s002_t000.npy,aaaaanlu
s2,normal,aaaaanmr_s001_t002.npy,aaaaanmr
s2,normal,aaaaanon_s001_t000.npy,aaaaanon
s2,normal,aaaaanpc_s001_t001.npy,aaaaanpc
s2,normal,aaaaansb_s001_t000.npy,aaaaansb
s2,normal,aaaaansh_s001_t000.npy,aaaaansh
s2,normal,aaaaansv_s001_t001.npy,aaaaansv
s2,normal,aaaaantb_s001_t000.npy,aaaaantb
s2,normal,aaaaante_s001_t000.npy,aaaaante
s2,normal,aaaaantg_s003_t000.npy,aaaaantg
s2,normal,aaaaantl_s001_t001.npy,aaaaantl
s2,normal,aaaaanuq_s001_t000.npy,aaaaanuq
s2,normal,aaaaanus_s001_t000.npy,aaaaanus
s2,normal,aaaaanut_s002_t000.npy,aaaaanut
s2,normal,aaaaanuu_s002_t009.npy,aaaaanuu
s2,normal,aaaaanvd_s006_t002.npy,aaaaanvd
s2,normal,aaaaanvz_s001_t000.npy,aaaaanvz
s2,normal,aaaaanwb_s001_t000.npy,aaaaanwb
s2,normal,aaaaanyy_s001_t000.npy,aaaaanyy
s2,normal,aaaaaoag_s001_t001.npy,aaaaaoag
s2,normal,aaaaaoci_s001_t000.npy,aaaaaoci
s2,normal,aaaaaodi_s001_t000.npy,aaaaaodi
s2,normal,aaaaaodm_s002_t000.npy,aaaaaodm
s2,normal,aaaaaodx_s002_t000.npy,aaaaaodx
s2,normal,aaaaaoef_s001_t000.npy,aaaaaoef
s2,normal,aaaaaoen_s001_t000.npy,aaaaaoen
s2,normal,aaaaaoep_s001_t000.npy,aaaaaoep
s2,normal,aaaaaoeq_s002_t000.npy,aaaaaoeq
s2,normal,aaaaaoet_s001_t000.npy,aaaaaoet
s2,normal,aaaaaofi_s002_t000.npy,aaaaaofi
s2,normal,aaaaaofp_s001_t001.npy,aaaaaofp
s2,normal,aaaaaofq_s002_t000.npy,aaaaaofq
s2,normal,aaaaaogf_s001_t000.npy,aaaaaogf
s2,normal,aaaaaohw_s003_t000.npy,aaaaaohw
s2,normal,aaaaaoia_s001_t000.npy,aaaaaoia
s2,normal,aaaaaoid_s002_t000.npy,aaaaaoid
s2,normal,aaaaaoie_s002_t015.npy,aaaaaoie
s2,normal,aaaaaoil_s001_t000.npy,aaaaaoil
s2,normal,aaaaaois_s001_t000.npy,aaaaaois
s2,normal,aaaaaojl_s001_t001.npy,aaaaaojl
s2,normal,aaaaaokd_s002_t000.npy,aaaaaokd
s2,normal,aaaaaola_s001_t000.npy,aaaaaola
s2,normal,aaaaaolv_s002_t000.npy,aaaaaolv
s2,normal,aaaaaoma_s001_t000.npy,aaaaaoma
s2,normal,aaaaaomj_s001_t000.npy,aaaaaomj
s2,normal,aaaaaona_s001_t000.npy,aaaaaona
s2,normal,aaaaaoob_s001_t000.npy,aaaaaoob
s2,normal,aaaaaoow_s001_t000.npy,aaaaaoow
s2,normal,aaaaaori_s001_t000.npy,aaaaaori
s2,normal,aaaaaorn_s002_t000.npy,aaaaaorn
s2,normal,aaaaaorr_s001_t001.npy,aaaaaorr
s2,normal,aaaaaosa_s001_t000.npy,aaaaaosa
s2,normal,aaaaaosb_s002_t001.npy,aaaaaosb
s2,normal,aaaaaotk_s001_t000.npy,aaaaaotk
s2,normal,aaaaaotv_s001_t000.npy,aaaaaotv
s2,normal,aaaaaotx_s001_t000.npy,aaaaaotx
s2,normal,aaaaaouh_s001_t000.npy,aaaaaouh
s2,normal,aaaaaouv_s001_t000.npy,aaaaaouv
s2,normal,aaaaaovj_s001_t000.npy,aaaaaovj
s2,normal,aaaaaoyb_s001_t001.npy,aaaaaoyb
s2,normal,aaaaaoyd_s001_t000.npy,aaaaaoyd
s2,normal,aaaaaoyh_s001_t000.npy,aaaaaoyh
s2,normal,aaaaaoyi_s001_t000.npy,aaaaaoyi
s2,normal,aaaaaozi_s001_t000.npy,aaaaaozi
s2,normal,aaaaapaj_s001_t000.npy,aaaaapaj
s2,normal,aaaaapbb_s001_t000.npy,aaaaapbb
s2,normal,aaaaapbm_s001_t000.npy,aaaaapbm
s2,normal,aaaaapbn_s001_t000.npy,aaaaapbn
s2,normal,aaaaapbs_s001_t000.npy,aaaaapbs
s2,normal,aaaaapbu_s001_t000.npy,aaaaapbu
s2,normal,aaaaapbw_s001_t000.npy,aaaaapbw
s2,normal,aaaaapde_s001_t000.npy,aaaaapde
s2,normal,aaaaapdk_s001_t000.npy,aaaaapdk
s2,normal,aaaaapel_s001_t000.npy,aaaaapel
s2,normal,aaaaaper_s001_t000.npy,aaaaaper
s2,normal,aaaaapfe_s001_t000.npy,aaaaapfe
s2,normal,aaaaapfm_s001_t000.npy,aaaaapfm
s2,normal,aaaaapft_s001_t000.npy,aaaaapft
s2,normal,aaaaapgd_s001_t000.npy,aaaaapgd
s2,normal,aaaaaphq_s001_t000.npy,aaaaaphq
s2,normal,aaaaapik_s001_t001.npy,aaaaapik
s2,normal,aaaaapiq_s001_t000.npy,aaaaapiq
s2,normal,aaaaapiy_s001_t001.npy,aaaaapiy
s2,normal,aaaaapjo_s001_t000.npy,aaaaapjo
s2,normal,aaaaapky_s001_t000.npy,aaaaapky
s2,normal,aaaaaplu_s001_t001.npy,aaaaaplu
s2,normal,aaaaapml_s001_t000.npy,aaaaapml
s2,normal,aaaaapmu_s001_t000.npy,aaaaapmu
s2,normal,aaaaapna_s001_t000.npy,aaaaapna
s2,normal,aaaaapog_s001_t000.npy,aaaaapog
s2,normal,aaaaapoi_s001_t000.npy,aaaaapoi
s2,normal,aaaaapoj_s001_t000.npy,aaaaapoj
s2,normal,aaaaapoz_s001_t002.npy,aaaaapoz
s2,normal,aaaaappq_s001_t001.npy,aaaaappq
s2,normal,aaaaapqm_s001_t000.npy,aaaaapqm
s2,normal,aaaaapqn_s001_t000.npy,aaaaapqn
s2,normal,aaaaaprh_s001_t001.npy,aaaaaprh
s2,normal,aaaaapri_s002_t001.npy,aaaaapri
s2,normal,aaaaaptb_s001_t001.npy,aaaaaptb
s2,normal,aaaaapto_s001_t000.npy,aaaaapto
s2,normal,aaaaapum_s001_t000.npy,aaaaapum
s2,normal,aaaaapus_s001_t000.npy,aaaaapus
s2,normal,aaaaapvg_s001_t001.npy,aaaaapvg
s2,normal,aaaaapvi_s001_t001.npy,aaaaapvi
s2,normal,aaaaapvt_s001_t000.npy,aaaaapvt
s2,normal,aaaaapwq_s001_t001.npy,aaaaapwq
s2,normal,aaaaapxv_s001_t001.npy,aaaaapxv
s2,normal,aaaaapye_s001_t000.npy,aaaaapye
s2,normal,aaaaapyi_s001_t000.npy,aaaaapyi
s2,abnormal,aaaaaaat_s002_t001.npy,aaaaaaat
s2,abnormal,aaaaaaju_s005_t000.npy,aaaaaaju
s2,abnormal,aaaaaanr_s004_t000.npy,aaaaaanr
s2,abnormal,aaaaaath_s004_t000.npy,aaaaaath
s2,abnormal,aaaaaazq_s006_t002.npy,aaaaaazq
s2,abnormal,aaaaabhz_s002_t000.npy,aaaaabhz
s2,abnormal,aaaaabii_s002_t000.npy,aaaaabii
s2,abnormal,aaaaabju_s002_t000.npy,aaaaabju
s2,abnormal,aaaaabrc_s005_t000.npy,aaaaabrc
s2,abnormal,aaaaaceh_s004_t000.npy,aaaaaceh
s2,abnormal,aaaaacfa_s003_t000.npy,aaaaacfa
s2,abnormal,aaaaacjw_s002_t000.npy,aaaaacjw
s2,abnormal,aaaaacns_s003_t000.npy,aaaaacns
s2,abnormal,aaaaacod_s004_t000.npy,aaaaacod
s2,abnormal,aaaaacqn_s002_t004.npy,aaaaacqn
s2,abnormal,aaaaacsg_s003_t000.npy,aaaaacsg
s2,abnormal,aaaaacsy_s002_t000.npy,aaaaacsy
s2,abnormal,aaaaactf_s004_t000.npy,aaaaactf
s2,abnormal,aaaaades_s002_t000.npy,aaaaades
s2,abnormal,aaaaadli_s005_t000.npy,aaaaadli
s2,abnormal,aaaaadlo_s003_t001.npy,aaaaadlo
s2,abnormal,aaaaadsy_s004_t004.npy,aaaaadsy
s2,abnormal,aaaaaebk_s017_t000.npy,aaaaaebk
s2,abnormal,aaaaaedq_s006_t000.npy,aaaaaedq
s2,abnormal,aaaaaelp_s005_t000.npy,aaaaaelp
s2,abnormal,aaaaaeog_s003_t000.npy,aaaaaeog
s2,abnormal,aaaaaeqd_s010_t000.npy,aaaaaeqd
s2,abnormal,aaaaaeuh_s003_t000.npy,aaaaaeuh
s2,abnormal,aaaaaeyq_s003_t000.npy,aaaaaeyq
s2,abnormal,aaaaaezj_s002_t000.npy,aaaaaezj
s2,abnormal,aaaaafaf_s004_t002.npy,aaaaafaf
s2,abnormal,aaaaafhi_s003_t003.npy,aaaaafhi
s2,abnormal,aaaaafpj_s005_t000.npy,aaaaafpj
s2,abnormal,aaaaafps_s002_t001.npy,aaaaafps
s2,abnormal,aaaaaftk_s007_t000.npy,aaaaaftk
s2,abnormal,aaaaaftm_s002_t000.npy,aaaaaftm
s2,abnormal,aaaaafxx_s005_t000.npy,aaaaafxx
s2,abnormal,aaaaagbi_s002_t000.npy,aaaaagbi
s2,abnormal,aaaaagdc_s003_t000.npy,aaaaagdc
s2,abnormal,aaaaagdd_s003_t001.npy,aaaaagdd
s2,abnormal,aaaaagit_s003_t001.npy,aaaaagit
s2,abnormal,aaaaagmy_s004_t000.npy,aaaaagmy
s2,abnormal,aaaaagpk_s011_t000.npy,aaaaagpk
s2,abnormal,aaaaagvm_s003_t000.npy,aaaaagvm
s2,abnormal,aaaaagvr_s005_t000.npy,aaaaagvr
s2,abnormal,aaaaahjt_s002_t000.npy,aaaaahjt
s2,abnormal,aaaaahnb_s003_t001.npy,aaaaahnb
s2,abnormal,aaaaahrs_s002_t001.npy,aaaaahrs
s2,abnormal,aaaaahwd_s004_t001.npy,aaaaahwd
s2,abnormal,aaaaahyq_s001_t001.npy,aaaaahyq
s2,abnormal,aaaaahzo_s002_t001.npy,aaaaahzo
s2,abnormal,aaaaaiat_s006_t005.npy,aaaaaiat
s2,abnormal,aaaaaicl_s001_t000.npy,aaaaaicl
s2,abnormal,aaaaaifo_s002_t000.npy,aaaaaifo
s2,abnormal,aaaaaigj_s003_t000.npy,aaaaaigj
s2,abnormal,aaaaainj_s002_t000.npy,aaaaainj
s2,abnormal,aaaaaisv_s002_t001.npy,aaaaaisv
s2,abnormal,aaaaaiwo_s003_t001.npy,aaaaaiwo
s2,abnormal,aaaaaiwr_s002_t000.npy,aaaaaiwr
s2,abnormal,aaaaaixl_s003_t000.npy,aaaaaixl
s2,abnormal,aaaaaiyr_s002_t000.npy,aaaaaiyr
s2,abnormal,aaaaaizb_s005_t000.npy,aaaaaizb
s2,abnormal,aaaaaizl_s003_t000.npy,aaaaaizl
s2,abnormal,aaaaajat_s008_t000.npy,aaaaajat
s2,abnormal,aaaaajbd_s001_t000.npy,aaaaajbd
s2,abnormal,aaaaajbn_s002_t001.npy,aaaaajbn
s2,abnormal,aaaaajdj_s002_t000.npy,aaaaajdj
s2,abnormal,aaaaajdn_s013_t000.npy,aaaaajdn
s2,abnormal,aaaaajee_s003_t001.npy,aaaaajee
s2,abnormal,aaaaajez_s001_t001.npy,aaaaajez
s2,abnormal,aaaaajfq_s002_t001.npy,aaaaajfq
s2,abnormal,aaaaajgb_s003_t000.npy,aaaaajgb
s2,abnormal,aaaaajlr_s003_t000.npy,aaaaajlr
s2,abnormal,aaaaajnr_s001_t001.npy,aaaaajnr
s2,abnormal,aaaaajns_s001_t001.npy,aaaaajns
s2,abnormal,aaaaajoz_s001_t000.npy,aaaaajoz
s2,abnormal,aaaaajpy_s003_t001.npy,aaaaajpy
s2,abnormal,aaaaajqm_s001_t000.npy,aaaaajqm
s2,abnormal,aaaaajqo_s032_t001.npy,aaaaajqo
s2,abnormal,aaaaajqu_s001_t001.npy,aaaaajqu
s2,abnormal,aaaaajrg_s005_t001.npy,aaaaajrg
s2,abnormal,aaaaajru_s009_t000.npy,aaaaajru
s2,abnormal,aaaaajsl_s010_t000.npy,aaaaajsl
s2,abnormal,aaaaajsu_s001_t001.npy,aaaaajsu
s2,abnormal,aaaaajtl_s001_t000.npy,aaaaajtl
s2,abnormal,aaaaajtt_s001_t000.npy,aaaaajtt
s2,abnormal,aaaaajvs_s001_t000.npy,aaaaajvs
s2,abnormal,aaaaajwa_s001_t000.npy,aaaaajwa
s2,abnormal,aaaaajww_s002_t000.npy,aaaaajww
s2,abnormal,aaaaajxh_s001_t000.npy,aaaaajxh
s2,abnormal,aaaaajxi_s002_t000.npy,aaaaajxi
s2,abnormal,aaaaajyl_s001_t000.npy,aaaaajyl
s2,abnormal,aaaaajzt_s003_t000.npy,aaaaajzt
s2,abnormal,aaaaajzx_s001_t000.npy,aaaaajzx
s2,abnormal,aaaaakan_s004_t000.npy,aaaaakan
s2,abnormal,aaaaakao_s002_t000.npy,aaaaakao
s2,abnormal,aaaaakbm_s002_t000.npy,aaaaakbm
s2,abnormal,aaaaakbt_s001_t001.npy,aaaaakbt
s2,abnormal,aaaaakbz_s002_t000.npy,aaaaakbz
s2,abnormal,aaaaakcf_s003_t000.npy,aaaaakcf
s2,abnormal,aaaaakcv_s002_t000.npy,aaaaakcv
s2,abnormal,aaaaakdw_s001_t000.npy,aaaaakdw
s2,abnormal,aaaaakef_s001_t000.npy,aaaaakef
s2,abnormal,aaaaaker_s002_t001.npy,aaaaaker
s2,abnormal,aaaaakgn_s001_t001.npy,aaaaakgn
s2,abnormal,aaaaakic_s001_t000.npy,aaaaakic
s2,abnormal,aaaaakjo_s001_t000.npy,aaaaakjo
s2,abnormal,aaaaakjw_s004_t000.npy,aaaaakjw
s2,abnormal,aaaaakks_s001_t000.npy,aaaaakks
s2,abnormal,aaaaakqw_s001_t000.npy,aaaaakqw
s2,abnormal,aaaaakrm_s003_t001.npy,aaaaakrm
s2,abnormal,aaaaakrq_s001_t000.npy,aaaaakrq
s2,abnormal,aaaaaksq_s001_t002.npy,aaaaaksq
s2,abnormal,aaaaaksw_s003_t000.npy,aaaaaksw
s2,abnormal,aaaaaktl_s001_t000.npy,aaaaaktl
s2,abnormal,aaaaakul_s001_t000.npy,aaaaakul
s2,abnormal,aaaaakvy_s002_t000.npy,aaaaakvy
s2,abnormal,aaaaakxq_s002_t001.npy,aaaaakxq
s2,abnormal,aaaaakyc_s001_t001.npy,aaaaakyc
s2,abnormal,aaaaakzv_s005_t001.npy,aaaaakzv
s2,abnormal,aaaaalbi_s001_t000.npy,aaaaalbi
s2,abnormal,aaaaaldl_s006_t000.npy,aaaaaldl
s2,abnormal,aaaaalfg_s007_t000.npy,aaaaalfg
s2,abnormal,aaaaalfs_s004_t000.npy,aaaaalfs
s2,abnormal,aaaaalgi_s001_t001.npy,aaaaalgi
s2,abnormal,aaaaalgr_s001_t000.npy,aaaaalgr
s2,abnormal,aaaaalhr_s001_t000.npy,aaaaalhr
s2,abnormal,aaaaaljb_s001_t000.npy,aaaaaljb
s2,abnormal,aaaaalln_s001_t000.npy,aaaaalln
s2,abnormal,aaaaallw_s004_t000.npy,aaaaallw
s2,abnormal,aaaaalqf_s002_t001.npy,aaaaalqf
s2,abnormal,aaaaalqq_s003_t000.npy,aaaaalqq
s2,abnormal,aaaaalsp_s001_t001.npy,aaaaalsp
s2,abnormal,aaaaalto_s001_t001.npy,aaaaalto
s2,abnormal,aaaaaluq_s002_t000.npy,aaaaaluq
s2,abnormal,aaaaalve_s001_t000.npy,aaaaalve
s2,abnormal,aaaaalvf_s001_t001.npy,aaaaalvf
s2,abnormal,aaaaalxb_s003_t000.npy,aaaaalxb
s2,abnormal,aaaaalxp_s001_t001.npy,aaaaalxp
s2,abnormal,aaaaalzq_s002_t000.npy,aaaaalzq
s2,abnormal,aaaaalzw_s003_t000.npy,aaaaalzw
s2,abnormal,aaaaamca_s003_t000.npy,aaaaamca
s2,abnormal,aaaaamcr_s001_t000.npy,aaaaamcr
s2,abnormal,aaaaamct_s003_t000.npy,aaaaamct
s2,abnormal,aaaaamdc_s001_t000.npy,aaaaamdc
s2,abnormal,aaaaamdj_s002_t000.npy,aaaaamdj
s2,abnormal,aaaaamdu_s002_t001.npy,aaaaamdu
s2,abnormal,aaaaamfx_s001_t000.npy,aaaaamfx
s2,abnormal,aaaaamga_s001_t000.npy,aaaaamga
s2,abnormal,aaaaamgc_s002_t000.npy,aaaaamgc
s2,abnormal,aaaaamgf_s001_t000.npy,aaaaamgf
s2,abnormal,aaaaamhb_s003_t000.npy,aaaaamhb
s2,abnormal,aaaaamic_s002_t000.npy,aaaaamic
s2,abnormal,aaaaamjn_s001_t000.npy,aaaaamjn
s2,abnormal,aaaaamjx_s001_t000.npy,aaaaamjx
s2,abnormal,aaaaamki_s001_t001.npy,aaaaamki
s2,abnormal,aaaaammv_s001_t001.npy,aaaaammv
s2,abnormal,aaaaamnr_s001_t000.npy,aaaaamnr
s2,abnormal,aaaaamoa_s001_t000.npy,aaaaamoa
s2,abnormal,aaaaamof_s004_t000.npy,aaaaamof
s2,abnormal,aaaaampk_s007_t001.npy,aaaaampk
s2,abnormal,aaaaamqi_s002_t000.npy,aaaaamqi
s2,abnormal,aaaaamqq_s007_t000.npy,aaaaamqq
s2,abnormal,aaaaamqy_s003_t001.npy,aaaaamqy
s2,abnormal,aaaaamrd_s003_t001.npy,aaaaamrd
s2,abnormal,aaaaamrl_s002_t000.npy,aaaaamrl
s2,abnormal,aaaaamrq_s001_t000.npy,aaaaamrq
s2,abnormal,aaaaamrw_s001_t000.npy,aaaaamrw
s2,abnormal,aaaaamtc_s001_t000.npy,aaaaamtc
s2,abnormal,aaaaamto_s013_t000.npy,aaaaamto
s2,abnormal,aaaaamtw_s001_t000.npy,aaaaamtw
s2,abnormal,aaaaamtz_s001_t000.npy,aaaaamtz
s2,abnormal,aaaaamug_s002_t000.npy,aaaaamug
s2,abnormal,aaaaamuq_s002_t000.npy,aaaaamuq
s2,abnormal,aaaaamur_s001_t000.npy,aaaaamur
s2,abnormal,aaaaamuw_s003_t000.npy,aaaaamuw
s2,abnormal,aaaaamwa_s002_t000.npy,aaaaamwa
s2,abnormal,aaaaamyn_s001_t001.npy,aaaaamyn
s2,abnormal,aaaaamzm_s001_t000.npy,aaaaamzm
s2,abnormal,aaaaanac_s003_t000.npy,aaaaanac
s2,abnormal,aaaaanbb_s001_t000.npy,aaaaanbb
s2,abnormal,aaaaanbp_s002_t000.npy,aaaaanbp
s2,abnormal,aaaaancb_s002_t000.npy,aaaaancb
s2,abnormal,aaaaandb_s001_t000.npy,aaaaandb
s2,abnormal,aaaaandx_s001_t001.npy,aaaaandx
s2,abnormal,aaaaaneo_s001_t000.npy,aaaaaneo
s2,abnormal,aaaaangs_s001_t001.npy,aaaaangs
s2,abnormal,aaaaanhd_s001_t000.npy,aaaaanhd
s2,abnormal,aaaaanji_s007_t000.npy,aaaaanji
s2,abnormal,aaaaanjz_s002_t001.npy,aaaaanjz
s2,abnormal,aaaaanls_s001_t000.npy,aaaaanls
s2,abnormal,aaaaanmi_s002_t000.npy,aaaaanmi
s2,abnormal,aaaaanmw_s003_t000.npy,aaaaanmw
s2,abnormal,aaaaannu_s002_t001.npy,aaaaannu
s2,abnormal,aaaaanog_s003_t000.npy,aaaaanog
s2,abnormal,aaaaanol_s001_t000.npy,aaaaanol
s2,abnormal,aaaaanox_s001_t000.npy,aaaaanox
s2,abnormal,aaaaanpk_s001_t000.npy,aaaaanpk
s2,abnormal,aaaaanpl_s001_t000.npy,aaaaanpl
s2,abnormal,aaaaanpx_s002_t000.npy,aaaaanpx
s2,abnormal,aaaaanpz_s001_t000.npy,aaaaanpz
s2,abnormal,aaaaanqo_s001_t000.npy,aaaaanqo
s2,abnormal,aaaaanrb_s001_t000.npy,aaaaanrb
s2,abnormal,aaaaanrp_s005_t005.npy,aaaaanrp
s2,abnormal,aaaaanso_s001_t000.npy,aaaaanso
s2,abnormal,aaaaantn_s001_t000.npy,aaaaantn
s2,abnormal,aaaaanud_s001_t000.npy,aaaaanud
s2,abnormal,aaaaanuo_s001_t000.npy,aaaaanuo
s2,abnormal,aaaaanzc_s001_t000.npy,aaaaanzc
s2,abnormal,aaaaanzf_s001_t000.npy,aaaaanzf
s2,abnormal,aaaaaoak_s002_t000.npy,aaaaaoak
s2,abnormal,aaaaaoas_s002_t000.npy,aaaaaoas
s2,abnormal,aaaaaobe_s003_t000.npy,aaaaaobe
s2,abnormal,aaaaaocr_s001_t000.npy,aaaaaocr
s2,abnormal,aaaaaocy_s008_t004.npy,aaaaaocy
s2,abnormal,aaaaaodo_s001_t001.npy,aaaaaodo
s2,abnormal,aaaaaoeh_s001_t000.npy,aaaaaoeh
s2,abnormal,aaaaaoek_s001_t000.npy,aaaaaoek
s2,abnormal,aaaaaofd_s002_t000.npy,aaaaaofd
s2,abnormal,aaaaaofu_s004_t000.npy,aaaaaofu
s2,abnormal,aaaaaogi_s001_t000.npy,aaaaaogi
s2,abnormal,aaaaaoiz_s004_t000.npy,aaaaaoiz
s2,abnormal,aaaaaoje_s001_t000.npy,aaaaaoje
s2,abnormal,aaaaaojj_s001_t000.npy,aaaaaojj
s2,abnormal,aaaaaojw_s001_t000.npy,aaaaaojw
s2,abnormal,aaaaaokb_s001_t001.npy,aaaaaokb
s2,abnormal,aaaaaomh_s001_t001.npy,aaaaaomh
s2,abnormal,aaaaaonj_s001_t000.npy,aaaaaonj
s2,abnormal,aaaaaook_s001_t000.npy,aaaaaook
s2,abnormal,aaaaaool_s002_t000.npy,aaaaaool
s2,abnormal,aaaaaoom_s001_t001.npy,aaaaaoom
s2,abnormal,aaaaaoqw_s001_t000.npy,aaaaaoqw
s2,abnormal,aaaaaorj_s002_t003.npy,aaaaaorj
s2,abnormal,aaaaaoso_s001_t000.npy,aaaaaoso
s2,abnormal,aaaaaots_s001_t001.npy,aaaaaots
s2,abnormal,aaaaaoui_s002_t001.npy,aaaaaoui
s2,abnormal,aaaaaouz_s001_t001.npy,aaaaaouz
s2,abnormal,aaaaaovm_s006_t002.npy,aaaaaovm
s2,abnormal,aaaaaovq_s001_t000.npy,aaaaaovq
s2,abnormal,aaaaaoxt_s001_t000.npy,aaaaaoxt
s2,abnormal,aaaaapao_s001_t000.npy,aaaaapao
s2,abnormal,aaaaapas_s003_t000.npy,aaaaapas
s2,abnormal,aaaaapaw_s002_t004.npy,aaaaapaw
s2,abnormal,aaaaapck_s001_t000.npy,aaaaapck
s2,abnormal,aaaaapcr_s010_t001.npy,aaaaapcr
s2,abnormal,aaaaapdb_s001_t000.npy,aaaaapdb
s2,abnormal,aaaaapek_s001_t000.npy,aaaaapek
s2,abnormal,aaaaapfv_s002_t000.npy,aaaaapfv
s2,abnormal,aaaaapgt_s007_t001.npy,aaaaapgt
s2,abnormal,aaaaaphn_s001_t000.npy,aaaaaphn
s2,abnormal,aaaaapib_s001_t001.npy,aaaaapib
s2,abnormal,aaaaapir_s001_t000.npy,aaaaapir
s2,abnormal,aaaaapjn_s001_t000.npy,aaaaapjn
s2,abnormal,aaaaapjp_s001_t000.npy,aaaaapjp
s2,abnormal,aaaaapki_s001_t000.npy,aaaaapki
s2,abnormal,aaaaapks_s001_t000.npy,aaaaapks
s2,abnormal,aaaaapma_s001_t000.npy,aaaaapma
s2,abnormal,aaaaapmr_s001_t000.npy,aaaaapmr
s2,abnormal,aaaaapnc_s019_t001.npy,aaaaapnc
s2,abnormal,aaaaapnx_s002_t000.npy,aaaaapnx
s2,abnormal,aaaaapny_s001_t001.npy,aaaaapny
s2,abnormal,aaaaappk_s001_t001.npy,aaaaappk
s2,abnormal,aaaaappo_s001_t002.npy,aaaaappo
s2,abnormal,aaaaapre_s001_t002.npy,aaaaapre
s2,abnormal,aaaaaprf_s003_t002.npy,aaaaaprf
s2,abnormal,aaaaapsk_s001_t000.npy,aaaaapsk
s2,abnormal,aaaaaptx_s001_t001.npy,aaaaaptx
s2,abnormal,aaaaapvd_s001_t000.npy,aaaaapvd
s2,abnormal,aaaaapwl_s002_t001.npy,aaaaapwl
s2,abnormal,aaaaapxx_s001_t001.npy,aaaaapxx
s3,normal,aaaaaaqb_s004_t000.npy,aaaaaaqb
s3,normal,aaaaaavs_s002_t001.npy,aaaaaavs
s3,normal,aaaaabcl_s002_t000.npy,aaaaabcl
s3,normal,aaaaabjt_s003_t002.npy,aaaaabjt
s3,normal,aaaaabwi_s003_t000.npy,aaaaabwi
s3,normal,aaaaacsu_s004_t000.npy,aaaaacsu
s3,normal,aaaaacuk_s003_t000.npy,aaaaacuk
s3,normal,aaaaacxi_s003_t000.npy,aaaaacxi
s3,normal,aaaaadfx_s003_t000.npy,aaaaadfx
s3,normal,aaaaadfz_s002_t000.npy,aaaaadfz
s3,normal,aaaaadna_s002_t000.npy,aaaaadna
s3,normal,aaaaaect_s005_t000.npy,aaaaaect
s3,normal,aaaaaedn_s005_t000.npy,aaaaaedn
s3,normal,aaaaaeqq_s004_t000.npy,aaaaaeqq
s3,normal,aaaaaetn_s002_t000.npy,aaaaaetn
s3,normal,aaaaafee_s002_t000.npy,aaaaafee
s3,normal,aaaaaflb_s004_t001.npy,aaaaaflb
s3,normal,aaaaaflq_s003_t000.npy,aaaaaflq
s3,normal,aaaaafyi_s005_t000.npy,aaaaafyi
s3,normal,aaaaagqf_s003_t000.npy,aaaaagqf
s3,normal,aaaaagwa_s003_t000.npy,aaaaagwa
s3,normal,aaaaagzq_s002_t000.npy,aaaaagzq
s3,normal,aaaaaicc_s003_t000.npy,aaaaaicc
s3,normal,aaaaaimb_s002_t001.npy,aaaaaimb
s3,normal,aaaaaiou_s002_t001.npy,aaaaaiou
s3,normal,aaaaaixl_s005_t000.npy,aaaaaixl
s3,normal,aaaaaizx_s001_t001.npy,aaaaaizx
s3,normal,aaaaajbm_s002_t001.npy,aaaaajbm
s3,normal,aaaaajcv_s002_t001.npy,aaaaajcv
s3,normal,aaaaajef_s002_t001.npy,aaaaajef
s3,normal,aaaaajez_s002_t000.npy,aaaaajez
s3,normal,aaaaajgn_s003_t000.npy,aaaaajgn
s3,normal,aaaaajif_s001_t000.npy,aaaaajif
s3,normal,aaaaajiq_s003_t000.npy,aaaaajiq
s3,normal,aaaaajod_s001_t001.npy,aaaaajod
s3,normal,aaaaajpl_s001_t000.npy,aaaaajpl
s3,normal,aaaaajpq_s001_t000.npy,aaaaajpq
s3,normal,aaaaajrj_s001_t000.npy,aaaaajrj
s3,normal,aaaaajtv_s001_t001.npy,aaaaajtv
s3,normal,aaaaajud_s007_t000.npy,aaaaajud
s3,normal,aaaaajus_s001_t000.npy,aaaaajus
s3,normal,aaaaajvc_s001_t000.npy,aaaaajvc
s3,normal,aaaaakak_s001_t000.npy,aaaaakak
s3,normal,aaaaakbc_s003_t000.npy,aaaaakbc
s3,normal,aaaaakbd_s001_t000.npy,aaaaakbd
s3,normal,aaaaakbj_s001_t001.npy,aaaaakbj
s3,normal,aaaaakda_s001_t001.npy,aaaaakda
s3,normal,aaaaakdc_s001_t000.npy,aaaaakdc
s3,normal,aaaaakdu_s001_t000.npy,aaaaakdu
s3,normal,aaaaakgg_s002_t001.npy,aaaaakgg
s3,normal,aaaaakhi_s001_t001.npy,aaaaakhi
s3,normal,aaaaakhp_s001_t003.npy,aaaaakhp
s3,normal,aaaaakhq_s001_t000.npy,aaaaakhq
s3,normal,aaaaakif_s002_t000.npy,aaaaakif
s3,normal,aaaaakiq_s003_t000.npy,aaaaakiq
s3,normal,aaaaakiz_s001_t000.npy,aaaaakiz
s3,normal,aaaaakku_s001_t000.npy,aaaaakku
s3,normal,aaaaakla_s003_t000.npy,aaaaakla
s3,normal,aaaaakle_s001_t001.npy,aaaaakle
s3,normal,aaaaaklh_s002_t000.npy,aaaaaklh
s3,normal,aaaaakmk_s001_t000.npy,aaaaakmk
s3,normal,aaaaaknh_s001_t001.npy,aaaaaknh
s3,normal,aaaaaknp_s002_t000.npy,aaaaaknp
s3,normal,aaaaaknv_s001_t000.npy,aaaaaknv
s3,normal,aaaaakoi_s001_t001.npy,aaaaakoi
s3,normal,aaaaakok_s001_t001.npy,aaaaakok
s3,normal,aaaaakpl_s001_t001.npy,aaaaakpl
s3,normal,aaaaakpz_s001_t000.npy,aaaaakpz
s3,normal,aaaaakqc_s001_t000.npy,aaaaakqc
s3,normal,aaaaakqn_s001_t000.npy,aaaaakqn
s3,normal,aaaaakry_s001_t000.npy,aaaaakry
s3,normal,aaaaakua_s001_t005.npy,aaaaakua
s3,normal,aaaaakue_s001_t000.npy,aaaaakue
s3,normal,aaaaakvj_s001_t001.npy,aaaaakvj
s3,normal,aaaaakwz_s001_t000.npy,aaaaakwz
s3,normal,aaaaakxa_s001_t001.npy,aaaaakxa
s3,normal,aaaaakxe_s001_t000.npy,aaaaakxe
s3,normal,aaaaakxs_s001_t000.npy,aaaaakxs
s3,normal,aaaaakyz_s007_t000.npy,aaaaakyz
s3,normal,aaaaalco_s002_t000.npy,aaaaalco
s3,normal,aaaaalcr_s001_t001.npy,aaaaalcr
s3,normal,aaaaalgd_s001_t000.npy,aaaaalgd
s3,normal,aaaaalgg_s001_t000.npy,aaaaalgg
s3,normal,aaaaalix_s001_t000.npy,aaaaalix
s3,normal,aaaaalmg_s001_t000.npy,aaaaalmg
s3,normal,aaaaalnf_s001_t000.npy,aaaaalnf
s3,normal,aaaaalnr_s001_t001.npy,aaaaalnr
s3,normal,aaaaaloi_s001_t001.npy,aaaaaloi
s3,normal,aaaaalou_s001_t001.npy,aaaaalou
s3,normal,aaaaalov_s001_t001.npy,aaaaalov
s3,normal,aaaaalpd_s001_t000.npy,aaaaalpd
s3,normal,aaaaalpe_s002_t000.npy,aaaaalpe
s3,normal,aaaaalph_s001_t000.npy,aaaaalph
s3,normal,aaaaalqt_s001_t001.npy,aaaaalqt
s3,normal,aaaaalrz_s001_t000.npy,aaaaalrz
s3,normal,aaaaalth_s002_t001.npy,aaaaalth
s3,normal,aaaaaluf_s001_t000.npy,aaaaaluf
s3,normal,aaaaalup_s001_t001.npy,aaaaalup
s3,normal,aaaaalvh_s001_t000.npy,aaaaalvh
s3,normal,aaaaalxl_s001_t001.npy,aaaaalxl
s3,normal,aaaaalzb_s001_t001.npy,aaaaalzb
s3,normal,aaaaalzc_s001_t001.npy,aaaaalzc
s3,normal,aaaaalzg_s009_t000.npy,aaaaalzg
s3,normal,aaaaalzz_s002_t000.npy,aaaaalzz
s3,normal,aaaaambe_s001_t001.npy,aaaaambe
s3,normal,aaaaambh_s001_t001.npy,aaaaambh
s3,normal,aaaaambs_s001_t000.npy,aaaaambs
s3,normal,aaaaamcg_s001_t000.npy,aaaaamcg
s3,normal,aaaaamdh_s001_t001.npy,aaaaamdh
s3,normal,aaaaamdv_s002_t001.npy,aaaaamdv
s3,normal,aaaaamed_s001_t000.npy,aaaaamed
s3,normal,aaaaameh_s001_t001.npy,aaaaameh
s3,normal,aaaaamei_s001_t000.npy,aaaaamei
s3,normal,aaaaameq_s001_t001.npy,aaaaameq
s3,normal,aaaaamfs_s002_t000.npy,aaaaamfs
s3,normal,aaaaamfy_s001_t000.npy,aaaaamfy
s3,normal,aaaaamgn_s001_t000.npy,aaaaamgn
s3,normal,aaaaamhc_s001_t000.npy,aaaaamhc
s3,normal,aaaaamhx_s001_t001.npy,aaaaamhx
s3,normal,aaaaamin_s002_t000.npy,aaaaamin
s3,normal,aaaaamir_s001_t000.npy,aaaaamir
s3,normal,aaaaamkf_s001_t000.npy,aaaaamkf
s3,normal,aaaaamle_s001_t000.npy,aaaaamle
s3,normal,aaaaamlo_s001_t000.npy,aaaaamlo
s3,normal,aaaaamly_s001_t001.npy,aaaaamly
s3,normal,aaaaammg_s001_t000.npy,aaaaammg
s3,normal,aaaaammj_s001_t000.npy,aaaaammj
s3,normal,aaaaammk_s001_t000.npy,aaaaammk
s3,normal,aaaaamqb_s001_t000.npy,aaaaamqb
s3,normal,aaaaamqc_s001_t000.npy,aaaaamqc
s3,normal,aaaaamqe_s001_t000.npy,aaaaamqe
s3,normal,aaaaamqr_s001_t000.npy,aaaaamqr
s3,normal,aaaaamqu_s001_t000.npy,aaaaamqu
s3,normal,aaaaamqv_s001_t000.npy,aaaaamqv
s3,normal,aaaaamrc_s001_t000.npy,aaaaamrc
s3,normal,aaaaamrx_s001_t001.npy,aaaaamrx
s3,normal,aaaaamsp_s001_t001.npy,aaaaamsp
s3,normal,aaaaamsu_s001_t000.npy,aaaaamsu
s3,normal,aaaaamtu_s001_t000.npy,aaaaamtu
s3,normal,aaaaamua_s001_t000.npy,aaaaamua
s3,normal,aaaaamvc_s002_t000.npy,aaaaamvc
s3,normal,aaaaamvd_s001_t000.npy,aaaaamvd
s3,normal,aaaaamvf_s001_t000.npy,aaaaamvf
s3,normal,aaaaamvh_s001_t000.npy,aaaaamvh
s3,normal,aaaaamwd_s001_t001.npy,aaaaamwd
s3,normal,aaaaamwh_s001_t000.npy,aaaaamwh
s3,normal,aaaaamwi_s001_t000.npy,aaaaamwi
s3,normal,aaaaamwp_s002_t000.npy,aaaaamwp
s3,normal,aaaaamxa_s001_t000.npy,aaaaamxa
s3,normal,aaaaamxg_s001_t000.npy,aaaaamxg
s3,normal,aaaaamyw_s001_t000.npy,aaaaamyw
s3,normal,aaaaamzc_s002_t000.npy,aaaaamzc
s3,normal,aaaaamze_s001_t001.npy,aaaaamze
s3,normal,aaaaanbg_s001_t000.npy,aaaaanbg
s3,normal,aaaaanbh_s001_t000.npy,aaaaanbh
s3,normal,aaaaanbs_s001_t000.npy,aaaaanbs
s3,normal,aaaaanbx_s001_t000.npy,aaaaanbx
s3,normal,aaaaancj_s001_t000.npy,aaaaancj
s3,normal,aaaaancu_s001_t000.npy,aaaaancu
s3,normal,aaaaandf_s001_t001.npy,aaaaandf
s3,normal,aaaaandp_s001_t000.npy,aaaaandp
s3,normal,aaaaands_s002_t000.npy,aaaaands
s3,normal,aaaaaned_s001_t001.npy,aaaaaned
s3,normal,aaaaanee_s001_t000.npy,aaaaanee
s3,normal,aaaaanew_s001_t000.npy,aaaaanew
s3,normal,aaaaanfw_s001_t000.npy,aaaaanfw
s3,normal,aaaaanho_s001_t000.npy,aaaaanho
s3,normal,aaaaanhv_s001_t001.npy,aaaaanhv
s3,normal,aaaaanil_s001_t000.npy,aaaaanil
s3,normal,aaaaankm_s001_t000.npy,aaaaankm
s3,normal,aaaaankx_s001_t000.npy,aaaaankx
s3,normal,aaaaanlb_s001_t000.npy,aaaaanlb
s3,normal,aaaaanlo_s001_t000.npy,aaaaanlo
s3,normal,aaaaanmi_s001_t000.npy,aaaaanmi
s3,normal,aaaaanmm_s001_t001.npy,aaaaanmm
s3,normal,aaaaannf_s001_t001.npy,aaaaannf
s3,normal,aaaaanoi_s001_t000.npy,aaaaanoi
s3,normal,aaaaanon_s001_t000.npy,aaaaanon
s3,normal,aaaaanov_s001_t000.npy,aaaaanov
s3,normal,aaaaanpe_s001_t001.npy,aaaaanpe
s3,normal,aaaaansb_s001_t000.npy,aaaaansb
s3,normal,aaaaansk_s001_t000.npy,aaaaansk
s3,normal,aaaaansm_s001_t000.npy,aaaaansm
s3,normal,aaaaansq_s001_t000.npy,aaaaansq
s3,normal,aaaaanto_s001_t000.npy,aaaaanto
s3,normal,aaaaanus_s001_t000.npy,aaaaanus
s3,normal,aaaaanut_s002_t000.npy,aaaaanut
s3,normal,aaaaanvd_s001_t000.npy,aaaaanvd
s3,normal,aaaaanvi_s001_t000.npy,aaaaanvi
s3,normal,aaaaanvn_s001_t001.npy,aaaaanvn
s3,normal,aaaaanwe_s002_t000.npy,aaaaanwe
s3,normal,aaaaanwl_s001_t000.npy,aaaaanwl
s3,normal,aaaaanxt_s001_t000.npy,aaaaanxt
s3,normal,aaaaaobp_s001_t000.npy,aaaaaobp
s3,normal,aaaaaobw_s001_t000.npy,aaaaaobw
s3,normal,aaaaaocn_s001_t000.npy,aaaaaocn
s3,normal,aaaaaoen_s002_t000.npy,aaaaaoen
s3,normal,aaaaaoep_s001_t000.npy,aaaaaoep
s3,normal,aaaaaofx_s001_t000.npy,aaaaaofx
s3,normal,aaaaaohw_s003_t000.npy,aaaaaohw
s3,normal,aaaaaohz_s001_t000.npy,aaaaaohz
s3,normal,aaaaaoic_s001_t000.npy,aaaaaoic
s3,normal,aaaaaoie_s002_t015.npy,aaaaaoie
s3,normal,aaaaaoix_s001_t000.npy,aaaaaoix
s3,normal,aaaaaojl_s001_t001.npy,aaaaaojl
s3,normal,aaaaaola_s001_t000.npy,aaaaaola
s3,normal,aaaaaolv_s001_t000.npy,aaaaaolv
s3,normal,aaaaaolx_s001_t000.npy,aaaaaolx
s3,normal,aaaaaoob_s001_t000.npy,aaaaaoob
s3,normal,aaaaaopc_s001_t000.npy,aaaaaopc
s3,normal,aaaaaopz_s001_t000.npy,aaaaaopz
s3,normal,aaaaaors_s001_t001.npy,aaaaaors
s3,normal,aaaaaorv_s001_t000.npy,aaaaaorv
s3,normal,aaaaaosb_s002_t001.npy,aaaaaosb
s3,normal,aaaaaotx_s001_t000.npy,aaaaaotx
s3,normal,aaaaaotz_s001_t000.npy,aaaaaotz
s3,normal,aaaaaoun_s001_t000.npy,aaaaaoun
s3,normal,aaaaaovj_s001_t000.npy,aaaaaovj
s3,normal,aaaaaowr_s001_t001.npy,aaaaaowr
s3,normal,aaaaaoye_s001_t001.npy,aaaaaoye
s3,normal,aaaaaoyi_s001_t000.npy,aaaaaoyi
s3,normal,aaaaaoyv_s001_t000.npy,aaaaaoyv
s3,normal,aaaaaozg_s001_t000.npy,aaaaaozg
s3,normal,aaaaaozm_s001_t000.npy,aaaaaozm
s3,normal,aaaaapat_s001_t000.npy,aaaaapat
s3,normal,aaaaapay_s001_t000.npy,aaaaapay
s3,normal,aaaaapaz_s001_t000.npy,aaaaapaz
s3,normal,aaaaapbb_s001_t000.npy,aaaaapbb
s3,normal,aaaaapbj_s001_t001.npy,aaaaapbj
s3,normal,aaaaapbm_s001_t000.npy,aaaaapbm
s3,normal,aaaaapbn_s001_t000.npy,aaaaapbn
s3,normal,aaaaapbr_s001_t000.npy,aaaaapbr
s3,normal,aaaaapby_s001_t000.npy,aaaaapby
s3,normal,aaaaapcc_s001_t001.npy,aaaaapcc
s3,normal,aaaaapcg_s001_t000.npy,aaaaapcg
s3,normal,aaaaapch_s001_t001.npy,aaaaapch
s3,normal,aaaaapcl_s001_t000.npy,aaaaapcl
s3,normal,aaaaapdl_s001_t000.npy,aaaaapdl
s3,normal,aaaaapel_s001_t000.npy,aaaaapel
s3,normal,aaaaapez_s001_t000.npy,aaaaapez
s3,normal,aaaaapfd_s001_t001.npy,aaaaapfd
s3,normal,aaaaapfq_s001_t000.npy,aaaaapfq
s3,normal,aaaaapgm_s001_t000.npy,aaaaapgm
s3,normal,aaaaapjm_s001_t000.npy,aaaaapjm
s3,normal,aaaaapkh_s001_t000.npy,aaaaapkh
s3,normal,aaaaapkr_s001_t000.npy,aaaaapkr
s3,normal,aaaaapkw_s001_t002.npy,aaaaapkw
s3,normal,aaaaapld_s001_t000.npy,aaaaapld
s3,normal,aaaaaplm_s001_t000.npy,aaaaaplm
s3,normal,aaaaaplw_s001_t000.npy,aaaaaplw
s3,normal,aaaaapms_s001_t001.npy,aaaaapms
s3,normal,aaaaapna_s001_t000.npy,aaaaapna
s3,normal,aaaaapnd_s001_t001.npy,aaaaapnd
s3,normal,aaaaapob_s001_t002.npy,aaaaapob
s3,normal,aaaaapog_s001_t000.npy,aaaaapog
s3,normal,aaaaapoi_s001_t000.npy,aaaaapoi
s3,normal,aaaaapos_s001_t000.npy,aaaaapos
s3,normal,aaaaappf_s001_t000.npy,aaaaappf
s3,normal,aaaaappg_s001_t002.npy,aaaaappg
s3,normal,aaaaappq_s001_t001.npy,aaaaappq
s3,normal,aaaaapqj_s001_t000.npy,aaaaapqj
s3,normal,aaaaapqu_s001_t000.npy,aaaaapqu
s3,normal,aaaaapsf_s001_t001.npy,aaaaapsf
s3,normal,aaaaaptk_s001_t000.npy,aaaaaptk
s3,normal,aaaaaptw_s001_t001.npy,aaaaaptw
s3,normal,aaaaapty_s001_t001.npy,aaaaapty
s3,normal,aaaaapub_s001_t001.npy,aaaaapub
s3,normal,aaaaapuf_s001_t001.npy,aaaaapuf
s3,normal,aaaaapvi_s001_t001.npy,aaaaapvi
s3,normal,aaaaapvl_s001_t000.npy,aaaaapvl
s3,normal,aaaaapvq_s001_t000.npy,aaaaapvq
s3,normal,aaaaapws_s001_t000.npy,aaaaapws
s3,normal,aaaaapwv_s001_t000.npy,aaaaapwv
s3,normal,aaaaapzu_s001_t000.npy,aaaaapzu
s3,normal,aaaaaqap_s001_t000.npy,aaaaaqap
s3,normal,aaaaaqax_s001_t000.npy,aaaaaqax
s3,abnormal,aaaaaaaq_s005_t001.npy,aaaaaaaq
s3,abnormal,aaaaaacz_s003_t000.npy,aaaaaacz
s3,abnormal,aaaaaafs_s003_t000.npy,aaaaaafs
s3,abnormal,aaaaaaju_s007_t000.npy,aaaaaaju
s3,abnormal,aaaaaamc_s006_t001.npy,aaaaaamc
s3,abnormal,aaaaaauj_s004_t000.npy,aaaaaauj
s3,abnormal,aaaaaaxa_s005_t000.npy,aaaaaaxa
s3,abnormal,aaaaabdn_s002_t001.npy,aaaaabdn
s3,abnormal,aaaaabju_s002_t000.npy,aaaaabju
s3,abnormal,aaaaabzu_s004_t000.npy,aaaaabzu
s3,abnormal,aaaaaces_s006_t001.npy,aaaaaces
s3,abnormal,aaaaacfa_s002_t000.npy,aaaaacfa
s3,abnormal,aaaaacqn_s002_t004.npy,aaaaacqn
s3,abnormal,aaaaacrt_s004_t000.npy,aaaaacrt
s3,abnormal,aaaaacsa_s003_t001.npy,aaaaacsa
s3,abnormal,aaaaadbw_s002_t000.npy,aaaaadbw
s3,abnormal,aaaaadji_s005_t001.npy,aaaaadji
s3,abnormal,aaaaadli_s004_t000.npy,aaaaadli
s3,abnormal,aaaaadmi_s004_t000.npy,aaaaadmi
s3,abnormal,aaaaadnb_s004_t000.npy,aaaaadnb
s3,abnormal,aaaaaebk_s011_t001.npy,aaaaaebk
s3,abnormal,aaaaaebv_s002_t000.npy,aaaaaebv
s3,abnormal,aaaaaedq_s007_t000.npy,aaaaaedq
s3,abnormal,aaaaaeeq_s009_t000.npy,aaaaaeeq
s3,abnormal,aaaaaeer_s002_t000.npy,aaaaaeer
s3,abnormal,aaaaaefp_s003_t000.npy,aaaaaefp
s3,abnormal,aaaaaegi_s003_t000.npy,aaaaaegi
s3,abnormal,aaaaaehn_s002_t000.npy,aaaaaehn
s3,abnormal,aaaaaelo_s002_t000.npy,aaaaaelo
s3,abnormal,aaaaaelp_s007_t000.npy,aaaaaelp
s3,abnormal,aaaaaeqd_s010_t000.npy,aaaaaeqd
s3,abnormal,aaaaaezj_s003_t000.npy,aaaaaezj
s3,abnormal,aaaaafgz_s002_t000.npy,aaaaafgz
s3,abnormal,aaaaafhi_s002_t000.npy,aaaaafhi
s3,abnormal,aaaaafpj_s004_t000.npy,aaaaafpj
s3,abnormal,aaaaafqu_s002_t000.npy,aaaaafqu
s3,abnormal,aaaaaftm_s002_t000.npy,aaaaaftm
s3,abnormal,aaaaagnh_s002_t000.npy,aaaaagnh
s3,abnormal,aaaaagxr_s007_t000.npy,aaaaagxr
s3,abnormal,aaaaahce_s002_t000.npy,aaaaahce
s3,abnormal,aaaaahcw_s002_t000.npy,aaaaahcw
s3,abnormal,aaaaahfx_s002_t000.npy,aaaaahfx
s3,abnormal,aaaaahlk_s002_t000.npy,aaaaahlk
s3,abnormal,aaaaahoh_s003_t000.npy,aaaaahoh
s3,abnormal,aaaaahql_s002_t000.npy,aaaaahql
s3,abnormal,aaaaahrs_s002_t001.npy,aaaaahrs
s3,abnormal,aaaaahun_s013_t001.npy,aaaaahun
s3,abnormal,aaaaahyq_s001_t001.npy,aaaaahyq
s3,abnormal,aaaaaiat_s004_t000.npy,aaaaaiat
s3,abnormal,aaaaaijg_s002_t000.npy,aaaaaijg
s3,abnormal,aaaaaiud_s001_t001.npy,aaaaaiud
s3,abnormal,aaaaaiwo_s004_t002.npy,aaaaaiwo
s3,abnormal,aaaaaiwr_s004_t000.npy,aaaaaiwr
s3,abnormal,aaaaaiyr_s004_t000.npy,aaaaaiyr
s3,abnormal,aaaaaizb_s007_t000.npy,aaaaaizb
s3,abnormal,aaaaaizw_s003_t000.npy,aaaaaizw
s3,abnormal,aaaaaizz_s012_t001.npy,aaaaaizz
s3,abnormal,aaaaajap_s002_t002.npy,aaaaajap
s3,abnormal,aaaaajat_s003_t001.npy,aaaaajat
s3,abnormal,aaaaajbd_s001_t000.npy,aaaaajbd
s3,abnormal,aaaaajdn_s014_t001.npy,aaaaajdn
s3,abnormal,aaaaajee_s004_t000.npy,aaaaajee
s3,abnormal,aaaaajfq_s015_t001.npy,aaaaajfq
s3,abnormal,aaaaajgj_s004_t000.npy,aaaaajgj
s3,abnormal,aaaaajih_s002_t000.npy,aaaaajih
s3,abnormal,aaaaajil_s003_t000.npy,aaaaajil
s3,abnormal,aaaaajkv_s003_t000.npy,aaaaajkv
s3,abnormal,aaaaajog_s001_t001.npy,aaaaajog
s3,abnormal,aaaaajoz_s001_t000.npy,aaaaajoz
s3,abnormal,aaaaajpi_s002_t000.npy,aaaaajpi
s3,abnormal,aaaaajqm_s001_t000.npy,aaaaajqm
s3,abnormal,aaaaajqo_s033_t000.npy,aaaaajqo
s3,abnormal,aaaaajra_s002_t002.npy,aaaaajra
s3,abnormal,aaaaajru_s001_t000.npy,aaaaajru
s3,abnormal,aaaaajuc_s002_t000.npy,aaaaajuc
s3,abnormal,aaaaajve_s001_t000.npy,aaaaajve
s3,abnormal,aaaaajwa_s002_t001.npy,aaaaajwa
s3,abnormal,aaaaajwv_s001_t000.npy,aaaaajwv
s3,abnormal,aaaaajxf_s001_t000.npy,aaaaajxf
s3,abnormal,aaaaajxi_s003_t001.npy,aaaaajxi
s3,abnormal,aaaaajyl_s001_t000.npy,aaaaajyl
s3,abnormal,aaaaakad_s001_t001.npy,aaaaakad
s3,abnormal,aaaaakan_s004_t000.npy,aaaaakan
s3,abnormal,aaaaakbr_s001_t000.npy,aaaaakbr
s3,abnormal,aaaaakcv_s001_t001.npy,aaaaakcv
s3,abnormal,aaaaakem_s001_t000.npy,aaaaakem
s3,abnormal,aaaaakfc_s002_t000.npy,aaaaakfc
s3,abnormal,aaaaakfj_s002_t000.npy,aaaaakfj
s3,abnormal,aaaaakfo_s009_t002.npy,aaaaakfo
s3,abnormal,aaaaakgl_s002_t000.npy,aaaaakgl
s3,abnormal,aaaaakgn_s001_t001.npy,aaaaakgn
s3,abnormal,aaaaakie_s001_t001.npy,aaaaakie
s3,abnormal,aaaaakiu_s001_t001.npy,aaaaakiu
s3,abnormal,aaaaakix_s005_t001.npy,aaaaakix
s3,abnormal,aaaaakjj_s001_t001.npy,aaaaakjj
s3,abnormal,aaaaakjw_s004_t000.npy,aaaaakjw
s3,abnormal,aaaaakkh_s001_t000.npy,aaaaakkh
s3,abnormal,aaaaakmw_s008_t002.npy,aaaaakmw
s3,abnormal,aaaaaknu_s001_t000.npy,aaaaaknu
s3,abnormal,aaaaaknz_s001_t000.npy,aaaaaknz
s3,abnormal,aaaaakob_s001_t001.npy,aaaaakob
s3,abnormal,aaaaakoq_s007_t005.npy,aaaaakoq
s3,abnormal,aaaaakpu_s001_t000.npy,aaaaakpu
s3,abnormal,aaaaakpw_s001_t000.npy,aaaaakpw
s3,abnormal,aaaaakro_s008_t000.npy,aaaaakro
s3,abnormal,aaaaaksw_s002_t000.npy,aaaaaksw
s3,abnormal,aaaaakul_s001_t000.npy,aaaaakul
s3,abnormal,aaaaakxq_s006_t000.npy,aaaaakxq
s3,abnormal,aaaaakxy_s001_t000.npy,aaaaakxy
s3,abnormal,aaaaalal_s001_t000.npy,aaaaalal
s3,abnormal,aaaaalcq_s001_t000.npy,aaaaalcq
s3,abnormal,aaaaalfp_s004_t000.npy,aaaaalfp
s3,abnormal,aaaaalgi_s001_t001.npy,aaaaalgi
s3,abnormal,aaaaalhy_s001_t001.npy,aaaaalhy
s3,abnormal,aaaaaljb_s001_t000.npy,aaaaaljb
s3,abnormal,aaaaalkw_s001_t000.npy,aaaaalkw
s3,abnormal,aaaaallw_s005_t000.npy,aaaaallw
s3,abnormal,aaaaaloy_s002_t000.npy,aaaaaloy
s3,abnormal,aaaaalto_s004_t000.npy,aaaaalto
s3,abnormal,aaaaaluq_s002_t000.npy,aaaaaluq
s3,abnormal,aaaaalvm_s002_t001.npy,aaaaalvm
s3,abnormal,aaaaalwk_s005_t001.npy,aaaaalwk
s3,abnormal,aaaaalxb_s001_t000.npy,aaaaalxb
s3,abnormal,aaaaalxi_s003_t000.npy,aaaaalxi
s3,abnormal,aaaaalye_s001_t000.npy,aaaaalye
s3,abnormal,aaaaalym_s001_t001.npy,aaaaalym
s3,abnormal,aaaaamad_s008_t000.npy,aaaaamad
s3,abnormal,aaaaambr_s003_t005.npy,aaaaambr
s3,abnormal,aaaaamca_s003_t000.npy,aaaaamca
s3,abnormal,aaaaamcp_s003_t001.npy,aaaaamcp
s3,abnormal,aaaaamcy_s002_t000.npy,aaaaamcy
s3,abnormal,aaaaamdc_s002_t000.npy,aaaaamdc
s3,abnormal,aaaaamde_s003_t000.npy,aaaaamde
s3,abnormal,aaaaamdj_s002_t000.npy,aaaaamdj
s3,abnormal,aaaaamdu_s003_t000.npy,aaaaamdu
s3,abnormal,aaaaamfd_s001_t001.npy,aaaaamfd
s3,abnormal,aaaaamhb_s001_t000.npy,aaaaamhb
s3,abnormal,aaaaamhm_s001_t000.npy,aaaaamhm
s3,abnormal,aaaaamiv_s001_t000.npy,aaaaamiv
s3,abnormal,aaaaamjx_s003_t001.npy,aaaaamjx
s3,abnormal,aaaaamke_s001_t000.npy,aaaaamke
s3,abnormal,aaaaamlt_s003_t001.npy,aaaaamlt
s3,abnormal,aaaaamlu_s001_t002.npy,aaaaamlu
s3,abnormal,aaaaammt_s001_t001.npy,aaaaammt
s3,abnormal,aaaaamnd_s003_t000.npy,aaaaamnd
s3,abnormal,aaaaamni_s002_t000.npy,aaaaamni
s3,abnormal,aaaaamnk_s001_t000.npy,aaaaamnk
s3,abnormal,aaaaamnm_s001_t001.npy,aaaaamnm
s3,abnormal,aaaaamnr_s002_t001.npy,aaaaamnr
s3,abnormal,aaaaamnv_s001_t000.npy,aaaaamnv
s3,abnormal,aaaaamoa_s008_t000.npy,aaaaamoa
s3,abnormal,aaaaamow_s001_t000.npy,aaaaamow
s3,abnormal,aaaaampk_s006_t001.npy,aaaaampk
s3,abnormal,aaaaamqi_s002_t000.npy,aaaaamqi
s3,abnormal,aaaaamqo_s001_t000.npy,aaaaamqo
s3,abnormal,aaaaamqq_s007_t000.npy,aaaaamqq
s3,abnormal,aaaaamqy_s005_t001.npy,aaaaamqy
s3,abnormal,aaaaamrq_s001_t000.npy,aaaaamrq
s3,abnormal,aaaaamrs_s001_t000.npy,aaaaamrs
s3,abnormal,aaaaamsh_s002_t015.npy,aaaaamsh
s3,abnormal,aaaaamtw_s001_t000.npy,aaaaamtw
s3,abnormal,aaaaamug_s001_t000.npy,aaaaamug
s3,abnormal,aaaaamuw_s004_t000.npy,aaaaamuw
s3,abnormal,aaaaamuy_s001_t000.npy,aaaaamuy
s3,abnormal,aaaaamwu_s001_t000.npy,aaaaamwu
s3,abnormal,aaaaamxe_s001_t000.npy,aaaaamxe
s3,abnormal,aaaaamxr_s001_t000.npy,aaaaamxr
s3,abnormal,aaaaamzh_s001_t000.npy,aaaaamzh
s3,abnormal,aaaaanbb_s001_t000.npy,aaaaanbb
s3,abnormal,aaaaando_s001_t001.npy,aaaaando
s3,abnormal,aaaaandy_s001_t000.npy,aaaaandy
s3,abnormal,aaaaaneh_s001_t000.npy,aaaaaneh
s3,abnormal,aaaaanji_s007_t000.npy,aaaaanji
s3,abnormal,aaaaanjz_s001_t000.npy,aaaaanjz
s3,abnormal,aaaaankt_s001_t002.npy,aaaaankt
s3,abnormal,aaaaankz_s004_t000.npy,aaaaankz
s3,abnormal,aaaaanla_s001_t000.npy,aaaaanla
s3,abnormal,aaaaanls_s001_t000.npy,aaaaanls
s3,abnormal,aaaaanng_s001_t000.npy,aaaaanng
s3,abnormal,aaaaannh_s001_t000.npy,aaaaannh
s3,abnormal,aaaaanny_s001_t000.npy,aaaaanny
s3,abnormal,aaaaanoa_s001_t001.npy,aaaaanoa
s3,abnormal,aaaaanog_s006_t000.npy,aaaaanog
s3,abnormal,aaaaanou_s001_t000.npy,aaaaanou
s3,abnormal,aaaaanpi_s001_t000.npy,aaaaanpi
s3,abnormal,aaaaanps_s001_t000.npy,aaaaanps
s3,abnormal,aaaaanpx_s001_t000.npy,aaaaanpx
s3,abnormal,aaaaanpz_s001_t000.npy,aaaaanpz
s3,abnormal,aaaaanqc_s003_t000.npy,aaaaanqc
s3,abnormal,aaaaanqi_s002_t000.npy,aaaaanqi
s3,abnormal,aaaaanqj_s002_t000.npy,aaaaanqj
s3,abnormal,aaaaanqx_s001_t000.npy,aaaaanqx
s3,abnormal,aaaaanrb_s001_t000.npy,aaaaanrb
s3,abnormal,aaaaanri_s001_t000.npy,aaaaanri
s3,abnormal,aaaaansi_s001_t000.npy,aaaaansi
s3,abnormal,aaaaanso_s001_t000.npy,aaaaanso
s3,abnormal,aaaaantn_s001_t000.npy,aaaaantn
s3,abnormal,aaaaantp_s006_t000.npy,aaaaantp
s3,abnormal,aaaaanwp_s001_t000.npy,aaaaanwp
s3,abnormal,aaaaanws_s003_t000.npy,aaaaanws
s3,abnormal,aaaaanzc_s001_t000.npy,aaaaanzc
s3,abnormal,aaaaaoak_s002_t000.npy,aaaaaoak
s3,abnormal,aaaaaobe_s003_t000.npy,aaaaaobe
s3,abnormal,aaaaaobt_s001_t000.npy,aaaaaobt
s3,abnormal,aaaaaock_s001_t000.npy,aaaaaock
s3,abnormal,aaaaaocr_s001_t000.npy,aaaaaocr
s3,abnormal,aaaaaocy_s009_t000.npy,aaaaaocy
s3,abnormal,aaaaaoek_s001_t000.npy,aaaaaoek
s3,abnormal,aaaaaogd_s013_t000.npy,aaaaaogd
s3,abnormal,aaaaaogr_s001_t001.npy,aaaaaogr
s3,abnormal,aaaaaoiw_s001_t000.npy,aaaaaoiw
s3,abnormal,aaaaaojw_s001_t000.npy,aaaaaojw
s3,abnormal,aaaaaokr_s001_t000.npy,aaaaaokr
s3,abnormal,aaaaaonl_s004_t000.npy,aaaaaonl
s3,abnormal,aaaaaonx_s001_t000.npy,aaaaaonx
s3,abnormal,aaaaaonz_s001_t000.npy,aaaaaonz
s3,abnormal,aaaaaooo_s001_t000.npy,aaaaaooo
s3,abnormal,aaaaaoou_s001_t000.npy,aaaaaoou
s3,abnormal,aaaaaopb_s001_t003.npy,aaaaaopb
s3,abnormal,aaaaaopj_s001_t000.npy,aaaaaopj
s3,abnormal,aaaaaopt_s001_t000.npy,aaaaaopt
s3,abnormal,aaaaaopv_s001_t000.npy,aaaaaopv
s3,abnormal,aaaaaoqg_s001_t000.npy,aaaaaoqg
s3,abnormal,aaaaaorj_s002_t003.npy,aaaaaorj
s3,abnormal,aaaaaoro_s002_t000.npy,aaaaaoro
s3,abnormal,aaaaaoru_s002_t000.npy,aaaaaoru
s3,abnormal,aaaaaosd_s005_t000.npy,aaaaaosd
s3,abnormal,aaaaaotb_s001_t000.npy,aaaaaotb
s3,abnormal,aaaaaott_s001_t001.npy,aaaaaott
s3,abnormal,aaaaaouj_s001_t001.npy,aaaaaouj
s3,abnormal,aaaaaouo_s001_t001.npy,aaaaaouo
s3,abnormal,aaaaaouz_s001_t001.npy,aaaaaouz
s3,abnormal,aaaaaovm_s005_t001.npy,aaaaaovm
s3,abnormal,aaaaaovt_s001_t000.npy,aaaaaovt
s3,abnormal,aaaaaovz_s001_t000.npy,aaaaaovz
s3,abnormal,aaaaaowq_s007_t000.npy,aaaaaowq
s3,abnormal,aaaaaows_s001_t000.npy,aaaaaows
s3,abnormal,aaaaaoxa_s004_t002.npy,aaaaaoxa
s3,abnormal,aaaaaoyn_s001_t000.npy,aaaaaoyn
s3,abnormal,aaaaaoze_s001_t002.npy,aaaaaoze
s3,abnormal,aaaaaozu_s001_t001.npy,aaaaaozu
s3,abnormal,aaaaaozv_s001_t001.npy,aaaaaozv
s3,abnormal,aaaaaozz_s001_t000.npy,aaaaaozz
s3,abnormal,aaaaapaq_s002_t000.npy,aaaaapaq
s3,abnormal,aaaaapas_s001_t001.npy,aaaaapas
s3,abnormal,aaaaapax_s001_t001.npy,aaaaapax
s3,abnormal,aaaaapbp_s001_t000.npy,aaaaapbp
s3,abnormal,aaaaapdx_s001_t000.npy,aaaaapdx
s3,abnormal,aaaaapfk_s001_t000.npy,aaaaapfk
s3,abnormal,aaaaapfv_s002_t000.npy,aaaaapfv
s3,abnormal,aaaaapgb_s001_t000.npy,aaaaapgb
s3,abnormal,aaaaapgt_s001_t000.npy,aaaaapgt
s3,abnormal,aaaaapiz_s001_t001.npy,aaaaapiz
s3,abnormal,aaaaapki_s001_t000.npy,aaaaapki
s3,abnormal,aaaaapks_s009_t000.npy,aaaaapks
s3,abnormal,aaaaaplq_s001_t000.npy,aaaaaplq
s3,abnormal,aaaaapmq_s001_t001.npy,aaaaapmq
s3,abnormal,aaaaapnc_s018_t000.npy,aaaaapnc
s3,abnormal,aaaaapnl_s003_t000.npy,aaaaapnl
s3,abnormal,aaaaapno_s001_t002.npy,aaaaapno
s3,abnormal,aaaaapnx_s001_t001.npy,aaaaapnx
s3,abnormal,aaaaaprb_s001_t001.npy,aaaaaprb
s3,abnormal,aaaaaprc_s003_t000.npy,aaaaaprc
s3,abnormal,aaaaapte_s001_t000.npy,aaaaapte
s3,abnormal,aaaaaptx_s001_t001.npy,aaaaaptx
s3,abnormal,aaaaapuo_s001_t000.npy,aaaaapuo
s3,abnormal,aaaaapvd_s001_t000.npy,aaaaapvd
s3,abnormal,aaaaapxf_s001_t000.npy,aaaaapxf
s3,abnormal,aaaaapxx_s002_t004.npy,aaaaapxx
s3,abnormal,aaaaapyd_s001_t000.npy,aaaaapyd
s4,normal,aaaaaaav_s004_t000.npy,aaaaaaav
s4,normal,aaaaabcl_s002_t000.npy,aaaaabcl
s4,normal,aaaaabhm_s009_t000.npy,aaaaabhm
s4,normal,aaaaabik_s004_t001.npy,aaaaabik
s4,normal,aaaaabyu_s003_t000.npy,aaaaabyu
s4,normal,aaaaacbz_s002_t000.npy,aaaaacbz
s4,normal,aaaaacpi_s004_t001.npy,aaaaacpi
s4,normal,aaaaacuy_s007_t001.npy,aaaaacuy
s4,normal,aaaaacxi_s004_t000.npy,aaaaacxi
s4,normal,aaaaadak_s004_t000.npy,aaaaadak
s4,normal,aaaaaddw_s002_t000.npy,aaaaaddw
s4,normal,aaaaadfx_s004_t000.npy,aaaaadfx
s4,normal,aaaaadvk_s003_t000.npy,aaaaadvk
s4,normal,aaaaadxd_s002_t000.npy,aaaaadxd
s4,normal,aaaaaenq_s004_t005.npy,aaaaaenq
s4,normal,aaaaaeph_s005_t000.npy,aaaaaeph
s4,normal,aaaaafdh_s004_t001.npy,aaaaafdh
s4,normal,aaaaaflq_s003_t000.npy,aaaaaflq
s4,normal,aaaaafyi_s005_t000.npy,aaaaafyi
s4,normal,aaaaagfv_s002_t000.npy,aaaaagfv
s4,normal,aaaaagmh_s002_t000.npy,aaaaagmh
s4,normal,aaaaagph_s002_t001.npy,aaaaagph
s4,normal,aaaaagzp_s002_t000.npy,aaaaagzp
s4,normal,aaaaahjk_s002_t001.npy,aaaaahjk
s4,normal,aaaaahxr_s002_t000.npy,aaaaahxr
s4,normal,aaaaaicb_s002_t000.npy,aaaaaicb
s4,normal,aaaaaiou_s002_t001.npy,aaaaaiou
s4,normal,aaaaairk_s002_t000.npy,aaaaairk
s4,normal,aaaaajcb_s002_t000.npy,aaaaajcb
s4,normal,aaaaajex_s003_t002.npy,aaaaajex
s4,normal,aaaaajfo_s002_t000.npy,aaaaajfo
s4,normal,aaaaajgj_s003_t000.npy,aaaaajgj
s4,normal,aaaaajnt_s001_t001.npy,aaaaajnt
s4,normal,aaaaajod_s001_t001.npy,aaaaajod
s4,normal,aaaaajof_s001_t000.npy,aaaaajof
s4,normal,aaaaajov_s001_t001.npy,aaaaajov
s4,normal,aaaaajql_s001_t000.npy,aaaaajql
s4,normal,aaaaajqx_s001_t000.npy,aaaaajqx
s4,normal,aaaaajrb_s001_t000.npy,aaaaajrb
s4,normal,aaaaajrj_s002_t000.npy,aaaaajrj
s4,normal,aaaaajti_s001_t000.npy,aaaaajti
s4,normal,aaaaajtv_s001_t001.npy,aaaaajtv
s4,normal,aaaaajud_s007_t000.npy,aaaaajud
s4,normal,aaaaajvc_s001_t000.npy,aaaaajvc
s4,normal,aaaaajvd_s001_t001.npy,aaaaajvd
s4,normal,aaaaajvp_s001_t000.npy,aaaaajvp
s4,normal,aaaaajwi_s001_t000.npy,aaaaajwi
s4,normal,aaaaajyb_s001_t000.npy,aaaaajyb
s4,normal,aaaaajzb_s001_t001.npy,aaaaajzb
s4,normal,aaaaakab_s001_t002.npy,aaaaakab
s4,normal,aaaaakag_s001_t000.npy,aaaaakag
s4,normal,aaaaakan_s006_t000.npy,aaaaakan
s4,normal,aaaaakba_s001_t000.npy,aaaaakba
s4,normal,aaaaakbc_s003_t000.npy,aaaaakbc
s4,normal,aaaaakbi_s002_t000.npy,aaaaakbi
s4,normal,aaaaakbp_s001_t001.npy,aaaaakbp
s4,normal,aaaaakbq_s002_t000.npy,aaaaakbq
s4,normal,aaaaakcg_s001_t001.npy,aaaaakcg
s4,normal,aaaaakco_s001_t001.npy,aaaaakco
s4,normal,aaaaakdc_s001_t000.npy,aaaaakdc
s4,normal,aaaaakdq_s001_t000.npy,aaaaakdq
s4,normal,aaaaakgq_s001_t000.npy,aaaaakgq
s4,normal,aaaaakhq_s001_t000.npy,aaaaakhq
s4,normal,aaaaakid_s002_t000.npy,aaaaakid
s4,normal,aaaaakiz_s001_t000.npy,aaaaakiz
s4,normal,aaaaakji_s001_t002.npy,aaaaakji
s4,normal,aaaaakku_s001_t000.npy,aaaaakku
s4,normal,aaaaaklc_s002_t001.npy,aaaaaklc
s4,normal,aaaaakle_s001_t001.npy,aaaaakle
s4,normal,aaaaaklg_s001_t000.npy,aaaaaklg
s4,normal,aaaaakme_s003_t001.npy,aaaaakme
s4,normal,aaaaaknr_s001_t001.npy,aaaaaknr
s4,normal,aaaaaknv_s001_t000.npy,aaaaaknv
s4,normal,aaaaakpn_s001_t000.npy,aaaaakpn
s4,normal,aaaaaktv_s001_t000.npy,aaaaaktv
s4,normal,aaaaakun_s001_t000.npy,aaaaakun
s4,normal,aaaaakuz_s003_t001.npy,aaaaakuz
s4,normal,aaaaakvl_s001_t000.npy,aaaaakvl
s4,normal,aaaaakvr_s001_t000.npy,aaaaakvr
s4,normal,aaaaakvu_s001_t000.npy,aaaaakvu
s4,normal,aaaaakvw_s001_t001.npy,aaaaakvw
s4,normal,aaaaakwd_s001_t000.npy,aaaaakwd
s4,normal,aaaaakwy_s001_t000.npy,aaaaakwy
s4,normal,aaaaakyn_s002_t000.npy,aaaaakyn
s4,normal,aaaaakzz_s001_t001.npy,aaaaakzz
s4,normal,aaaaalaz_s001_t000.npy,aaaaalaz
s4,normal,aaaaalbs_s001_t000.npy,aaaaalbs
s4,normal,aaaaalby_s003_t000.npy,aaaaalby
s4,normal,aaaaalcg_s001_t000.npy,aaaaalcg
s4,normal,aaaaalcs_s001_t001.npy,aaaaalcs
s4,normal,aaaaalcw_s001_t000.npy,aaaaalcw
s4,normal,aaaaalde_s002_t001.npy,aaaaalde
s4,normal,aaaaalfu_s001_t000.npy,aaaaalfu
s4,normal,aaaaalgc_s001_t000.npy,aaaaalgc
s4,normal,aaaaalhi_s002_t000.npy,aaaaalhi
s4,normal,aaaaalhj_s001_t000.npy,aaaaalhj
s4,normal,aaaaalhq_s001_t001.npy,aaaaalhq
s4,normal,aaaaalic_s001_t000.npy,aaaaalic
s4,normal,aaaaalip_s001_t000.npy,aaaaalip
s4,normal,aaaaalix_s001_t000.npy,aaaaalix
s4,normal,aaaaalkm_s001_t000.npy,aaaaalkm
s4,normal,aaaaalla_s001_t001.npy,aaaaalla
s4,normal,aaaaallr_s001_t000.npy,aaaaallr
s4,normal,aaaaally_s001_t000.npy,aaaaally
s4,normal,aaaaalnu_s001_t000.npy,aaaaalnu
s4,normal,aaaaalov_s001_t001.npy,aaaaalov
s4,normal,aaaaalpe_s002_t000.npy,aaaaalpe
s4,normal,aaaaalqy_s001_t000.npy,aaaaalqy
s4,normal,aaaaalrt_s001_t000.npy,aaaaalrt
s4,normal,aaaaalrz_s001_t000.npy,aaaaalrz
s4,normal,aaaaalsr_s002_t000.npy,aaaaalsr
s4,normal,aaaaalux_s001_t000.npy,aaaaalux
s4,normal,aaaaalvl_s002_t000.npy,aaaaalvl
s4,normal,aaaaalww_s001_t000.npy,aaaaalww
s4,normal,aaaaalxr_s001_t000.npy,aaaaalxr
s4,normal,aaaaalzb_s001_t001.npy,aaaaalzb
s4,normal,aaaaalzg_s003_t001.npy,aaaaalzg
s4,normal,aaaaamcl_s001_t000.npy,aaaaamcl
s4,normal,aaaaamco_s001_t000.npy,aaaaamco
s4,normal,aaaaamdh_s003_t001.npy,aaaaamdh
s4,normal,aaaaamdj_s001_t000.npy,aaaaamdj
s4,normal,aaaaamdw_s001_t001.npy,aaaaamdw
s4,normal,aaaaameb_s001_t000.npy,aaaaameb
s4,normal,aaaaamee_s001_t000.npy,aaaaamee
s4,normal,aaaaameg_s001_t000.npy,aaaaameg
s4,normal,aaaaamew_s001_t000.npy,aaaaamew
s4,normal,aaaaamfy_s001_t000.npy,aaaaamfy
s4,normal,aaaaamgm_s001_t000.npy,aaaaamgm
s4,normal,aaaaamgx_s001_t000.npy,aaaaamgx
s4,normal,aaaaamhl_s002_t000.npy,aaaaamhl
s4,normal,aaaaamhp_s001_t000.npy,aaaaamhp
s4,normal,aaaaamhw_s001_t000.npy,aaaaamhw
s4,normal,aaaaamhx_s001_t001.npy,aaaaamhx
s4,normal,aaaaamin_s002_t000.npy,aaaaamin
s4,normal,aaaaamir_s001_t000.npy,aaaaamir
s4,normal,aaaaamjs_s001_t000.npy,aaaaamjs
s4,normal,aaaaamkd_s001_t000.npy,aaaaamkd
s4,normal,aaaaamld_s001_t000.npy,aaaaamld
s4,normal,aaaaamlm_s001_t000.npy,aaaaamlm
s4,normal,aaaaammm_s001_t001.npy,aaaaammm
s4,normal,aaaaammn_s001_t000.npy,aaaaammn
s4,normal,aaaaamnx_s001_t000.npy,aaaaamnx
s4,normal,aaaaamob_s003_t001.npy,aaaaamob
s4,normal,aaaaamoo_s001_t000.npy,aaaaamoo
s4,normal,aaaaamot_s001_t001.npy,aaaaamot
s4,normal,aaaaamqu_s001_t000.npy,aaaaamqu
s4,normal,aaaaamrm_s001_t000.npy,aaaaamrm
s4,normal,aaaaamsh_s001_t000.npy,aaaaamsh
s4,normal,aaaaamtn_s001_t000.npy,aaaaamtn
s4,normal,aaaaamtx_s001_t000.npy,aaaaamtx
s4,normal,aaaaamvj_s001_t000.npy,aaaaamvj
s4,normal,aaaaamvl_s001_t000.npy,aaaaamvl
s4,normal,aaaaamvo_s001_t000.npy,aaaaamvo
s4,normal,aaaaamwe_s001_t000.npy,aaaaamwe
s4,normal,aaaaamwi_s002_t000.npy,aaaaamwi
s4,normal,aaaaamwq_s002_t000.npy,aaaaamwq
s4,normal,aaaaamwx_s001_t000.npy,aaaaamwx
s4,normal,aaaaamxw_s001_t000.npy,aaaaamxw
s4,normal,aaaaamyc_s002_t000.npy,aaaaamyc
s4,normal,aaaaamzf_s001_t001.npy,aaaaamzf
s4,normal,aaaaamzs_s001_t000.npy,aaaaamzs
s4,normal,aaaaamzv_s001_t000.npy,aaaaamzv
s4,normal,aaaaanbg_s001_t000.npy,aaaaanbg
s4,normal,aaaaanbv_s001_t000.npy,aaaaanbv
s4,normal,aaaaancz_s001_t000.npy,aaaaancz
s4,normal,aaaaandp_s001_t000.npy,aaaaandp
s4,normal,aaaaanfk_s002_t000.npy,aaaaanfk
s4,normal,aaaaangg_s001_t001.npy,aaaaangg
s4,normal,aaaaangn_s001_t000.npy,aaaaangn
s4,normal,aaaaango_s001_t000.npy,aaaaango
s4,normal,aaaaanha_s001_t000.npy,aaaaanha
s4,normal,aaaaanhn_s001_t000.npy,aaaaanhn
s4,normal,aaaaanho_s001_t000.npy,aaaaanho
s4,normal,aaaaanjy_s001_t000.npy,aaaaanjy
s4,normal,aaaaankg_s001_t002.npy,aaaaankg
s4,normal,aaaaankh_s001_t000.npy,aaaaankh
s4,normal,aaaaankk_s001_t000.npy,aaaaankk
s4,normal,aaaaanln_s001_t000.npy,aaaaanln
s4,normal,aaaaanlw_s001_t000.npy,aaaaanlw
s4,normal,aaaaanlz_s002_t000.npy,aaaaanlz
s4,normal,aaaaanmi_s001_t000.npy,aaaaanmi
s4,normal,aaaaannt_s001_t000.npy,aaaaannt
s4,normal,aaaaanqb_s001_t000.npy,aaaaanqb
s4,normal,aaaaantg_s001_t000.npy,aaaaantg
s4,normal,aaaaantk_s001_t000.npy,aaaaantk
s4,normal,aaaaantl_s001_t001.npy,aaaaantl
s4,normal,aaaaantx_s001_t000.npy,aaaaantx
s4,normal,aaaaanuu_s002_t009.npy,aaaaanuu
s4,normal,aaaaanuy_s001_t000.npy,aaaaanuy
s4,normal,aaaaanvo_s001_t000.npy,aaaaanvo
s4,normal,aaaaanvx_s001_t000.npy,aaaaanvx
s4,normal,aaaaanxs_s001_t000.npy,aaaaanxs
s4,normal,aaaaanyc_s001_t000.npy,aaaaanyc
s4,normal,aaaaanye_s001_t000.npy,aaaaanye
s4,normal,aaaaaoba_s001_t000.npy,aaaaaoba
s4,normal,aaaaaoci_s001_t000.npy,aaaaaoci
s4,normal,aaaaaocl_s005_t004.npy,aaaaaocl
s4,normal,aaaaaodf_s001_t000.npy,aaaaaodf
s4,normal,aaaaaodm_s002_t000.npy,aaaaaodm
s4,normal,aaaaaodr_s001_t000.npy,aaaaaodr
s4,normal,aaaaaodx_s002_t000.npy,aaaaaodx
s4,normal,aaaaaodz_s001_t000.npy,aaaaaodz
s4,normal,aaaaaoes_s001_t000.npy,aaaaaoes
s4,normal,aaaaaoet_s001_t000.npy,aaaaaoet
s4,normal,aaaaaoev_s003_t000.npy,aaaaaoev
s4,normal,aaaaaofp_s001_t001.npy,aaaaaofp
s4,normal,aaaaaohh_s002_t000.npy,aaaaaohh
s4,normal,aaaaaohk_s001_t001.npy,aaaaaohk
s4,normal,aaaaaoic_s001_t000.npy,aaaaaoic
s4,normal,aaaaaoio_s001_t000.npy,aaaaaoio
s4,normal,aaaaaojt_s001_t000.npy,aaaaaojt
s4,normal,aaaaaojz_s001_t000.npy,aaaaaojz
s4,normal,aaaaaokc_s001_t000.npy,aaaaaokc
s4,normal,aaaaaokn_s001_t000.npy,aaaaaokn
s4,normal,aaaaaolv_s002_t000.npy,aaaaaolv
s4,normal,aaaaaolx_s001_t000.npy,aaaaaolx
s4,normal,aaaaaomj_s001_t000.npy,aaaaaomj
s4,normal,aaaaaona_s001_t000.npy,aaaaaona
s4,normal,aaaaaone_s001_t001.npy,aaaaaone
s4,normal,aaaaaoni_s001_t001.npy,aaaaaoni
s4,normal,aaaaaoqe_s001_t000.npy,aaaaaoqe
s4,normal,aaaaaoqq_s001_t000.npy,aaaaaoqq
s4,normal,aaaaaoqu_s001_t000.npy,aaaaaoqu
s4,normal,aaaaaoqv_s002_t000.npy,aaaaaoqv
s4,normal,aaaaaore_s001_t000.npy,aaaaaore
s4,normal,aaaaaorn_s002_t000.npy,aaaaaorn
s4,normal,aaaaaorv_s001_t000.npy,aaaaaorv
s4,normal,aaaaaotl_s001_t000.npy,aaaaaotl
s4,normal,aaaaaotz_s001_t000.npy,aaaaaotz
s4,normal,aaaaaovj_s001_t000.npy,aaaaaovj
s4,normal,aaaaaovr_s001_t000.npy,aaaaaovr
s4,normal,aaaaaovy_s001_t000.npy,aaaaaovy
s4,normal,aaaaaoxx_s001_t001.npy,aaaaaoxx
s4,normal,aaaaaoyo_s001_t000.npy,aaaaaoyo
s4,normal,aaaaaoyy_s001_t000.npy,aaaaaoyy
s4,normal,aaaaaozg_s001_t000.npy,aaaaaozg
s4,normal,aaaaaozm_s001_t000.npy,aaaaaozm
s4,normal,aaaaapab_s001_t000.npy,aaaaapab
s4,normal,aaaaapah_s001_t000.npy,aaaaapah
s4,normal,aaaaapcg_s001_t000.npy,aaaaapcg
s4,normal,aaaaapcv_s001_t001.npy,aaaaapcv
s4,normal,aaaaapeo_s001_t000.npy,aaaaapeo
s4,normal,aaaaaper_s001_t000.npy,aaaaaper
s4,normal,aaaaapez_s001_t000.npy,aaaaapez
s4,normal,aaaaapfe_s001_t000.npy,aaaaapfe
s4,normal,aaaaapfz_s001_t000.npy,aaaaapfz
s4,normal,aaaaaphv_s001_t000.npy,aaaaaphv
s4,normal,aaaaapik_s001_t001.npy,aaaaapik
s4,normal,aaaaapim_s001_t000.npy,aaaaapim
s4,normal,aaaaapix_s001_t000.npy,aaaaapix
s4,normal,aaaaapju_s001_t000.npy,aaaaapju
s4,normal,aaaaapkm_s001_t000.npy,aaaaapkm
s4,normal,aaaaapku_s001_t000.npy,aaaaapku
s4,normal,aaaaapky_s001_t000.npy,aaaaapky
s4,normal,aaaaapll_s001_t000.npy,aaaaapll
s4,normal,aaaaaplw_s001_t000.npy,aaaaaplw
s4,normal,aaaaapmh_s001_t001.npy,aaaaapmh
s4,normal,aaaaapob_s001_t002.npy,aaaaapob
s4,normal,aaaaapoi_s001_t000.npy,aaaaapoi
s4,normal,aaaaapoz_s001_t002.npy,aaaaapoz
s4,normal,aaaaapph_s001_t001.npy,aaaaapph
s4,normal,aaaaappu_s001_t001.npy,aaaaappu
s4,normal,aaaaapql_s001_t000.npy,aaaaapql
s4,normal,aaaaapqu_s001_t000.npy,aaaaapqu
s4,normal,aaaaapqz_s001_t000.npy,aaaaapqz
s4,normal,aaaaapsf_s001_t001.npy,aaaaapsf
s4,normal,aaaaapsx_s001_t000.npy,aaaaapsx
s4,normal,aaaaaptb_s001_t001.npy,aaaaaptb
s4,normal,aaaaaptv_s001_t001.npy,aaaaaptv
s4,normal,aaaaaptz_s001_t001.npy,aaaaaptz
s4,normal,aaaaapus_s001_t000.npy,aaaaapus
s4,normal,aaaaapvl_s001_t000.npy,aaaaapvl
s4,normal,aaaaapxy_s001_t001.npy,aaaaapxy
s4,normal,aaaaapyi_s001_t000.npy,aaaaapyi
s4,normal,aaaaapzu_s001_t000.npy,aaaaapzu
s4,normal,aaaaaqax_s001_t000.npy,aaaaaqax
s4,abnormal,aaaaaacq_s010_t000.npy,aaaaaacq
s4,abnormal,aaaaaafg_s002_t000.npy,aaaaaafg
s4,abnormal,aaaaaafs_s003_t000.npy,aaaaaafs
s4,abnormal,aaaaaaju_s007_t000.npy,aaaaaaju
s4,abnormal,aaaaaald_s005_t000.npy,aaaaaald
s4,abnormal,aaaaaamc_s006_t001.npy,aaaaaamc
s4,abnormal,aaaaaanr_s004_t000.npy,aaaaaanr
s4,abnormal,aaaaaarq_s007_t000.npy,aaaaaarq
s4,abnormal,aaaaaaru_s004_t001.npy,aaaaaaru
s4,abnormal,aaaaaasn_s002_t000.npy,aaaaaasn
s4,abnormal,aaaaaath_s004_t000.npy,aaaaaath
s4,abnormal,aaaaaauj_s004_t000.npy,aaaaaauj
s4,abnormal,aaaaaaxa_s006_t001.npy,aaaaaaxa
s4,abnormal,aaaaabhz_s007_t001.npy,aaaaabhz
s4,abnormal,aaaaabii_s002_t000.npy,aaaaabii
s4,abnormal,aaaaabiw_s014_t000.npy,aaaaabiw
s4,abnormal,aaaaabrc_s005_t000.npy,aaaaabrc
s4,abnormal,aaaaabue_s005_t000.npy,aaaaabue
s4,abnormal,aaaaabzu_s003_t000.npy,aaaaabzu
s4,abnormal,aaaaaceh_s004_t000.npy,aaaaaceh
s4,abnormal,aaaaacej_s004_t001.npy,aaaaacej
s4,abnormal,aaaaacfa_s003_t000.npy,aaaaacfa
s4,abnormal,aaaaacjw_s002_t000.npy,aaaaacjw
s4,abnormal,aaaaacqn_s002_t004.npy,aaaaacqn
s4,abnormal,aaaaacrz_s003_t004.npy,aaaaacrz
s4,abnormal,aaaaadir_s003_t000.npy,aaaaadir
s4,abnormal,aaaaadji_s005_t001.npy,aaaaadji
s4,abnormal,aaaaadli_s005_t000.npy,aaaaadli
s4,abnormal,aaaaadom_s005_t000.npy,aaaaadom
s4,abnormal,aaaaadus_s002_t001.npy,aaaaadus
s4,abnormal,aaaaaeap_s003_t001.npy,aaaaaeap
s4,abnormal,aaaaaebk_s017_t000.npy,aaaaaebk
s4,abnormal,aaaaaebx_s004_t000.npy,aaaaaebx
s4,abnormal,aaaaaedq_s007_t000.npy,aaaaaedq
s4,abnormal,aaaaaefp_s002_t001.npy,aaaaaefp
s4,abnormal,aaaaaeyq_s003_t000.npy,aaaaaeyq
s4,abnormal,aaaaaezj_s003_t000.npy,aaaaaezj
s4,abnormal,aaaaafkd_s003_t000.npy,aaaaafkd
s4,abnormal,aaaaafpj_s003_t000.npy,aaaaafpj
s4,abnormal,aaaaaftk_s007_t000.npy,aaaaaftk
s4,abnormal,aaaaaggf_s003_t000.npy,aaaaaggf
s4,abnormal,aaaaagjc_s005_t001.npy,aaaaagjc
s4,abnormal,aaaaagmy_s003_t000.npy,aaaaagmy
s4,abnormal,aaaaagpk_s006_t001.npy,aaaaagpk
s4,abnormal,aaaaahmd_s002_t000.npy,aaaaahmd
s4,abnormal,aaaaahql_s002_t000.npy,aaaaahql
s4,abnormal,aaaaahrs_s002_t001.npy,aaaaahrs
s4,abnormal,aaaaahuc_s006_t001.npy,aaaaahuc
s4,abnormal,aaaaahun_s014_t000.npy,aaaaahun
s4,abnormal,aaaaahvc_s002_t000.npy,aaaaahvc
s4,abnormal,aaaaahyq_s002_t000.npy,aaaaahyq
s4,abnormal,aaaaahzo_s002_t001.npy,aaaaahzo
s4,abnormal,aaaaaiat_s005_t003.npy,aaaaaiat
s4,abnormal,aaaaaibl_s003_t000.npy,aaaaaibl
s4,abnormal,aaaaaifo_s003_t001.npy,aaaaaifo
s4,abnormal,aaaaaifp_s004_t000.npy,aaaaaifp
s4,abnormal,aaaaaiia_s004_t000.npy,aaaaaiia
s4,abnormal,aaaaaikw_s002_t001.npy,aaaaaikw
s4,abnormal,aaaaaisv_s002_t001.npy,aaaaaisv
s4,abnormal,aaaaaiua_s002_t000.npy,aaaaaiua
s4,abnormal,aaaaaiud_s002_t001.npy,aaaaaiud
s4,abnormal,aaaaaivl_s002_t001.npy,aaaaaivl
s4,abnormal,aaaaaiwo_s002_t000.npy,aaaaaiwo
s4,abnormal,aaaaaiyt_s002_t000.npy,aaaaaiyt
s4,abnormal,aaaaaizb_s005_t000.npy,aaaaaizb
s4,abnormal,aaaaaizl_s003_t000.npy,aaaaaizl
s4,abnormal,aaaaajat_s017_t000.npy,aaaaajat
s4,abnormal,aaaaajdj_s002_t000.npy,aaaaajdj
s4,abnormal,aaaaajdn_s002_t000.npy,aaaaajdn
s4,abnormal,aaaaajee_s004_t000.npy,aaaaajee
s4,abnormal,aaaaajez_s001_t001.npy,aaaaajez
s4,abnormal,aaaaajfq_s002_t001.npy,aaaaajfq
s4,abnormal,aaaaajfw_s002_t000.npy,aaaaajfw
s4,abnormal,aaaaajgb_s003_t000.npy,aaaaajgb
s4,abnormal,aaaaajhh_s003_t001.npy,aaaaajhh
s4,abnormal,aaaaajnv_s001_t000.npy,aaaaajnv
s4,abnormal,aaaaajox_s001_t001.npy,aaaaajox
s4,abnormal,aaaaajoz_s001_t000.npy,aaaaajoz
s4,abnormal,aaaaajpc_s001_t000.npy,aaaaajpc
s4,abnormal,aaaaajpf_s002_t001.npy,aaaaajpf
s4,abnormal,aaaaajqf_s006_t000.npy,aaaaajqf
s4,abnormal,aaaaajqo_s031_t001.npy,aaaaajqo
s4,abnormal,aaaaajru_s014_t000.npy,aaaaajru
s4,abnormal,aaaaajte_s001_t003.npy,aaaaajte
s4,abnormal,aaaaajtl_s001_t000.npy,aaaaajtl
s4,abnormal,aaaaajtx_s002_t001.npy,aaaaajtx
s4,abnormal,aaaaajvt_s001_t000.npy,aaaaajvt
s4,abnormal,aaaaajww_s002_t000.npy,aaaaajww
s4,abnormal,aaaaajxh_s001_t000.npy,aaaaajxh
s4,abnormal,aaaaajye_s001_t001.npy,aaaaajye
s4,abnormal,aaaaajyp_s007_t001.npy,aaaaajyp
s4,abnormal,aaaaajzx_s001_t000.npy,aaaaajzx
s4,abnormal,aaaaakac_s001_t000.npy,aaaaakac
s4,abnormal,aaaaakaz_s002_t000.npy,aaaaakaz
s4,abnormal,aaaaakbz_s005_t000.npy,aaaaakbz
s4,abnormal,aaaaakcf_s003_t000.npy,aaaaakcf
s4,abnormal,aaaaakem_s001_t000.npy,aaaaakem
s4,abnormal,aaaaaker_s002_t001.npy,aaaaaker
s4,abnormal,aaaaakfo_s004_t000.npy,aaaaakfo
s4,abnormal,aaaaakis_s001_t001.npy,aaaaakis
s4,abnormal,aaaaakiu_s001_t001.npy,aaaaakiu
s4,abnormal,aaaaakjj_s001_t001.npy,aaaaakjj
s4,abnormal,aaaaakjn_s002_t000.npy,aaaaakjn
s4,abnormal,aaaaakjw_s002_t000.npy,aaaaakjw
s4,abnormal,aaaaaklt_s002_t000.npy,aaaaaklt
s4,abnormal,aaaaakmp_s001_t001.npy,aaaaakmp
s4,abnormal,aaaaakoq_s005_t000.npy,aaaaakoq
s4,abnormal,aaaaakpo_s001_t000.npy,aaaaakpo
s4,abnormal,aaaaakqo_s004_t000.npy,aaaaakqo
s4,abnormal,aaaaakqt_s004_t000.npy,aaaaakqt
s4,abnormal,aaaaakqu_s003_t000.npy,aaaaakqu
s4,abnormal,aaaaakrm_s003_t001.npy,aaaaakrm
s4,abnormal,aaaaakrx_s001_t000.npy,aaaaakrx
s4,abnormal,aaaaaksw_s003_t000.npy,aaaaaksw
s4,abnormal,aaaaakte_s002_t000.npy,aaaaakte
s4,abnormal,aaaaaktk_s006_t000.npy,aaaaaktk
s4,abnormal,aaaaakui_s002_t000.npy,aaaaakui
s4,abnormal,aaaaakxq_s003_t000.npy,aaaaakxq
s4,abnormal,aaaaakxw_s001_t001.npy,aaaaakxw
s4,abnormal,aaaaakyz_s001_t001.npy,aaaaakyz
s4,abnormal,aaaaalcc_s001_t001.npy,aaaaalcc
s4,abnormal,aaaaalcl_s001_t001.npy,aaaaalcl
s4,abnormal,aaaaalcq_s001_t000.npy,aaaaalcq
s4,abnormal,aaaaalfs_s004_t000.npy,aaaaalfs
s4,abnormal,aaaaalhy_s001_t001.npy,aaaaalhy
s4,abnormal,aaaaalkw_s001_t000.npy,aaaaalkw
s4,abnormal,aaaaallt_s002_t002.npy,aaaaallt
s4,abnormal,aaaaallw_s004_t000.npy,aaaaallw
s4,abnormal,aaaaaloy_s002_t000.npy,aaaaaloy
s4,abnormal,aaaaalqe_s004_t000.npy,aaaaalqe
s4,abnormal,aaaaalqq_s003_t000.npy,aaaaalqq
s4,abnormal,aaaaaluy_s001_t001.npy,aaaaaluy
s4,abnormal,aaaaalve_s001_t000.npy,aaaaalve
s4,abnormal,aaaaalvi_s001_t000.npy,aaaaalvi
s4,abnormal,aaaaalwk_s005_t001.npy,aaaaalwk
s4,abnormal,aaaaalxb_s002_t000.npy,aaaaalxb
s4,abnormal,aaaaalym_s002_t000.npy,aaaaalym
s4,abnormal,aaaaalzq_s002_t000.npy,aaaaalzq
s4,abnormal,aaaaamad_s005_t003.npy,aaaaamad
s4,abnormal,aaaaambf_s003_t001.npy,aaaaambf
s4,abnormal,aaaaambn_s002_t000.npy,aaaaambn
s4,abnormal,aaaaambr_s003_t005.npy,aaaaambr
s4,abnormal,aaaaamcn_s001_t000.npy,aaaaamcn
s4,abnormal,aaaaamcp_s004_t000.npy,aaaaamcp
s4,abnormal,aaaaamcs_s001_t000.npy,aaaaamcs
s4,abnormal,aaaaamcw_s001_t000.npy,aaaaamcw
s4,abnormal,aaaaamcy_s001_t000.npy,aaaaamcy
s4,abnormal,aaaaamde_s004_t000.npy,aaaaamde
s4,abnormal,aaaaameu_s001_t001.npy,aaaaameu
s4,abnormal,aaaaamff_s001_t001.npy,aaaaamff
s4,abnormal,aaaaamfx_s003_t000.npy,aaaaamfx
s4,abnormal,aaaaamgc_s001_t001.npy,aaaaamgc
s4,abnormal,aaaaamge_s001_t001.npy,aaaaamge
s4,abnormal,aaaaamhb_s006_t001.npy,aaaaamhb
s4,abnormal,aaaaamhm_s001_t000.npy,aaaaamhm
s4,abnormal,aaaaamjx_s002_t001.npy,aaaaamjx
s4,abnormal,aaaaamke_s001_t000.npy,aaaaamke
s4,abnormal,aaaaamkt_s001_t000.npy,aaaaamkt
s4,abnormal,aaaaamlk_s001_t001.npy,aaaaamlk
s4,abnormal,aaaaamlt_s003_t001.npy,aaaaamlt
s4,abnormal,aaaaammt_s001_t001.npy,aaaaammt
s4,abnormal,aaaaammw_s001_t000.npy,aaaaammw
s4,abnormal,aaaaamnd_s001_t000.npy,aaaaamnd
s4,abnormal,aaaaamnm_s001_t001.npy,aaaaamnm
s4,abnormal,aaaaampk_s008_t000.npy,aaaaampk
s4,abnormal,aaaaampo_s001_t000.npy,aaaaampo
s4,abnormal,aaaaampq_s003_t001.npy,aaaaampq
s4,abnormal,aaaaamqi_s002_t000.npy,aaaaamqi
s4,abnormal,aaaaamqo_s001_t000.npy,aaaaamqo
s4,abnormal,aaaaamqq_s007_t000.npy,aaaaamqq
s4,abnormal,aaaaamqy_s002_t000.npy,aaaaamqy
s4,abnormal,aaaaamrp_s002_t000.npy,aaaaamrp
s4,abnormal,aaaaamug_s002_t000.npy,aaaaamug
s4,abnormal,aaaaamuh_s001_t000.npy,aaaaamuh
s4,abnormal,aaaaamuy_s002_t000.npy,aaaaamuy
s4,abnormal,aaaaamwm_s001_t000.npy,aaaaamwm
s4,abnormal,aaaaamxs_s001_t000.npy,aaaaamxs
s4,abnormal,aaaaamyn_s001_t001.npy,aaaaamyn
s4,abnormal,aaaaanac_s003_t000.npy,aaaaanac
s4,abnormal,aaaaanbb_s001_t000.npy,aaaaanbb
s4,abnormal,aaaaanbe_s001_t001.npy,aaaaanbe
s4,abnormal,aaaaanbj_s002_t000.npy,aaaaanbj
s4,abnormal,aaaaanca_s001_t000.npy,aaaaanca
s4,abnormal,aaaaando_s001_t001.npy,aaaaando
s4,abnormal,aaaaaneh_s001_t000.npy,aaaaaneh
s4,abnormal,aaaaanhd_s001_t000.npy,aaaaanhd
s4,abnormal,aaaaanie_s004_t001.npy,aaaaanie
s4,abnormal,aaaaanig_s001_t000.npy,aaaaanig
s4,abnormal,aaaaanih_s001_t000.npy,aaaaanih
s4,abnormal,aaaaanjj_s002_t000.npy,aaaaanjj
s4,abnormal,aaaaanjn_s001_t000.npy,aaaaanjn
s4,abnormal,aaaaanjz_s001_t000.npy,aaaaanjz
s4,abnormal,aaaaanne_s001_t002.npy,aaaaanne
s4,abnormal,aaaaannu_s002_t001.npy,aaaaannu
s4,abnormal,aaaaanny_s002_t000.npy,aaaaanny
s4,abnormal,aaaaanog_s007_t000.npy,aaaaanog
s4,abnormal,aaaaanol_s001_t000.npy,aaaaanol
s4,abnormal,aaaaanpk_s001_t000.npy,aaaaanpk
s4,abnormal,aaaaanpl_s001_t000.npy,aaaaanpl
s4,abnormal,aaaaanqj_s002_t000.npy,aaaaanqj
s4,abnormal,aaaaanre_s001_t000.npy,aaaaanre
s4,abnormal,aaaaansd_s001_t000.npy,aaaaansd
s4,abnormal,aaaaansr_s001_t000.npy,aaaaansr
s4,abnormal,aaaaanuh_s001_t000.npy,aaaaanuh
s4,abnormal,aaaaanuk_s001_t000.npy,aaaaanuk
s4,abnormal,aaaaanxi_s005_t000.npy,aaaaanxi
s4,abnormal,aaaaanys_s004_t001.npy,aaaaanys
s4,abnormal,aaaaanzc_s001_t000.npy,aaaaanzc
s4,abnormal,aaaaaoak_s002_t000.npy,aaaaaoak
s4,abnormal,aaaaaoas_s002_t000.npy,aaaaaoas
s4,abnormal,aaaaaobb_s001_t000.npy,aaaaaobb
s4,abnormal,aaaaaobx_s001_t004.npy,aaaaaobx
s4,abnormal,aaaaaocr_s001_t000.npy,aaaaaocr
s4,abnormal,aaaaaocy_s007_t000.npy,aaaaaocy
s4,abnormal,aaaaaodo_s001_t001.npy,aaaaaodo
s4,abnormal,aaaaaoek_s011_t008.npy,aaaaaoek
s4,abnormal,aaaaaoew_s004_t000.npy,aaaaaoew
s4,abnormal,aaaaaofu_s004_t000.npy,aaaaaofu
s4,abnormal,aaaaaofv_s001_t000.npy,aaaaaofv
s4,abnormal,aaaaaogc_s001_t000.npy,aaaaaogc
s4,abnormal,aaaaaogd_s010_t000.npy,aaaaaogd
s4,abnormal,aaaaaogo_s001_t000.npy,aaaaaogo
s4,abnormal,aaaaaogp_s001_t000.npy,aaaaaogp
s4,abnormal,aaaaaoiz_s003_t009.npy,aaaaaoiz
s4,abnormal,aaaaaojj_s002_t000.npy,aaaaaojj
s4,abnormal,aaaaaojm_s001_t000.npy,aaaaaojm
s4,abnormal,aaaaaojw_s001_t000.npy,aaaaaojw
s4,abnormal,aaaaaokb_s002_t000.npy,aaaaaokb
s4,abnormal,aaaaaolc_s001_t000.npy,aaaaaolc
s4,abnormal,aaaaaonj_s001_t000.npy,aaaaaonj
s4,abnormal,aaaaaonl_s010_t000.npy,aaaaaonl
s4,abnormal,aaaaaonx_s001_t000.npy,aaaaaonx
s4,abnormal,aaaaaool_s004_t001.npy,aaaaaool
s4,abnormal,aaaaaopv_s001_t000.npy,aaaaaopv
s4,abnormal,aaaaaoro_s002_t000.npy,aaaaaoro
s4,abnormal,aaaaaoru_s002_t000.npy,aaaaaoru
s4,abnormal,aaaaaorz_s001_t002.npy,aaaaaorz
s4,abnormal,aaaaaosd_s005_t000.npy,aaaaaosd
s4,abnormal,aaaaaots_s001_t001.npy,aaaaaots
s4,abnormal,aaaaaott_s001_t001.npy,aaaaaott
s4,abnormal,aaaaaouj_s001_t001.npy,aaaaaouj
s4,abnormal,aaaaaouk_s003_t001.npy,aaaaaouk
s4,abnormal,aaaaaovz_s001_t000.npy,aaaaaovz
s4,abnormal,aaaaaowo_s002_t000.npy,aaaaaowo
s4,abnormal,aaaaaowq_s007_t000.npy,aaaaaowq
s4,abnormal,aaaaaowz_s001_t000.npy,aaaaaowz
s4,abnormal,aaaaaoxa_s006_t003.npy,aaaaaoxa
s4,abnormal,aaaaaoze_s001_t002.npy,aaaaaoze
s4,abnormal,aaaaaozu_s001_t001.npy,aaaaaozu
s4,abnormal,aaaaapaw_s002_t004.npy,aaaaapaw
s4,abnormal,aaaaapek_s001_t000.npy,aaaaapek
s4,abnormal,aaaaapgh_s001_t000.npy,aaaaapgh
s4,abnormal,aaaaapgt_s007_t001.npy,aaaaapgt
s4,abnormal,aaaaaphn_s001_t000.npy,aaaaaphn
s4,abnormal,aaaaapib_s001_t001.npy,aaaaapib
s4,abnormal,aaaaapid_s001_t000.npy,aaaaapid
s4,abnormal,aaaaapks_s008_t000.npy,aaaaapks
s4,abnormal,aaaaapls_s001_t000.npy,aaaaapls
s4,abnormal,aaaaapma_s001_t000.npy,aaaaapma
s4,abnormal,aaaaapnl_s003_t000.npy,aaaaapnl
s4,abnormal,aaaaappi_s001_t000.npy,aaaaappi
s4,abnormal,aaaaapre_s001_t002.npy,aaaaapre
s4,abnormal,aaaaapsj_s001_t002.npy,aaaaapsj
s4,abnormal,aaaaapsm_s001_t000.npy,aaaaapsm
s4,abnormal,aaaaaptf_s002_t000.npy,aaaaaptf
s4,abnormal,aaaaaptm_s001_t001.npy,aaaaaptm
s4,abnormal,aaaaaptx_s001_t001.npy,aaaaaptx
s4,abnormal,aaaaapuw_s001_t000.npy,aaaaapuw
s4,abnormal,aaaaapvx_s001_t000.npy,aaaaapvx
s4,abnormal,aaaaapyd_s001_t000.npy,aaaaapyd
